R_m,tau_ms,u_m_s,pointing_urad,muzzle_frac,lidar_bw,sigma_range_m,tof_s,t_go_s,sigma_pos_m,sigma_pos_snr10_m,sigma_v_m_s,a_rel_m_s2,term_vel_extrap_m,term_rel_accel_m,term_pointing_m,term_muzzle_m,term_range_m,d_miss_M1_v4_m,d_miss_M2_coorbital_m,d_miss_M3_extrapolating_m,penalty_M3,penalty_M1,M_launch_M3_g,M_launch_M1_g,p_hit_plan_M1,p_hit_plan_M3
1,0.1,1,50,0.001,1 MHz (plan spec),33.5178,0.00161551,0.00171551,5.5e-06,5.5e-07,1.90526e-08,3.2428e-06,3.26848e-11,4.77173e-12,5e-05,1.61551e-06,0.0541483,0.0619,0.00011195,0.0541484,1468.15,1918.59,236.534,309.103,0.98682,0.989899
1,0.1,1,50,0.001,100 MHz,0.335178,0.00161551,0.00171551,5.5e-06,5.5e-07,1.90526e-08,3.2428e-06,3.26848e-11,4.77173e-12,5e-05,1.61551e-06,0.000541483,0.0619,0.00011195,0.000543817,0.148083,1918.59,0.0238577,309.103,0.98682,0.999999
1,0.1,1,50,0.001,1 GHz,0.0335178,0.00161551,0.00171551,5.5e-06,5.5e-07,1.90526e-08,3.2428e-06,3.26848e-11,4.77173e-12,5e-05,1.61551e-06,5.41483e-05,0.0619,0.00011195,7.3925e-05,0.00273642,1918.59,0.000440864,309.103,0.98682,1
1,0.1,1,50,0.01,1 MHz (plan spec),33.5178,0.00161551,0.00171551,5.5e-06,5.5e-07,1.90526e-08,3.2428e-06,3.26848e-11,4.77173e-12,5e-05,1.61551e-05,0.0541483,0.0619,0.000113098,0.0541484,1468.15,1918.59,236.534,309.103,0.98682,0.989899
1,0.1,1,50,0.01,100 MHz,0.335178,0.00161551,0.00171551,5.5e-06,5.5e-07,1.90526e-08,3.2428e-06,3.26848e-11,4.77173e-12,5e-05,1.61551e-05,0.000541483,0.0619,0.000113098,0.000544055,0.148213,1918.59,0.0238785,309.103,0.98682,0.999999
1,0.1,1,50,0.01,1 GHz,0.0335178,0.00161551,0.00171551,5.5e-06,5.5e-07,1.90526e-08,3.2428e-06,3.26848e-11,4.77173e-12,5e-05,1.61551e-05,5.41483e-05,0.0619,0.000113098,7.56524e-05,0.00286579,1918.59,0.000461708,309.103,0.98682,1
1,0.1,1,200,0.001,1 MHz (plan spec),33.5178,0.00161551,0.00171551,5.5e-06,5.5e-07,1.90526e-08,3.2428e-06,3.26848e-11,4.77173e-12,0.0002,1.61551e-06,0.0541483,0.0619,0.00022368,0.0541487,1468.17,1918.59,236.537,309.103,0.98682,0.989899
1,0.1,1,200,0.001,100 MHz,0.335178,0.00161551,0.00171551,5.5e-06,5.5e-07,1.90526e-08,3.2428e-06,3.26848e-11,4.77173e-12,0.0002,1.61551e-06,0.000541483,0.0619,0.00022368,0.000577267,0.16686,1918.59,0.0268829,309.103,0.98682,0.999999
1,0.1,1,200,0.001,1 GHz,0.0335178,0.00161551,0.00171551,5.5e-06,5.5e-07,1.90526e-08,3.2428e-06,3.26848e-11,4.77173e-12,0.0002,1.61551e-06,5.41483e-05,0.0619,0.00022368,0.00020728,0.0215136,1918.59,0.00346606,309.103,0.98682,1
1,0.1,1,200,0.01,1 MHz (plan spec),33.5178,0.00161551,0.00171551,5.5e-06,5.5e-07,1.90526e-08,3.2428e-06,3.26848e-11,4.77173e-12,0.0002,1.61551e-05,0.0541483,0.0619,0.000224257,0.0541487,1468.17,1918.59,236.537,309.103,0.98682,0.989899
1,0.1,1,200,0.01,100 MHz,0.335178,0.00161551,0.00171551,5.5e-06,5.5e-07,1.90526e-08,3.2428e-06,3.26848e-11,4.77173e-12,0.0002,1.61551e-05,0.000541483,0.0619,0.000224257,0.000577491,0.16699,1918.59,0.0269037,309.103,0.98682,0.999999
1,0.1,1,200,0.01,1 GHz,0.0335178,0.00161551,0.00171551,5.5e-06,5.5e-07,1.90526e-08,3.2428e-06,3.26848e-11,4.77173e-12,0.0002,1.61551e-05,5.41483e-05,0.0619,0.000224257,0.000207902,0.021643,1918.59,0.00348691,309.103,0.98682,1
1,0.1,1,1000,0.001,1 MHz (plan spec),33.5178,0.00161551,0.00171551,5.5e-06,5.5e-07,1.90526e-08,3.2428e-06,3.26848e-11,4.77173e-12,0.001,1.61551e-06,0.0541483,0.0619,0.001005,0.0541576,1468.65,1918.59,236.614,309.103,0.98682,0.989895
1,0.1,1,1000,0.001,100 MHz,0.335178,0.00161551,0.00171551,5.5e-06,5.5e-07,1.90526e-08,3.2428e-06,3.26848e-11,4.77173e-12,0.001,1.61551e-06,0.000541483,0.0619,0.001005,0.00113721,0.647557,1918.59,0.104328,309.103,0.98682,0.999996
1,0.1,1,1000,0.001,1 GHz,0.0335178,0.00161551,0.00171551,5.5e-06,5.5e-07,1.90526e-08,3.2428e-06,3.26848e-11,4.77173e-12,0.001,1.61551e-06,5.41483e-05,0.0619,0.001005,0.00100148,0.502211,1918.59,0.0809111,309.103,0.98682,0.999997
1,0.1,1,1000,0.01,1 MHz (plan spec),33.5178,0.00161551,0.00171551,5.5e-06,5.5e-07,1.90526e-08,3.2428e-06,3.26848e-11,4.77173e-12,0.001,1.61551e-05,0.0541483,0.0619,0.00100513,0.0541576,1468.65,1918.59,236.614,309.103,0.98682,0.989895
1,0.1,1,1000,0.01,100 MHz,0.335178,0.00161551,0.00171551,5.5e-06,5.5e-07,1.90526e-08,3.2428e-06,3.26848e-11,4.77173e-12,0.001,1.61551e-05,0.000541483,0.0619,0.00100513,0.00113732,0.647687,1918.59,0.104349,309.103,0.98682,0.999996
1,0.1,1,1000,0.01,1 GHz,0.0335178,0.00161551,0.00171551,5.5e-06,5.5e-07,1.90526e-08,3.2428e-06,3.26848e-11,4.77173e-12,0.001,1.61551e-05,5.41483e-05,0.0619,0.00100513,0.00100161,0.50234,1918.59,0.080932,309.103,0.98682,0.999997
1,0.1,10,50,0.001,1 MHz (plan spec),33.5178,0.00161551,0.00171551,5.5e-06,5.5e-07,1.90526e-08,3.2428e-06,3.26848e-11,4.77173e-12,5e-05,1.61551e-05,0.541483,0.0619,0.00100139,0.541483,146815,1918.59,23653.3,309.103,0.98682,0.362312
1,0.1,10,50,0.001,100 MHz,0.335178,0.00161551,0.00171551,5.5e-06,5.5e-07,1.90526e-08,3.2428e-06,3.26848e-11,4.77173e-12,5e-05,1.61551e-05,0.00541483,0.0619,0.00100139,0.00541509,14.6829,1918.59,2.36556,309.103,0.98682,0.999898
1,0.1,10,50,0.001,1 GHz,0.0335178,0.00161551,0.00171551,5.5e-06,5.5e-07,1.90526e-08,3.2428e-06,3.26848e-11,4.77173e-12,5e-05,1.61551e-05,0.000541483,0.0619,0.00100139,0.000544055,0.148213,1918.59,0.0238785,309.103,0.98682,0.999999
1,0.1,10,50,0.01,1 MHz (plan spec),33.5178,0.00161551,0.00171551,5.5e-06,5.5e-07,1.90526e-08,3.2428e-06,3.26848e-11,4.77173e-12,5e-05,0.000161551,0.541483,0.0619,0.00101421,0.541483,146815,1918.59,23653.4,309.103,0.98682,0.362312
1,0.1,10,50,0.01,100 MHz,0.335178,0.00161551,0.00171551,5.5e-06,5.5e-07,1.90526e-08,3.2428e-06,3.26848e-11,4.77173e-12,5e-05,0.000161551,0.00541483,0.0619,0.00101421,0.00541748,14.6958,1918.59,2.36764,309.103,0.98682,0.999898
1,0.1,10,50,0.01,1 GHz,0.0335178,0.00161551,0.00171551,5.5e-06,5.5e-07,1.90526e-08,3.2428e-06,3.26848e-11,4.77173e-12,5e-05,0.000161551,0.000541483,0.0619,0.00101421,0.000567303,0.16115,1918.59,0.0259629,309.103,0.98682,0.999999
1,0.1,10,200,0.001,1 MHz (plan spec),33.5178,0.00161551,0.00171551,5.5e-06,5.5e-07,1.90526e-08,3.2428e-06,3.26848e-11,4.77173e-12,0.0002,1.61551e-05,0.541483,0.0619,0.00101995,0.541483,146815,1918.59,23653.4,309.103,0.98682,0.362312
1,0.1,10,200,0.001,100 MHz,0.335178,0.00161551,0.00171551,5.5e-06,5.5e-07,1.90526e-08,3.2428e-06,3.26848e-11,4.77173e-12,0.0002,1.61551e-05,0.00541483,0.0619,0.00101995,0.00541855,14.7017,1918.59,2.36859,309.103,0.98682,0.999898
1,0.1,10,200,0.001,1 GHz,0.0335178,0.00161551,0.00171551,5.5e-06,5.5e-07,1.90526e-08,3.2428e-06,3.26848e-11,4.77173e-12,0.0002,1.61551e-05,0.000541483,0.0619,0.00101995,0.000577491,0.16699,1918.59,0.0269037,309.103,0.98682,0.999999
1,0.1,10,200,0.01,1 MHz (plan spec),33.5178,0.00161551,0.00171551,5.5e-06,5.5e-07,1.90526e-08,3.2428e-06,3.26848e-11,4.77173e-12,0.0002,0.000161551,0.541483,0.0619,0.00103254,0.541483,146815,1918.59,23653.4,309.103,0.98682,0.362312
1,0.1,10,200,0.01,100 MHz,0.335178,0.00161551,0.00171551,5.5e-06,5.5e-07,1.90526e-08,3.2428e-06,3.26848e-11,4.77173e-12,0.0002,0.000161551,0.00541483,0.0619,0.00103254,0.00542094,14.7146,1918.59,2.37067,309.103,0.98682,0.999898
1,0.1,10,200,0.01,1 GHz,0.0335178,0.00161551,0.00171551,5.5e-06,5.5e-07,1.90526e-08,3.2428e-06,3.26848e-11,4.77173e-12,0.0002,0.000161551,0.000541483,0.0619,0.00103254,0.000599444,0.179927,1918.59,0.0289881,309.103,0.98682,0.999999
1,0.1,10,1000,0.001,1 MHz (plan spec),33.5178,0.00161551,0.00171551,5.5e-06,5.5e-07,1.90526e-08,3.2428e-06,3.26848e-11,4.77173e-12,0.001,1.61551e-05,0.541483,0.0619,0.00141432,0.541484,146815,1918.59,23653.4,309.103,0.98682,0.362311
1,0.1,10,1000,0.001,100 MHz,0.335178,0.00161551,0.00171551,5.5e-06,5.5e-07,1.90526e-08,3.2428e-06,3.26848e-11,4.77173e-12,0.001,1.61551e-05,0.00541483,0.0619,0.00141432,0.00550642,15.1824,1918.59,2.44603,309.103,0.98682,0.999895
1,0.1,10,1000,0.001,1 GHz,0.0335178,0.00161551,0.00171551,5.5e-06,5.5e-07,1.90526e-08,3.2428e-06,3.26848e-11,4.77173e-12,0.001,1.61551e-05,0.000541483,0.0619,0.00141432,0.00113732,0.647687,1918.59,0.104349,309.103,0.98682,0.999996
1,0.1,10,1000,0.01,1 MHz (plan spec),33.5178,0.00161551,0.00171551,5.5e-06,5.5e-07,1.90526e-08,3.2428e-06,3.26848e-11,4.77173e-12,0.001,0.000161551,0.541483,0.0619,0.00142342,0.541484,146815,1918.59,23653.4,309.103,0.98682,0.362311
1,0.1,10,1000,0.01,100 MHz,0.335178,0.00161551,0.00171551,5.5e-06,5.5e-07,1.90526e-08,3.2428e-06,3.26848e-11,4.77173e-12,0.001,0.000161551,0.00541483,0.0619,0.00142342,0.00550877,15.1953,1918.59,2.44811,309.103,0.98682,0.999895
1,0.1,10,1000,0.01,1 GHz,0.0335178,0.00161551,0.00171551,5.5e-06,5.5e-07,1.90526e-08,3.2428e-06,3.26848e-11,4.77173e-12,0.001,0.000161551,0.000541483,0.0619,0.00142342,0.00114862,0.660624,1918.59,0.106433,309.103,0.98682,0.999995
1,0.1,50,50,0.001,1 MHz (plan spec),33.5178,0.00161551,0.00171551,5.5e-06,5.5e-07,1.90526e-08,3.2428e-06,3.26848e-11,4.77173e-12,5e-05,8.07754e-05,2.70742,0.0619,0.00500091,2.70742,3.67037e+06,1918.59,591334,309.103,0.98682,9.4856e-12
1,0.1,50,50,0.001,100 MHz,0.335178,0.00161551,0.00171551,5.5e-06,5.5e-07,1.90526e-08,3.2428e-06,3.26848e-11,4.77173e-12,5e-05,8.07754e-05,0.0270742,0.0619,0.00500091,0.0270743,367.042,1918.59,59.1341,309.103,0.98682,0.997465
1,0.1,50,50,0.001,1 GHz,0.0335178,0.00161551,0.00171551,5.5e-06,5.5e-07,1.90526e-08,3.2428e-06,3.26848e-11,4.77173e-12,5e-05,8.07754e-05,0.00270742,0.0619,0.00500091,0.00270909,3.67491,1918.59,0.592064,309.103,0.98682,0.999975
1,0.1,50,50,0.01,1 MHz (plan spec),33.5178,0.00161551,0.00171551,5.5e-06,5.5e-07,1.90526e-08,3.2428e-06,3.26848e-11,4.77173e-12,5e-05,0.000807754,2.70742,0.0619,0.00506508,2.70742,3.67037e+06,1918.59,591334,309.103,0.98682,9.48558e-12
1,0.1,50,50,0.01,100 MHz,0.335178,0.00161551,0.00171551,5.5e-06,5.5e-07,1.90526e-08,3.2428e-06,3.26848e-11,4.77173e-12,5e-05,0.000807754,0.0270742,0.0619,0.00506508,0.0270863,367.365,1918.59,59.1862,309.103,0.98682,0.997463
1,0.1,50,50,0.01,1 GHz,0.0335178,0.00161551,0.00171551,5.5e-06,5.5e-07,1.90526e-08,3.2428e-06,3.26848e-11,4.77173e-12,5e-05,0.000807754,0.00270742,0.0619,0.00506508,0.00282579,3.99835,1918.59,0.644174,309.103,0.98682,0.999972
1,0.1,50,200,0.001,1 MHz (plan spec),33.5178,0.00161551,0.00171551,5.5e-06,5.5e-07,1.90526e-08,3.2428e-06,3.26848e-11,4.77173e-12,0.0002,8.07754e-05,2.70742,0.0619,0.00500465,2.70742,3.67037e+06,1918.59,591334,309.103,0.98682,9.4856e-12
1,0.1,50,200,0.001,100 MHz,0.335178,0.00161551,0.00171551,5.5e-06,5.5e-07,1.90526e-08,3.2428e-06,3.26848e-11,4.77173e-12,0.0002,8.07754e-05,0.0270742,0.0619,0.00500465,0.027075,367.061,1918.59,59.1371,309.103,0.98682,0.997465
1,0.1,50,200,0.001,1 GHz,0.0335178,0.00161551,0.00171551,5.5e-06,5.5e-07,1.90526e-08,3.2428e-06,3.26848e-11,4.77173e-12,0.0002,8.07754e-05,0.00270742,0.0619,0.00500465,0.002716,3.69368,1918.59,0.595089,309.103,0.98682,0.999974
1,0.1,50,200,0.01,1 MHz (plan spec),33.5178,0.00161551,0.00171551,5.5e-06,5.5e-07,1.90526e-08,3.2428e-06,3.26848e-11,4.77173e-12,0.0002,0.000807754,2.70742,0.0619,0.00506878,2.70742,3.67037e+06,1918.59,591334,309.103,0.98682,9.48558e-12
1,0.1,50,200,0.01,100 MHz,0.335178,0.00161551,0.00171551,5.5e-06,5.5e-07,1.90526e-08,3.2428e-06,3.26848e-11,4.77173e-12,0.0002,0.000807754,0.0270742,0.0619,0.00506878,0.027087,367.384,1918.59,59.1892,309.103,0.98682,0.997463
1,0.1,50,200,0.01,1 GHz,0.0335178,0.00161551,0.00171551,5.5e-06,5.5e-07,1.90526e-08,3.2428e-06,3.26848e-11,4.77173e-12,0.0002,0.000807754,0.00270742,0.0619,0.00506878,0.00283242,4.01713,1918.59,0.647199,309.103,0.98682,0.999972
1,0.1,50,1000,0.001,1 MHz (plan spec),33.5178,0.00161551,0.00171551,5.5e-06,5.5e-07,1.90526e-08,3.2428e-06,3.26848e-11,4.77173e-12,0.001,8.07754e-05,2.70742,0.0619,0.00509966,2.70742,3.67037e+06,1918.59,591334,309.103,0.98682,9.48557e-12
1,0.1,50,1000,0.001,100 MHz,0.335178,0.00161551,0.00171551,5.5e-06,5.5e-07,1.90526e-08,3.2428e-06,3.26848e-11,4.77173e-12,0.001,8.07754e-05,0.0270742,0.0619,0.00509966,0.0270927,367.541,1918.59,59.2146,309.103,0.98682,0.997462
1,0.1,50,1000,0.001,1 GHz,0.0335178,0.00161551,0.00171551,5.5e-06,5.5e-07,1.90526e-08,3.2428e-06,3.26848e-11,4.77173e-12,0.001,8.07754e-05,0.00270742,0.0619,0.00509966,0.00288733,4.17438,1918.59,0.672534,309.103,0.98682,0.999971
1,0.1,50,1000,0.01,1 MHz (plan spec),33.5178,0.00161551,0.00171551,5.5e-06,5.5e-07,1.90526e-08,3.2428e-06,3.26848e-11,4.77173e-12,0.001,0.000807754,2.70742,0.0619,0.00516261,2.70742,3.67037e+06,1918.59,591334,309.103,0.98682,9.48555e-12
1,0.1,50,1000,0.01,100 MHz,0.335178,0.00161551,0.00171551,5.5e-06,5.5e-07,1.90526e-08,3.2428e-06,3.26848e-11,4.77173e-12,0.001,0.000807754,0.0270742,0.0619,0.00516261,0.0271047,367.865,1918.59,59.2667,309.103,0.98682,0.997459
1,0.1,50,1000,0.01,1 GHz,0.0335178,0.00161551,0.00171551,5.5e-06,5.5e-07,1.90526e-08,3.2428e-06,3.26848e-11,4.77173e-12,0.001,0.000807754,0.00270742,0.0619,0.00516261,0.0029971,4.49782,1918.59,0.724644,309.103,0.98682,0.999969
1,0.1,100,50,0.001,1 MHz (plan spec),33.5178,0.00161551,0.00171551,5.5e-06,5.5e-07,1.90526e-08,3.2428e-06,3.26848e-11,4.77173e-12,5e-05,0.000161551,5.41483,0.0619,0.0100014,5.41483,1.46815e+07,1918.59,2.36533e+06,309.103,0.98682,8.09579e-45
1,0.1,100,50,0.001,100 MHz,0.335178,0.00161551,0.00171551,5.5e-06,5.5e-07,1.90526e-08,3.2428e-06,3.26848e-11,4.77173e-12,5e-05,0.000161551,0.0541483,0.0619,0.0100014,0.0541486,1468.16,1918.59,236.536,309.103,0.98682,0.989899
1,0.1,100,50,0.001,1 GHz,0.0335178,0.00161551,0.00171551,5.5e-06,5.5e-07,1.90526e-08,3.2428e-06,3.26848e-11,4.77173e-12,5e-05,0.000161551,0.00541483,0.0619,0.0100014,0.00541748,14.6958,1918.59,2.36764,309.103,0.98682,0.999898
1,0.1,100,50,0.01,1 MHz (plan spec),33.5178,0.00161551,0.00171551,5.5e-06,5.5e-07,1.90526e-08,3.2428e-06,3.26848e-11,4.77173e-12,5e-05,0.00161551,5.41483,0.0619,0.0101298,5.41483,1.46815e+07,1918.59,2.36534e+06,309.103,0.98682,8.09572e-45
1,0.1,100,50,0.01,100 MHz,0.335178,0.00161551,0.00171551,5.5e-06,5.5e-07,1.90526e-08,3.2428e-06,3.26848e-11,4.77173e-12,5e-05,0.00161551,0.0541483,0.0619,0.0101298,0.0541724,1469.46,1918.59,236.744,309.103,0.98682,0.98989
1,0.1,100,50,0.01,1 GHz,0.0335178,0.00161551,0.00171551,5.5e-06,5.5e-07,1.90526e-08,3.2428e-06,3.26848e-11,4.77173e-12,5e-05,0.00161551,0.00541483,0.0619,0.0101298,0.00565091,15.9896,1918.59,2.57608,309.103,0.98682,0.999889
1,0.1,100,200,0.001,1 MHz (plan spec),33.5178,0.00161551,0.00171551,5.5e-06,5.5e-07,1.90526e-08,3.2428e-06,3.26848e-11,4.77173e-12,0.0002,0.000161551,5.41483,0.0619,0.0100033,5.41483,1.46815e+07,1918.59,2.36533e+06,309.103,0.98682,8.09579e-45
1,0.1,100,200,0.001,100 MHz,0.335178,0.00161551,0.00171551,5.5e-06,5.5e-07,1.90526e-08,3.2428e-06,3.26848e-11,4.77173e-12,0.0002,0.000161551,0.0541483,0.0619,0.0100033,0.0541489,1468.18,1918.59,236.539,309.103,0.98682,0.989899
1,0.1,100,200,0.001,1 GHz,0.0335178,0.00161551,0.00171551,5.5e-06,5.5e-07,1.90526e-08,3.2428e-06,3.26848e-11,4.77173e-12,0.0002,0.000161551,0.00541483,0.0619,0.0100033,0.00542094,14.7146,1918.59,2.37067,309.103,0.98682,0.999898
1,0.1,100,200,0.01,1 MHz (plan spec),33.5178,0.00161551,0.00171551,5.5e-06,5.5e-07,1.90526e-08,3.2428e-06,3.26848e-11,4.77173e-12,0.0002,0.00161551,5.41483,0.0619,0.0101316,5.41483,1.46815e+07,1918.59,2.36534e+06,309.103,0.98682,8.09572e-45
1,0.1,100,200,0.01,100 MHz,0.335178,0.00161551,0.00171551,5.5e-06,5.5e-07,1.90526e-08,3.2428e-06,3.26848e-11,4.77173e-12,0.0002,0.00161551,0.0541483,0.0619,0.0101316,0.0541728,1469.48,1918.59,236.747,309.103,0.98682,0.98989
1,0.1,100,200,0.01,1 GHz,0.0335178,0.00161551,0.00171551,5.5e-06,5.5e-07,1.90526e-08,3.2428e-06,3.26848e-11,4.77173e-12,0.0002,0.00161551,0.00541483,0.0619,0.0101316,0.00565423,16.0084,1918.59,2.57911,309.103,0.98682,0.999889
1,0.1,100,1000,0.001,1 MHz (plan spec),33.5178,0.00161551,0.00171551,5.5e-06,5.5e-07,1.90526e-08,3.2428e-06,3.26848e-11,4.77173e-12,0.001,0.000161551,5.41483,0.0619,0.0100512,5.41483,1.46815e+07,1918.59,2.36533e+06,309.103,0.98682,8.09577e-45
1,0.1,100,1000,0.001,100 MHz,0.335178,0.00161551,0.00171551,5.5e-06,5.5e-07,1.90526e-08,3.2428e-06,3.26848e-11,4.77173e-12,0.001,0.000161551,0.0541483,0.0619,0.0100512,0.0541578,1468.66,1918.59,236.616,309.103,0.98682,0.989895
1,0.1,100,1000,0.001,1 GHz,0.0335178,0.00161551,0.00171551,5.5e-06,5.5e-07,1.90526e-08,3.2428e-06,3.26848e-11,4.77173e-12,0.001,0.000161551,0.00541483,0.0619,0.0100512,0.00550877,15.1953,1918.59,2.44811,309.103,0.98682,0.999895
1,0.1,100,1000,0.01,1 MHz (plan spec),33.5178,0.00161551,0.00171551,5.5e-06,5.5e-07,1.90526e-08,3.2428e-06,3.26848e-11,4.77173e-12,0.001,0.00161551,5.41483,0.0619,0.0101789,5.41483,1.46815e+07,1918.59,2.36534e+06,309.103,0.98682,8.09569e-45
1,0.1,100,1000,0.01,100 MHz,0.335178,0.00161551,0.00171551,5.5e-06,5.5e-07,1.90526e-08,3.2428e-06,3.26848e-11,4.77173e-12,0.001,0.00161551,0.0541483,0.0619,0.0101789,0.0541817,1469.96,1918.59,236.825,309.103,0.98682,0.989886
1,0.1,100,1000,0.01,1 GHz,0.0335178,0.00161551,0.00171551,5.5e-06,5.5e-07,1.90526e-08,3.2428e-06,3.26848e-11,4.77173e-12,0.001,0.00161551,0.00541483,0.0619,0.0101789,0.00573849,16.4891,1918.59,2.65655,309.103,0.98682,0.999886
1,1,1,50,0.001,1 MHz (plan spec),33.5178,0.00161551,0.00261551,5.5e-06,5.5e-07,1.90526e-08,3.2428e-06,4.98321e-11,1.10918e-11,5e-05,1.61551e-06,0.0541483,0.619,0.00100127,0.0541484,1468.15,191859,236.534,30910.3,0.265342,0.989899
1,1,1,50,0.001,100 MHz,0.335178,0.00161551,0.00261551,5.5e-06,5.5e-07,1.90526e-08,3.2428e-06,4.98321e-11,1.10918e-11,5e-05,1.61551e-06,0.000541483,0.619,0.00100127,0.000543817,0.148083,191859,0.0238577,30910.3,0.265342,0.999999
1,1,1,50,0.001,1 GHz,0.0335178,0.00161551,0.00261551,5.5e-06,5.5e-07,1.90526e-08,3.2428e-06,4.98321e-11,1.10918e-11,5e-05,1.61551e-06,5.41483e-05,0.619,0.00100127,7.3925e-05,0.00273642,191859,0.000440864,30910.3,0.265342,1
1,1,1,50,0.01,1 MHz (plan spec),33.5178,0.00161551,0.00261551,5.5e-06,5.5e-07,1.90526e-08,3.2428e-06,4.98321e-11,1.10918e-11,5e-05,1.61551e-05,0.0541483,0.619,0.00100139,0.0541484,1468.15,191859,236.534,30910.3,0.265342,0.989899
1,1,1,50,0.01,100 MHz,0.335178,0.00161551,0.00261551,5.5e-06,5.5e-07,1.90526e-08,3.2428e-06,4.98321e-11,1.10918e-11,5e-05,1.61551e-05,0.000541483,0.619,0.00100139,0.000544055,0.148213,191859,0.0238785,30910.3,0.265342,0.999999
1,1,1,50,0.01,1 GHz,0.0335178,0.00161551,0.00261551,5.5e-06,5.5e-07,1.90526e-08,3.2428e-06,4.98321e-11,1.10918e-11,5e-05,1.61551e-05,5.41483e-05,0.619,0.00100139,7.56524e-05,0.00286579,191859,0.000461708,30910.3,0.265342,1
1,1,1,200,0.001,1 MHz (plan spec),33.5178,0.00161551,0.00261551,5.5e-06,5.5e-07,1.90526e-08,3.2428e-06,4.98321e-11,1.10918e-11,0.0002,1.61551e-06,0.0541483,0.619,0.00101982,0.0541487,1468.17,191859,236.537,30910.3,0.265342,0.989899
1,1,1,200,0.001,100 MHz,0.335178,0.00161551,0.00261551,5.5e-06,5.5e-07,1.90526e-08,3.2428e-06,4.98321e-11,1.10918e-11,0.0002,1.61551e-06,0.000541483,0.619,0.00101982,0.000577267,0.16686,191859,0.0268829,30910.3,0.265342,0.999999
1,1,1,200,0.001,1 GHz,0.0335178,0.00161551,0.00261551,5.5e-06,5.5e-07,1.90526e-08,3.2428e-06,4.98321e-11,1.10918e-11,0.0002,1.61551e-06,5.41483e-05,0.619,0.00101982,0.00020728,0.0215136,191859,0.00346606,30910.3,0.265342,1
1,1,1,200,0.01,1 MHz (plan spec),33.5178,0.00161551,0.00261551,5.5e-06,5.5e-07,1.90526e-08,3.2428e-06,4.98321e-11,1.10918e-11,0.0002,1.61551e-05,0.0541483,0.619,0.00101995,0.0541487,1468.17,191859,236.537,30910.3,0.265342,0.989899
1,1,1,200,0.01,100 MHz,0.335178,0.00161551,0.00261551,5.5e-06,5.5e-07,1.90526e-08,3.2428e-06,4.98321e-11,1.10918e-11,0.0002,1.61551e-05,0.000541483,0.619,0.00101995,0.000577491,0.16699,191859,0.0269037,30910.3,0.265342,0.999999
1,1,1,200,0.01,1 GHz,0.0335178,0.00161551,0.00261551,5.5e-06,5.5e-07,1.90526e-08,3.2428e-06,4.98321e-11,1.10918e-11,0.0002,1.61551e-05,5.41483e-05,0.619,0.00101995,0.000207902,0.021643,191859,0.00348691,30910.3,0.265342,1
1,1,1,1000,0.001,1 MHz (plan spec),33.5178,0.00161551,0.00261551,5.5e-06,5.5e-07,1.90526e-08,3.2428e-06,4.98321e-11,1.10918e-11,0.001,1.61551e-06,0.0541483,0.619,0.00141423,0.0541576,1468.65,191859,236.614,30910.3,0.265342,0.989895
1,1,1,1000,0.001,100 MHz,0.335178,0.00161551,0.00261551,5.5e-06,5.5e-07,1.90526e-08,3.2428e-06,4.98321e-11,1.10918e-11,0.001,1.61551e-06,0.000541483,0.619,0.00141423,0.00113721,0.647557,191859,0.104328,30910.3,0.265342,0.999996
1,1,1,1000,0.001,1 GHz,0.0335178,0.00161551,0.00261551,5.5e-06,5.5e-07,1.90526e-08,3.2428e-06,4.98321e-11,1.10918e-11,0.001,1.61551e-06,5.41483e-05,0.619,0.00141423,0.00100148,0.502211,191859,0.0809111,30910.3,0.265342,0.999997
1,1,1,1000,0.01,1 MHz (plan spec),33.5178,0.00161551,0.00261551,5.5e-06,5.5e-07,1.90526e-08,3.2428e-06,4.98321e-11,1.10918e-11,0.001,1.61551e-05,0.0541483,0.619,0.00141432,0.0541576,1468.65,191859,236.614,30910.3,0.265342,0.989895
1,1,1,1000,0.01,100 MHz,0.335178,0.00161551,0.00261551,5.5e-06,5.5e-07,1.90526e-08,3.2428e-06,4.98321e-11,1.10918e-11,0.001,1.61551e-05,0.000541483,0.619,0.00141432,0.00113732,0.647687,191859,0.104349,30910.3,0.265342,0.999996
1,1,1,1000,0.01,1 GHz,0.0335178,0.00161551,0.00261551,5.5e-06,5.5e-07,1.90526e-08,3.2428e-06,4.98321e-11,1.10918e-11,0.001,1.61551e-05,5.41483e-05,0.619,0.00141432,0.00100161,0.50234,191859,0.080932,30910.3,0.265342,0.999997
1,1,10,50,0.001,1 MHz (plan spec),33.5178,0.00161551,0.00261551,5.5e-06,5.5e-07,1.90526e-08,3.2428e-06,4.98321e-11,1.10918e-11,5e-05,1.61551e-05,0.541483,0.619,0.0100001,0.541483,146815,191859,23653.3,30910.3,0.265342,0.362312
1,1,10,50,0.001,100 MHz,0.335178,0.00161551,0.00261551,5.5e-06,5.5e-07,1.90526e-08,3.2428e-06,4.98321e-11,1.10918e-11,5e-05,1.61551e-05,0.00541483,0.619,0.0100001,0.00541509,14.6829,191859,2.36556,30910.3,0.265342,0.999898
1,1,10,50,0.001,1 GHz,0.0335178,0.00161551,0.00261551,5.5e-06,5.5e-07,1.90526e-08,3.2428e-06,4.98321e-11,1.10918e-11,5e-05,1.61551e-05,0.000541483,0.619,0.0100001,0.000544055,0.148213,191859,0.0238785,30910.3,0.265342,0.999999
1,1,10,50,0.01,1 MHz (plan spec),33.5178,0.00161551,0.00261551,5.5e-06,5.5e-07,1.90526e-08,3.2428e-06,4.98321e-11,1.10918e-11,5e-05,0.000161551,0.541483,0.619,0.0100014,0.541483,146815,191859,23653.4,30910.3,0.265342,0.362312
1,1,10,50,0.01,100 MHz,0.335178,0.00161551,0.00261551,5.5e-06,5.5e-07,1.90526e-08,3.2428e-06,4.98321e-11,1.10918e-11,5e-05,0.000161551,0.00541483,0.619,0.0100014,0.00541748,14.6958,191859,2.36764,30910.3,0.265342,0.999898
1,1,10,50,0.01,1 GHz,0.0335178,0.00161551,0.00261551,5.5e-06,5.5e-07,1.90526e-08,3.2428e-06,4.98321e-11,1.10918e-11,5e-05,0.000161551,0.000541483,0.619,0.0100014,0.000567303,0.16115,191859,0.0259629,30910.3,0.265342,0.999999
1,1,10,200,0.001,1 MHz (plan spec),33.5178,0.00161551,0.00261551,5.5e-06,5.5e-07,1.90526e-08,3.2428e-06,4.98321e-11,1.10918e-11,0.0002,1.61551e-05,0.541483,0.619,0.010002,0.541483,146815,191859,23653.4,30910.3,0.265342,0.362312
1,1,10,200,0.001,100 MHz,0.335178,0.00161551,0.00261551,5.5e-06,5.5e-07,1.90526e-08,3.2428e-06,4.98321e-11,1.10918e-11,0.0002,1.61551e-05,0.00541483,0.619,0.010002,0.00541855,14.7017,191859,2.36859,30910.3,0.265342,0.999898
1,1,10,200,0.001,1 GHz,0.0335178,0.00161551,0.00261551,5.5e-06,5.5e-07,1.90526e-08,3.2428e-06,4.98321e-11,1.10918e-11,0.0002,1.61551e-05,0.000541483,0.619,0.010002,0.000577491,0.16699,191859,0.0269037,30910.3,0.265342,0.999999
1,1,10,200,0.01,1 MHz (plan spec),33.5178,0.00161551,0.00261551,5.5e-06,5.5e-07,1.90526e-08,3.2428e-06,4.98321e-11,1.10918e-11,0.0002,0.000161551,0.541483,0.619,0.0100033,0.541483,146815,191859,23653.4,30910.3,0.265342,0.362312
1,1,10,200,0.01,100 MHz,0.335178,0.00161551,0.00261551,5.5e-06,5.5e-07,1.90526e-08,3.2428e-06,4.98321e-11,1.10918e-11,0.0002,0.000161551,0.00541483,0.619,0.0100033,0.00542094,14.7146,191859,2.37067,30910.3,0.265342,0.999898
1,1,10,200,0.01,1 GHz,0.0335178,0.00161551,0.00261551,5.5e-06,5.5e-07,1.90526e-08,3.2428e-06,4.98321e-11,1.10918e-11,0.0002,0.000161551,0.000541483,0.619,0.0100033,0.000599444,0.179927,191859,0.0289881,30910.3,0.265342,0.999999
1,1,10,1000,0.001,1 MHz (plan spec),33.5178,0.00161551,0.00261551,5.5e-06,5.5e-07,1.90526e-08,3.2428e-06,4.98321e-11,1.10918e-11,0.001,1.61551e-05,0.541483,0.619,0.0100499,0.541484,146815,191859,23653.4,30910.3,0.265342,0.362311
1,1,10,1000,0.001,100 MHz,0.335178,0.00161551,0.00261551,5.5e-06,5.5e-07,1.90526e-08,3.2428e-06,4.98321e-11,1.10918e-11,0.001,1.61551e-05,0.00541483,0.619,0.0100499,0.00550642,15.1824,191859,2.44603,30910.3,0.265342,0.999895
1,1,10,1000,0.001,1 GHz,0.0335178,0.00161551,0.00261551,5.5e-06,5.5e-07,1.90526e-08,3.2428e-06,4.98321e-11,1.10918e-11,0.001,1.61551e-05,0.000541483,0.619,0.0100499,0.00113732,0.647687,191859,0.104349,30910.3,0.265342,0.999996
1,1,10,1000,0.01,1 MHz (plan spec),33.5178,0.00161551,0.00261551,5.5e-06,5.5e-07,1.90526e-08,3.2428e-06,4.98321e-11,1.10918e-11,0.001,0.000161551,0.541483,0.619,0.0100512,0.541484,146815,191859,23653.4,30910.3,0.265342,0.362311
1,1,10,1000,0.01,100 MHz,0.335178,0.00161551,0.00261551,5.5e-06,5.5e-07,1.90526e-08,3.2428e-06,4.98321e-11,1.10918e-11,0.001,0.000161551,0.00541483,0.619,0.0100512,0.00550877,15.1953,191859,2.44811,30910.3,0.265342,0.999895
1,1,10,1000,0.01,1 GHz,0.0335178,0.00161551,0.00261551,5.5e-06,5.5e-07,1.90526e-08,3.2428e-06,4.98321e-11,1.10918e-11,0.001,0.000161551,0.000541483,0.619,0.0100512,0.00114862,0.660624,191859,0.106433,30910.3,0.265342,0.999995
1,1,50,50,0.001,1 MHz (plan spec),33.5178,0.00161551,0.00261551,5.5e-06,5.5e-07,1.90526e-08,3.2428e-06,4.98321e-11,1.10918e-11,5e-05,8.07754e-05,2.70742,0.619,0.0500001,2.70742,3.67037e+06,191859,591334,30910.3,0.265342,9.4856e-12
1,1,50,50,0.001,100 MHz,0.335178,0.00161551,0.00261551,5.5e-06,5.5e-07,1.90526e-08,3.2428e-06,4.98321e-11,1.10918e-11,5e-05,8.07754e-05,0.0270742,0.619,0.0500001,0.0270743,367.042,191859,59.1341,30910.3,0.265342,0.997465
1,1,50,50,0.001,1 GHz,0.0335178,0.00161551,0.00261551,5.5e-06,5.5e-07,1.90526e-08,3.2428e-06,4.98321e-11,1.10918e-11,5e-05,8.07754e-05,0.00270742,0.619,0.0500001,0.00270909,3.67491,191859,0.592064,30910.3,0.265342,0.999975
1,1,50,50,0.01,1 MHz (plan spec),33.5178,0.00161551,0.00261551,5.5e-06,5.5e-07,1.90526e-08,3.2428e-06,4.98321e-11,1.10918e-11,5e-05,0.000807754,2.70742,0.619,0.0500065,2.70742,3.67037e+06,191859,591334,30910.3,0.265342,9.48558e-12
1,1,50,50,0.01,100 MHz,0.335178,0.00161551,0.00261551,5.5e-06,5.5e-07,1.90526e-08,3.2428e-06,4.98321e-11,1.10918e-11,5e-05,0.000807754,0.0270742,0.619,0.0500065,0.0270863,367.365,191859,59.1862,30910.3,0.265342,0.997463
1,1,50,50,0.01,1 GHz,0.0335178,0.00161551,0.00261551,5.5e-06,5.5e-07,1.90526e-08,3.2428e-06,4.98321e-11,1.10918e-11,5e-05,0.000807754,0.00270742,0.619,0.0500065,0.00282579,3.99835,191859,0.644174,30910.3,0.265342,0.999972
1,1,50,200,0.001,1 MHz (plan spec),33.5178,0.00161551,0.00261551,5.5e-06,5.5e-07,1.90526e-08,3.2428e-06,4.98321e-11,1.10918e-11,0.0002,8.07754e-05,2.70742,0.619,0.0500005,2.70742,3.67037e+06,191859,591334,30910.3,0.265342,9.4856e-12
1,1,50,200,0.001,100 MHz,0.335178,0.00161551,0.00261551,5.5e-06,5.5e-07,1.90526e-08,3.2428e-06,4.98321e-11,1.10918e-11,0.0002,8.07754e-05,0.0270742,0.619,0.0500005,0.027075,367.061,191859,59.1371,30910.3,0.265342,0.997465
1,1,50,200,0.001,1 GHz,0.0335178,0.00161551,0.00261551,5.5e-06,5.5e-07,1.90526e-08,3.2428e-06,4.98321e-11,1.10918e-11,0.0002,8.07754e-05,0.00270742,0.619,0.0500005,0.002716,3.69368,191859,0.595089,30910.3,0.265342,0.999974
1,1,50,200,0.01,1 MHz (plan spec),33.5178,0.00161551,0.00261551,5.5e-06,5.5e-07,1.90526e-08,3.2428e-06,4.98321e-11,1.10918e-11,0.0002,0.000807754,2.70742,0.619,0.0500069,2.70742,3.67037e+06,191859,591334,30910.3,0.265342,9.48558e-12
1,1,50,200,0.01,100 MHz,0.335178,0.00161551,0.00261551,5.5e-06,5.5e-07,1.90526e-08,3.2428e-06,4.98321e-11,1.10918e-11,0.0002,0.000807754,0.0270742,0.619,0.0500069,0.027087,367.384,191859,59.1892,30910.3,0.265342,0.997463
1,1,50,200,0.01,1 GHz,0.0335178,0.00161551,0.00261551,5.5e-06,5.5e-07,1.90526e-08,3.2428e-06,4.98321e-11,1.10918e-11,0.0002,0.000807754,0.00270742,0.619,0.0500069,0.00283242,4.01713,191859,0.647199,30910.3,0.265342,0.999972
1,1,50,1000,0.001,1 MHz (plan spec),33.5178,0.00161551,0.00261551,5.5e-06,5.5e-07,1.90526e-08,3.2428e-06,4.98321e-11,1.10918e-11,0.001,8.07754e-05,2.70742,0.619,0.0500101,2.70742,3.67037e+06,191859,591334,30910.3,0.265342,9.48557e-12
1,1,50,1000,0.001,100 MHz,0.335178,0.00161551,0.00261551,5.5e-06,5.5e-07,1.90526e-08,3.2428e-06,4.98321e-11,1.10918e-11,0.001,8.07754e-05,0.0270742,0.619,0.0500101,0.0270927,367.541,191859,59.2146,30910.3,0.265342,0.997462
1,1,50,1000,0.001,1 GHz,0.0335178,0.00161551,0.00261551,5.5e-06,5.5e-07,1.90526e-08,3.2428e-06,4.98321e-11,1.10918e-11,0.001,8.07754e-05,0.00270742,0.619,0.0500101,0.00288733,4.17438,191859,0.672534,30910.3,0.265342,0.999971
1,1,50,1000,0.01,1 MHz (plan spec),33.5178,0.00161551,0.00261551,5.5e-06,5.5e-07,1.90526e-08,3.2428e-06,4.98321e-11,1.10918e-11,0.001,0.000807754,2.70742,0.619,0.0500165,2.70742,3.67037e+06,191859,591334,30910.3,0.265342,9.48555e-12
1,1,50,1000,0.01,100 MHz,0.335178,0.00161551,0.00261551,5.5e-06,5.5e-07,1.90526e-08,3.2428e-06,4.98321e-11,1.10918e-11,0.001,0.000807754,0.0270742,0.619,0.0500165,0.0271047,367.865,191859,59.2667,30910.3,0.265342,0.997459
1,1,50,1000,0.01,1 GHz,0.0335178,0.00161551,0.00261551,5.5e-06,5.5e-07,1.90526e-08,3.2428e-06,4.98321e-11,1.10918e-11,0.001,0.000807754,0.00270742,0.619,0.0500165,0.0029971,4.49782,191859,0.724644,30910.3,0.265342,0.999969
1,1,100,50,0.001,1 MHz (plan spec),33.5178,0.00161551,0.00261551,5.5e-06,5.5e-07,1.90526e-08,3.2428e-06,4.98321e-11,1.10918e-11,5e-05,0.000161551,5.41483,0.619,0.1,5.41483,1.46815e+07,191859,2.36533e+06,30910.3,0.265342,8.09579e-45
1,1,100,50,0.001,100 MHz,0.335178,0.00161551,0.00261551,5.5e-06,5.5e-07,1.90526e-08,3.2428e-06,4.98321e-11,1.10918e-11,5e-05,0.000161551,0.0541483,0.619,0.1,0.0541486,1468.16,191859,236.536,30910.3,0.265342,0.989899
1,1,100,50,0.001,1 GHz,0.0335178,0.00161551,0.00261551,5.5e-06,5.5e-07,1.90526e-08,3.2428e-06,4.98321e-11,1.10918e-11,5e-05,0.000161551,0.00541483,0.619,0.1,0.00541748,14.6958,191859,2.36764,30910.3,0.265342,0.999898
1,1,100,50,0.01,1 MHz (plan spec),33.5178,0.00161551,0.00261551,5.5e-06,5.5e-07,1.90526e-08,3.2428e-06,4.98321e-11,1.10918e-11,5e-05,0.00161551,5.41483,0.619,0.100013,5.41483,1.46815e+07,191859,2.36534e+06,30910.3,0.265342,8.09572e-45
1,1,100,50,0.01,100 MHz,0.335178,0.00161551,0.00261551,5.5e-06,5.5e-07,1.90526e-08,3.2428e-06,4.98321e-11,1.10918e-11,5e-05,0.00161551,0.0541483,0.619,0.100013,0.0541724,1469.46,191859,236.744,30910.3,0.265342,0.98989
1,1,100,50,0.01,1 GHz,0.0335178,0.00161551,0.00261551,5.5e-06,5.5e-07,1.90526e-08,3.2428e-06,4.98321e-11,1.10918e-11,5e-05,0.00161551,0.00541483,0.619,0.100013,0.00565091,15.9896,191859,2.57608,30910.3,0.265342,0.999889
1,1,100,200,0.001,1 MHz (plan spec),33.5178,0.00161551,0.00261551,5.5e-06,5.5e-07,1.90526e-08,3.2428e-06,4.98321e-11,1.10918e-11,0.0002,0.000161551,5.41483,0.619,0.1,5.41483,1.46815e+07,191859,2.36533e+06,30910.3,0.265342,8.09579e-45
1,1,100,200,0.001,100 MHz,0.335178,0.00161551,0.00261551,5.5e-06,5.5e-07,1.90526e-08,3.2428e-06,4.98321e-11,1.10918e-11,0.0002,0.000161551,0.0541483,0.619,0.1,0.0541489,1468.18,191859,236.539,30910.3,0.265342,0.989899
1,1,100,200,0.001,1 GHz,0.0335178,0.00161551,0.00261551,5.5e-06,5.5e-07,1.90526e-08,3.2428e-06,4.98321e-11,1.10918e-11,0.0002,0.000161551,0.00541483,0.619,0.1,0.00542094,14.7146,191859,2.37067,30910.3,0.265342,0.999898
1,1,100,200,0.01,1 MHz (plan spec),33.5178,0.00161551,0.00261551,5.5e-06,5.5e-07,1.90526e-08,3.2428e-06,4.98321e-11,1.10918e-11,0.0002,0.00161551,5.41483,0.619,0.100013,5.41483,1.46815e+07,191859,2.36534e+06,30910.3,0.265342,8.09572e-45
1,1,100,200,0.01,100 MHz,0.335178,0.00161551,0.00261551,5.5e-06,5.5e-07,1.90526e-08,3.2428e-06,4.98321e-11,1.10918e-11,0.0002,0.00161551,0.0541483,0.619,0.100013,0.0541728,1469.48,191859,236.747,30910.3,0.265342,0.98989
1,1,100,200,0.01,1 GHz,0.0335178,0.00161551,0.00261551,5.5e-06,5.5e-07,1.90526e-08,3.2428e-06,4.98321e-11,1.10918e-11,0.0002,0.00161551,0.00541483,0.619,0.100013,0.00565423,16.0084,191859,2.57911,30910.3,0.265342,0.999889
1,1,100,1000,0.001,1 MHz (plan spec),33.5178,0.00161551,0.00261551,5.5e-06,5.5e-07,1.90526e-08,3.2428e-06,4.98321e-11,1.10918e-11,0.001,0.000161551,5.41483,0.619,0.100005,5.41483,1.46815e+07,191859,2.36533e+06,30910.3,0.265342,8.09577e-45
1,1,100,1000,0.001,100 MHz,0.335178,0.00161551,0.00261551,5.5e-06,5.5e-07,1.90526e-08,3.2428e-06,4.98321e-11,1.10918e-11,0.001,0.000161551,0.0541483,0.619,0.100005,0.0541578,1468.66,191859,236.616,30910.3,0.265342,0.989895
1,1,100,1000,0.001,1 GHz,0.0335178,0.00161551,0.00261551,5.5e-06,5.5e-07,1.90526e-08,3.2428e-06,4.98321e-11,1.10918e-11,0.001,0.000161551,0.00541483,0.619,0.100005,0.00550877,15.1953,191859,2.44811,30910.3,0.265342,0.999895
1,1,100,1000,0.01,1 MHz (plan spec),33.5178,0.00161551,0.00261551,5.5e-06,5.5e-07,1.90526e-08,3.2428e-06,4.98321e-11,1.10918e-11,0.001,0.00161551,5.41483,0.619,0.100018,5.41483,1.46815e+07,191859,2.36534e+06,30910.3,0.265342,8.09569e-45
1,1,100,1000,0.01,100 MHz,0.335178,0.00161551,0.00261551,5.5e-06,5.5e-07,1.90526e-08,3.2428e-06,4.98321e-11,1.10918e-11,0.001,0.00161551,0.0541483,0.619,0.100018,0.0541817,1469.96,191859,236.825,30910.3,0.265342,0.989886
1,1,100,1000,0.01,1 GHz,0.0335178,0.00161551,0.00261551,5.5e-06,5.5e-07,1.90526e-08,3.2428e-06,4.98321e-11,1.10918e-11,0.001,0.00161551,0.00541483,0.619,0.100018,0.00573849,16.4891,191859,2.65655,30910.3,0.265342,0.999886
1,5,1,50,0.001,1 MHz (plan spec),33.5178,0.00161551,0.00661551,5.5e-06,5.5e-07,1.90526e-08,3.2428e-06,1.26042e-10,7.09605e-11,5e-05,1.61551e-06,0.0541483,3.095,0.00500025,0.0541484,1468.15,4.79647e+06,236.534,772759,3.93695e-15,0.989899
1,5,1,50,0.001,100 MHz,0.335178,0.00161551,0.00661551,5.5e-06,5.5e-07,1.90526e-08,3.2428e-06,1.26042e-10,7.09605e-11,5e-05,1.61551e-06,0.000541483,3.095,0.00500025,0.000543817,0.148083,4.79647e+06,0.0238577,772759,3.93695e-15,0.999999
1,5,1,50,0.001,1 GHz,0.0335178,0.00161551,0.00661551,5.5e-06,5.5e-07,1.90526e-08,3.2428e-06,1.26042e-10,7.09605e-11,5e-05,1.61551e-06,5.41483e-05,3.095,0.00500025,7.3925e-05,0.00273642,4.79647e+06,0.000440864,772759,3.93695e-15,1
1,5,1,50,0.01,1 MHz (plan spec),33.5178,0.00161551,0.00661551,5.5e-06,5.5e-07,1.90526e-08,3.2428e-06,1.26042e-10,7.09605e-11,5e-05,1.61551e-05,0.0541483,3.095,0.00500028,0.0541484,1468.15,4.79647e+06,236.534,772759,3.93695e-15,0.989899
1,5,1,50,0.01,100 MHz,0.335178,0.00161551,0.00661551,5.5e-06,5.5e-07,1.90526e-08,3.2428e-06,1.26042e-10,7.09605e-11,5e-05,1.61551e-05,0.000541483,3.095,0.00500028,0.000544055,0.148213,4.79647e+06,0.0238785,772759,3.93695e-15,0.999999
1,5,1,50,0.01,1 GHz,0.0335178,0.00161551,0.00661551,5.5e-06,5.5e-07,1.90526e-08,3.2428e-06,1.26042e-10,7.09605e-11,5e-05,1.61551e-05,5.41483e-05,3.095,0.00500028,7.56524e-05,0.00286579,4.79647e+06,0.000461708,772759,3.93695e-15,1
1,5,1,200,0.001,1 MHz (plan spec),33.5178,0.00161551,0.00661551,5.5e-06,5.5e-07,1.90526e-08,3.2428e-06,1.26042e-10,7.09605e-11,0.0002,1.61551e-06,0.0541483,3.095,0.005004,0.0541487,1468.17,4.79647e+06,236.537,772759,3.93695e-15,0.989899
1,5,1,200,0.001,100 MHz,0.335178,0.00161551,0.00661551,5.5e-06,5.5e-07,1.90526e-08,3.2428e-06,1.26042e-10,7.09605e-11,0.0002,1.61551e-06,0.000541483,3.095,0.005004,0.000577267,0.16686,4.79647e+06,0.0268829,772759,3.93695e-15,0.999999
1,5,1,200,0.001,1 GHz,0.0335178,0.00161551,0.00661551,5.5e-06,5.5e-07,1.90526e-08,3.2428e-06,1.26042e-10,7.09605e-11,0.0002,1.61551e-06,5.41483e-05,3.095,0.005004,0.00020728,0.0215136,4.79647e+06,0.00346606,772759,3.93695e-15,1
1,5,1,200,0.01,1 MHz (plan spec),33.5178,0.00161551,0.00661551,5.5e-06,5.5e-07,1.90526e-08,3.2428e-06,1.26042e-10,7.09605e-11,0.0002,1.61551e-05,0.0541483,3.095,0.00500403,0.0541487,1468.17,4.79647e+06,236.537,772759,3.93695e-15,0.989899
1,5,1,200,0.01,100 MHz,0.335178,0.00161551,0.00661551,5.5e-06,5.5e-07,1.90526e-08,3.2428e-06,1.26042e-10,7.09605e-11,0.0002,1.61551e-05,0.000541483,3.095,0.00500403,0.000577491,0.16699,4.79647e+06,0.0269037,772759,3.93695e-15,0.999999
1,5,1,200,0.01,1 GHz,0.0335178,0.00161551,0.00661551,5.5e-06,5.5e-07,1.90526e-08,3.2428e-06,1.26042e-10,7.09605e-11,0.0002,1.61551e-05,5.41483e-05,3.095,0.00500403,0.000207902,0.021643,4.79647e+06,0.00348691,772759,3.93695e-15,1
1,5,1,1000,0.001,1 MHz (plan spec),33.5178,0.00161551,0.00661551,5.5e-06,5.5e-07,1.90526e-08,3.2428e-06,1.26042e-10,7.09605e-11,0.001,1.61551e-06,0.0541483,3.095,0.00509902,0.0541576,1468.65,4.79647e+06,236.614,772759,3.93695e-15,0.989895
1,5,1,1000,0.001,100 MHz,0.335178,0.00161551,0.00661551,5.5e-06,5.5e-07,1.90526e-08,3.2428e-06,1.26042e-10,7.09605e-11,0.001,1.61551e-06,0.000541483,3.095,0.00509902,0.00113721,0.647557,4.79647e+06,0.104328,772759,3.93695e-15,0.999996
1,5,1,1000,0.001,1 GHz,0.0335178,0.00161551,0.00661551,5.5e-06,5.5e-07,1.90526e-08,3.2428e-06,1.26042e-10,7.09605e-11,0.001,1.61551e-06,5.41483e-05,3.095,0.00509902,0.00100148,0.502211,4.79647e+06,0.0809111,772759,3.93695e-15,0.999997
1,5,1,1000,0.01,1 MHz (plan spec),33.5178,0.00161551,0.00661551,5.5e-06,5.5e-07,1.90526e-08,3.2428e-06,1.26042e-10,7.09605e-11,0.001,1.61551e-05,0.0541483,3.095,0.00509905,0.0541576,1468.65,4.79647e+06,236.614,772759,3.93695e-15,0.989895
1,5,1,1000,0.01,100 MHz,0.335178,0.00161551,0.00661551,5.5e-06,5.5e-07,1.90526e-08,3.2428e-06,1.26042e-10,7.09605e-11,0.001,1.61551e-05,0.000541483,3.095,0.00509905,0.00113732,0.647687,4.79647e+06,0.104349,772759,3.93695e-15,0.999996
1,5,1,1000,0.01,1 GHz,0.0335178,0.00161551,0.00661551,5.5e-06,5.5e-07,1.90526e-08,3.2428e-06,1.26042e-10,7.09605e-11,0.001,1.61551e-05,5.41483e-05,3.095,0.00509905,0.00100161,0.50234,4.79647e+06,0.080932,772759,3.93695e-15,0.999997
1,5,10,50,0.001,1 MHz (plan spec),33.5178,0.00161551,0.00661551,5.5e-06,5.5e-07,1.90526e-08,3.2428e-06,1.26042e-10,7.09605e-11,5e-05,1.61551e-05,0.541483,3.095,0.05,0.541483,146815,4.79647e+06,23653.3,772759,3.93695e-15,0.362312
1,5,10,50,0.001,100 MHz,0.335178,0.00161551,0.00661551,5.5e-06,5.5e-07,1.90526e-08,3.2428e-06,1.26042e-10,7.09605e-11,5e-05,1.61551e-05,0.00541483,3.095,0.05,0.00541509,14.6829,4.79647e+06,2.36556,772759,3.93695e-15,0.999898
1,5,10,50,0.001,1 GHz,0.0335178,0.00161551,0.00661551,5.5e-06,5.5e-07,1.90526e-08,3.2428e-06,1.26042e-10,7.09605e-11,5e-05,1.61551e-05,0.000541483,3.095,0.05,0.000544055,0.148213,4.79647e+06,0.0238785,772759,3.93695e-15,0.999999
1,5,10,50,0.01,1 MHz (plan spec),33.5178,0.00161551,0.00661551,5.5e-06,5.5e-07,1.90526e-08,3.2428e-06,1.26042e-10,7.09605e-11,5e-05,0.000161551,0.541483,3.095,0.0500003,0.541483,146815,4.79647e+06,23653.4,772759,3.93695e-15,0.362312
1,5,10,50,0.01,100 MHz,0.335178,0.00161551,0.00661551,5.5e-06,5.5e-07,1.90526e-08,3.2428e-06,1.26042e-10,7.09605e-11,5e-05,0.000161551,0.00541483,3.095,0.0500003,0.00541748,14.6958,4.79647e+06,2.36764,772759,3.93695e-15,0.999898
1,5,10,50,0.01,1 GHz,0.0335178,0.00161551,0.00661551,5.5e-06,5.5e-07,1.90526e-08,3.2428e-06,1.26042e-10,7.09605e-11,5e-05,0.000161551,0.000541483,3.095,0.0500003,0.000567303,0.16115,4.79647e+06,0.0259629,772759,3.93695e-15,0.999999
1,5,10,200,0.001,1 MHz (plan spec),33.5178,0.00161551,0.00661551,5.5e-06,5.5e-07,1.90526e-08,3.2428e-06,1.26042e-10,7.09605e-11,0.0002,1.61551e-05,0.541483,3.095,0.0500004,0.541483,146815,4.79647e+06,23653.4,772759,3.93695e-15,0.362312
1,5,10,200,0.001,100 MHz,0.335178,0.00161551,0.00661551,5.5e-06,5.5e-07,1.90526e-08,3.2428e-06,1.26042e-10,7.09605e-11,0.0002,1.61551e-05,0.00541483,3.095,0.0500004,0.00541855,14.7017,4.79647e+06,2.36859,772759,3.93695e-15,0.999898
1,5,10,200,0.001,1 GHz,0.0335178,0.00161551,0.00661551,5.5e-06,5.5e-07,1.90526e-08,3.2428e-06,1.26042e-10,7.09605e-11,0.0002,1.61551e-05,0.000541483,3.095,0.0500004,0.000577491,0.16699,4.79647e+06,0.0269037,772759,3.93695e-15,0.999999
1,5,10,200,0.01,1 MHz (plan spec),33.5178,0.00161551,0.00661551,5.5e-06,5.5e-07,1.90526e-08,3.2428e-06,1.26042e-10,7.09605e-11,0.0002,0.000161551,0.541483,3.095,0.0500007,0.541483,146815,4.79647e+06,23653.4,772759,3.93695e-15,0.362312
1,5,10,200,0.01,100 MHz,0.335178,0.00161551,0.00661551,5.5e-06,5.5e-07,1.90526e-08,3.2428e-06,1.26042e-10,7.09605e-11,0.0002,0.000161551,0.00541483,3.095,0.0500007,0.00542094,14.7146,4.79647e+06,2.37067,772759,3.93695e-15,0.999898
1,5,10,200,0.01,1 GHz,0.0335178,0.00161551,0.00661551,5.5e-06,5.5e-07,1.90526e-08,3.2428e-06,1.26042e-10,7.09605e-11,0.0002,0.000161551,0.000541483,3.095,0.0500007,0.000599444,0.179927,4.79647e+06,0.0289881,772759,3.93695e-15,0.999999
1,5,10,1000,0.001,1 MHz (plan spec),33.5178,0.00161551,0.00661551,5.5e-06,5.5e-07,1.90526e-08,3.2428e-06,1.26042e-10,7.09605e-11,0.001,1.61551e-05,0.541483,3.095,0.05001,0.541484,146815,4.79647e+06,23653.4,772759,3.93695e-15,0.362311
1,5,10,1000,0.001,100 MHz,0.335178,0.00161551,0.00661551,5.5e-06,5.5e-07,1.90526e-08,3.2428e-06,1.26042e-10,7.09605e-11,0.001,1.61551e-05,0.00541483,3.095,0.05001,0.00550642,15.1824,4.79647e+06,2.44603,772759,3.93695e-15,0.999895
1,5,10,1000,0.001,1 GHz,0.0335178,0.00161551,0.00661551,5.5e-06,5.5e-07,1.90526e-08,3.2428e-06,1.26042e-10,7.09605e-11,0.001,1.61551e-05,0.000541483,3.095,0.05001,0.00113732,0.647687,4.79647e+06,0.104349,772759,3.93695e-15,0.999996
1,5,10,1000,0.01,1 MHz (plan spec),33.5178,0.00161551,0.00661551,5.5e-06,5.5e-07,1.90526e-08,3.2428e-06,1.26042e-10,7.09605e-11,0.001,0.000161551,0.541483,3.095,0.0500103,0.541484,146815,4.79647e+06,23653.4,772759,3.93695e-15,0.362311
1,5,10,1000,0.01,100 MHz,0.335178,0.00161551,0.00661551,5.5e-06,5.5e-07,1.90526e-08,3.2428e-06,1.26042e-10,7.09605e-11,0.001,0.000161551,0.00541483,3.095,0.0500103,0.00550877,15.1953,4.79647e+06,2.44811,772759,3.93695e-15,0.999895
1,5,10,1000,0.01,1 GHz,0.0335178,0.00161551,0.00661551,5.5e-06,5.5e-07,1.90526e-08,3.2428e-06,1.26042e-10,7.09605e-11,0.001,0.000161551,0.000541483,3.095,0.0500103,0.00114862,0.660624,4.79647e+06,0.106433,772759,3.93695e-15,0.999995
1,5,50,50,0.001,1 MHz (plan spec),33.5178,0.00161551,0.00661551,5.5e-06,5.5e-07,1.90526e-08,3.2428e-06,1.26042e-10,7.09605e-11,5e-05,8.07754e-05,2.70742,3.095,0.25,2.70742,3.67037e+06,4.79647e+06,591334,772759,3.93695e-15,9.4856e-12
1,5,50,50,0.001,100 MHz,0.335178,0.00161551,0.00661551,5.5e-06,5.5e-07,1.90526e-08,3.2428e-06,1.26042e-10,7.09605e-11,5e-05,8.07754e-05,0.0270742,3.095,0.25,0.0270743,367.042,4.79647e+06,59.1341,772759,3.93695e-15,0.997465
1,5,50,50,0.001,1 GHz,0.0335178,0.00161551,0.00661551,5.5e-06,5.5e-07,1.90526e-08,3.2428e-06,1.26042e-10,7.09605e-11,5e-05,8.07754e-05,0.00270742,3.095,0.25,0.00270909,3.67491,4.79647e+06,0.592064,772759,3.93695e-15,0.999975
1,5,50,50,0.01,1 MHz (plan spec),33.5178,0.00161551,0.00661551,5.5e-06,5.5e-07,1.90526e-08,3.2428e-06,1.26042e-10,7.09605e-11,5e-05,0.000807754,2.70742,3.095,0.250001,2.70742,3.67037e+06,4.79647e+06,591334,772759,3.93695e-15,9.48558e-12
1,5,50,50,0.01,100 MHz,0.335178,0.00161551,0.00661551,5.5e-06,5.5e-07,1.90526e-08,3.2428e-06,1.26042e-10,7.09605e-11,5e-05,0.000807754,0.0270742,3.095,0.250001,0.0270863,367.365,4.79647e+06,59.1862,772759,3.93695e-15,0.997463
1,5,50,50,0.01,1 GHz,0.0335178,0.00161551,0.00661551,5.5e-06,5.5e-07,1.90526e-08,3.2428e-06,1.26042e-10,7.09605e-11,5e-05,0.000807754,0.00270742,3.095,0.250001,0.00282579,3.99835,4.79647e+06,0.644174,772759,3.93695e-15,0.999972
1,5,50,200,0.001,1 MHz (plan spec),33.5178,0.00161551,0.00661551,5.5e-06,5.5e-07,1.90526e-08,3.2428e-06,1.26042e-10,7.09605e-11,0.0002,8.07754e-05,2.70742,3.095,0.25,2.70742,3.67037e+06,4.79647e+06,591334,772759,3.93695e-15,9.4856e-12
1,5,50,200,0.001,100 MHz,0.335178,0.00161551,0.00661551,5.5e-06,5.5e-07,1.90526e-08,3.2428e-06,1.26042e-10,7.09605e-11,0.0002,8.07754e-05,0.0270742,3.095,0.25,0.027075,367.061,4.79647e+06,59.1371,772759,3.93695e-15,0.997465
1,5,50,200,0.001,1 GHz,0.0335178,0.00161551,0.00661551,5.5e-06,5.5e-07,1.90526e-08,3.2428e-06,1.26042e-10,7.09605e-11,0.0002,8.07754e-05,0.00270742,3.095,0.25,0.002716,3.69368,4.79647e+06,0.595089,772759,3.93695e-15,0.999974
1,5,50,200,0.01,1 MHz (plan spec),33.5178,0.00161551,0.00661551,5.5e-06,5.5e-07,1.90526e-08,3.2428e-06,1.26042e-10,7.09605e-11,0.0002,0.000807754,2.70742,3.095,0.250001,2.70742,3.67037e+06,4.79647e+06,591334,772759,3.93695e-15,9.48558e-12
1,5,50,200,0.01,100 MHz,0.335178,0.00161551,0.00661551,5.5e-06,5.5e-07,1.90526e-08,3.2428e-06,1.26042e-10,7.09605e-11,0.0002,0.000807754,0.0270742,3.095,0.250001,0.027087,367.384,4.79647e+06,59.1892,772759,3.93695e-15,0.997463
1,5,50,200,0.01,1 GHz,0.0335178,0.00161551,0.00661551,5.5e-06,5.5e-07,1.90526e-08,3.2428e-06,1.26042e-10,7.09605e-11,0.0002,0.000807754,0.00270742,3.095,0.250001,0.00283242,4.01713,4.79647e+06,0.647199,772759,3.93695e-15,0.999972
1,5,50,1000,0.001,1 MHz (plan spec),33.5178,0.00161551,0.00661551,5.5e-06,5.5e-07,1.90526e-08,3.2428e-06,1.26042e-10,7.09605e-11,0.001,8.07754e-05,2.70742,3.095,0.250002,2.70742,3.67037e+06,4.79647e+06,591334,772759,3.93695e-15,9.48557e-12
1,5,50,1000,0.001,100 MHz,0.335178,0.00161551,0.00661551,5.5e-06,5.5e-07,1.90526e-08,3.2428e-06,1.26042e-10,7.09605e-11,0.001,8.07754e-05,0.0270742,3.095,0.250002,0.0270927,367.541,4.79647e+06,59.2146,772759,3.93695e-15,0.997462
1,5,50,1000,0.001,1 GHz,0.0335178,0.00161551,0.00661551,5.5e-06,5.5e-07,1.90526e-08,3.2428e-06,1.26042e-10,7.09605e-11,0.001,8.07754e-05,0.00270742,3.095,0.250002,0.00288733,4.17438,4.79647e+06,0.672534,772759,3.93695e-15,0.999971
1,5,50,1000,0.01,1 MHz (plan spec),33.5178,0.00161551,0.00661551,5.5e-06,5.5e-07,1.90526e-08,3.2428e-06,1.26042e-10,7.09605e-11,0.001,0.000807754,2.70742,3.095,0.250003,2.70742,3.67037e+06,4.79647e+06,591334,772759,3.93695e-15,9.48555e-12
1,5,50,1000,0.01,100 MHz,0.335178,0.00161551,0.00661551,5.5e-06,5.5e-07,1.90526e-08,3.2428e-06,1.26042e-10,7.09605e-11,0.001,0.000807754,0.0270742,3.095,0.250003,0.0271047,367.865,4.79647e+06,59.2667,772759,3.93695e-15,0.997459
1,5,50,1000,0.01,1 GHz,0.0335178,0.00161551,0.00661551,5.5e-06,5.5e-07,1.90526e-08,3.2428e-06,1.26042e-10,7.09605e-11,0.001,0.000807754,0.00270742,3.095,0.250003,0.0029971,4.49782,4.79647e+06,0.724644,772759,3.93695e-15,0.999969
1,5,100,50,0.001,1 MHz (plan spec),33.5178,0.00161551,0.00661551,5.5e-06,5.5e-07,1.90526e-08,3.2428e-06,1.26042e-10,7.09605e-11,5e-05,0.000161551,5.41483,3.095,0.5,5.41483,1.46815e+07,4.79647e+06,2.36533e+06,772759,3.93695e-15,8.09579e-45
1,5,100,50,0.001,100 MHz,0.335178,0.00161551,0.00661551,5.5e-06,5.5e-07,1.90526e-08,3.2428e-06,1.26042e-10,7.09605e-11,5e-05,0.000161551,0.0541483,3.095,0.5,0.0541486,1468.16,4.79647e+06,236.536,772759,3.93695e-15,0.989899
1,5,100,50,0.001,1 GHz,0.0335178,0.00161551,0.00661551,5.5e-06,5.5e-07,1.90526e-08,3.2428e-06,1.26042e-10,7.09605e-11,5e-05,0.000161551,0.00541483,3.095,0.5,0.00541748,14.6958,4.79647e+06,2.36764,772759,3.93695e-15,0.999898
1,5,100,50,0.01,1 MHz (plan spec),33.5178,0.00161551,0.00661551,5.5e-06,5.5e-07,1.90526e-08,3.2428e-06,1.26042e-10,7.09605e-11,5e-05,0.00161551,5.41483,3.095,0.500003,5.41483,1.46815e+07,4.79647e+06,2.36534e+06,772759,3.93695e-15,8.09572e-45
1,5,100,50,0.01,100 MHz,0.335178,0.00161551,0.00661551,5.5e-06,5.5e-07,1.90526e-08,3.2428e-06,1.26042e-10,7.09605e-11,5e-05,0.00161551,0.0541483,3.095,0.500003,0.0541724,1469.46,4.79647e+06,236.744,772759,3.93695e-15,0.98989
1,5,100,50,0.01,1 GHz,0.0335178,0.00161551,0.00661551,5.5e-06,5.5e-07,1.90526e-08,3.2428e-06,1.26042e-10,7.09605e-11,5e-05,0.00161551,0.00541483,3.095,0.500003,0.00565091,15.9896,4.79647e+06,2.57608,772759,3.93695e-15,0.999889
1,5,100,200,0.001,1 MHz (plan spec),33.5178,0.00161551,0.00661551,5.5e-06,5.5e-07,1.90526e-08,3.2428e-06,1.26042e-10,7.09605e-11,0.0002,0.000161551,5.41483,3.095,0.5,5.41483,1.46815e+07,4.79647e+06,2.36533e+06,772759,3.93695e-15,8.09579e-45
1,5,100,200,0.001,100 MHz,0.335178,0.00161551,0.00661551,5.5e-06,5.5e-07,1.90526e-08,3.2428e-06,1.26042e-10,7.09605e-11,0.0002,0.000161551,0.0541483,3.095,0.5,0.0541489,1468.18,4.79647e+06,236.539,772759,3.93695e-15,0.989899
1,5,100,200,0.001,1 GHz,0.0335178,0.00161551,0.00661551,5.5e-06,5.5e-07,1.90526e-08,3.2428e-06,1.26042e-10,7.09605e-11,0.0002,0.000161551,0.00541483,3.095,0.5,0.00542094,14.7146,4.79647e+06,2.37067,772759,3.93695e-15,0.999898
1,5,100,200,0.01,1 MHz (plan spec),33.5178,0.00161551,0.00661551,5.5e-06,5.5e-07,1.90526e-08,3.2428e-06,1.26042e-10,7.09605e-11,0.0002,0.00161551,5.41483,3.095,0.500003,5.41483,1.46815e+07,4.79647e+06,2.36534e+06,772759,3.93695e-15,8.09572e-45
1,5,100,200,0.01,100 MHz,0.335178,0.00161551,0.00661551,5.5e-06,5.5e-07,1.90526e-08,3.2428e-06,1.26042e-10,7.09605e-11,0.0002,0.00161551,0.0541483,3.095,0.500003,0.0541728,1469.48,4.79647e+06,236.747,772759,3.93695e-15,0.98989
1,5,100,200,0.01,1 GHz,0.0335178,0.00161551,0.00661551,5.5e-06,5.5e-07,1.90526e-08,3.2428e-06,1.26042e-10,7.09605e-11,0.0002,0.00161551,0.00541483,3.095,0.500003,0.00565423,16.0084,4.79647e+06,2.57911,772759,3.93695e-15,0.999889
1,5,100,1000,0.001,1 MHz (plan spec),33.5178,0.00161551,0.00661551,5.5e-06,5.5e-07,1.90526e-08,3.2428e-06,1.26042e-10,7.09605e-11,0.001,0.000161551,5.41483,3.095,0.500001,5.41483,1.46815e+07,4.79647e+06,2.36533e+06,772759,3.93695e-15,8.09577e-45
1,5,100,1000,0.001,100 MHz,0.335178,0.00161551,0.00661551,5.5e-06,5.5e-07,1.90526e-08,3.2428e-06,1.26042e-10,7.09605e-11,0.001,0.000161551,0.0541483,3.095,0.500001,0.0541578,1468.66,4.79647e+06,236.616,772759,3.93695e-15,0.989895
1,5,100,1000,0.001,1 GHz,0.0335178,0.00161551,0.00661551,5.5e-06,5.5e-07,1.90526e-08,3.2428e-06,1.26042e-10,7.09605e-11,0.001,0.000161551,0.00541483,3.095,0.500001,0.00550877,15.1953,4.79647e+06,2.44811,772759,3.93695e-15,0.999895
1,5,100,1000,0.01,1 MHz (plan spec),33.5178,0.00161551,0.00661551,5.5e-06,5.5e-07,1.90526e-08,3.2428e-06,1.26042e-10,7.09605e-11,0.001,0.00161551,5.41483,3.095,0.500004,5.41483,1.46815e+07,4.79647e+06,2.36534e+06,772759,3.93695e-15,8.09569e-45
1,5,100,1000,0.01,100 MHz,0.335178,0.00161551,0.00661551,5.5e-06,5.5e-07,1.90526e-08,3.2428e-06,1.26042e-10,7.09605e-11,0.001,0.00161551,0.0541483,3.095,0.500004,0.0541817,1469.96,4.79647e+06,236.825,772759,3.93695e-15,0.989886
1,5,100,1000,0.01,1 GHz,0.0335178,0.00161551,0.00661551,5.5e-06,5.5e-07,1.90526e-08,3.2428e-06,1.26042e-10,7.09605e-11,0.001,0.00161551,0.00541483,3.095,0.500004,0.00573849,16.4891,4.79647e+06,2.65655,772759,3.93695e-15,0.999886
1,10,1,50,0.001,1 MHz (plan spec),33.5178,0.00161551,0.0116155,5.5e-06,5.5e-07,1.90526e-08,3.2428e-06,2.21305e-10,2.18759e-10,5e-05,1.61551e-06,0.0541483,6.19,0.0100001,0.0541484,1468.15,1.91859e+07,236.534,3.09103e+06,2.40238e-58,0.989899
1,10,1,50,0.001,100 MHz,0.335178,0.00161551,0.0116155,5.5e-06,5.5e-07,1.90526e-08,3.2428e-06,2.21305e-10,2.18759e-10,5e-05,1.61551e-06,0.000541483,6.19,0.0100001,0.000543817,0.148083,1.91859e+07,0.0238577,3.09103e+06,2.40238e-58,0.999999
1,10,1,50,0.001,1 GHz,0.0335178,0.00161551,0.0116155,5.5e-06,5.5e-07,1.90526e-08,3.2428e-06,2.21305e-10,2.18759e-10,5e-05,1.61551e-06,5.41483e-05,6.19,0.0100001,7.3925e-05,0.00273642,1.91859e+07,0.000440864,3.09103e+06,2.40238e-58,1
1,10,1,50,0.01,1 MHz (plan spec),33.5178,0.00161551,0.0116155,5.5e-06,5.5e-07,1.90526e-08,3.2428e-06,2.21305e-10,2.18759e-10,5e-05,1.61551e-05,0.0541483,6.19,0.0100001,0.0541484,1468.15,1.91859e+07,236.534,3.09103e+06,2.40238e-58,0.989899
1,10,1,50,0.01,100 MHz,0.335178,0.00161551,0.0116155,5.5e-06,5.5e-07,1.90526e-08,3.2428e-06,2.21305e-10,2.18759e-10,5e-05,1.61551e-05,0.000541483,6.19,0.0100001,0.000544055,0.148213,1.91859e+07,0.0238785,3.09103e+06,2.40238e-58,0.999999
1,10,1,50,0.01,1 GHz,0.0335178,0.00161551,0.0116155,5.5e-06,5.5e-07,1.90526e-08,3.2428e-06,2.21305e-10,2.18759e-10,5e-05,1.61551e-05,5.41483e-05,6.19,0.0100001,7.56524e-05,0.00286579,1.91859e+07,0.000461708,3.09103e+06,2.40238e-58,1
1,10,1,200,0.001,1 MHz (plan spec),33.5178,0.00161551,0.0116155,5.5e-06,5.5e-07,1.90526e-08,3.2428e-06,2.21305e-10,2.18759e-10,0.0002,1.61551e-06,0.0541483,6.19,0.010002,0.0541487,1468.17,1.91859e+07,236.537,3.09103e+06,2.40238e-58,0.989899
1,10,1,200,0.001,100 MHz,0.335178,0.00161551,0.0116155,5.5e-06,5.5e-07,1.90526e-08,3.2428e-06,2.21305e-10,2.18759e-10,0.0002,1.61551e-06,0.000541483,6.19,0.010002,0.000577267,0.16686,1.91859e+07,0.0268829,3.09103e+06,2.40238e-58,0.999999
1,10,1,200,0.001,1 GHz,0.0335178,0.00161551,0.0116155,5.5e-06,5.5e-07,1.90526e-08,3.2428e-06,2.21305e-10,2.18759e-10,0.0002,1.61551e-06,5.41483e-05,6.19,0.010002,0.00020728,0.0215136,1.91859e+07,0.00346606,3.09103e+06,2.40238e-58,1
1,10,1,200,0.01,1 MHz (plan spec),33.5178,0.00161551,0.0116155,5.5e-06,5.5e-07,1.90526e-08,3.2428e-06,2.21305e-10,2.18759e-10,0.0002,1.61551e-05,0.0541483,6.19,0.010002,0.0541487,1468.17,1.91859e+07,236.537,3.09103e+06,2.40238e-58,0.989899
1,10,1,200,0.01,100 MHz,0.335178,0.00161551,0.0116155,5.5e-06,5.5e-07,1.90526e-08,3.2428e-06,2.21305e-10,2.18759e-10,0.0002,1.61551e-05,0.000541483,6.19,0.010002,0.000577491,0.16699,1.91859e+07,0.0269037,3.09103e+06,2.40238e-58,0.999999
1,10,1,200,0.01,1 GHz,0.0335178,0.00161551,0.0116155,5.5e-06,5.5e-07,1.90526e-08,3.2428e-06,2.21305e-10,2.18759e-10,0.0002,1.61551e-05,5.41483e-05,6.19,0.010002,0.000207902,0.021643,1.91859e+07,0.00348691,3.09103e+06,2.40238e-58,1
1,10,1,1000,0.001,1 MHz (plan spec),33.5178,0.00161551,0.0116155,5.5e-06,5.5e-07,1.90526e-08,3.2428e-06,2.21305e-10,2.18759e-10,0.001,1.61551e-06,0.0541483,6.19,0.0100499,0.0541576,1468.65,1.91859e+07,236.614,3.09103e+06,2.40238e-58,0.989895
1,10,1,1000,0.001,100 MHz,0.335178,0.00161551,0.0116155,5.5e-06,5.5e-07,1.90526e-08,3.2428e-06,2.21305e-10,2.18759e-10,0.001,1.61551e-06,0.000541483,6.19,0.0100499,0.00113721,0.647557,1.91859e+07,0.104328,3.09103e+06,2.40238e-58,0.999996
1,10,1,1000,0.001,1 GHz,0.0335178,0.00161551,0.0116155,5.5e-06,5.5e-07,1.90526e-08,3.2428e-06,2.21305e-10,2.18759e-10,0.001,1.61551e-06,5.41483e-05,6.19,0.0100499,0.00100148,0.502211,1.91859e+07,0.0809111,3.09103e+06,2.40238e-58,0.999997
1,10,1,1000,0.01,1 MHz (plan spec),33.5178,0.00161551,0.0116155,5.5e-06,5.5e-07,1.90526e-08,3.2428e-06,2.21305e-10,2.18759e-10,0.001,1.61551e-05,0.0541483,6.19,0.0100499,0.0541576,1468.65,1.91859e+07,236.614,3.09103e+06,2.40238e-58,0.989895
1,10,1,1000,0.01,100 MHz,0.335178,0.00161551,0.0116155,5.5e-06,5.5e-07,1.90526e-08,3.2428e-06,2.21305e-10,2.18759e-10,0.001,1.61551e-05,0.000541483,6.19,0.0100499,0.00113732,0.647687,1.91859e+07,0.104349,3.09103e+06,2.40238e-58,0.999996
1,10,1,1000,0.01,1 GHz,0.0335178,0.00161551,0.0116155,5.5e-06,5.5e-07,1.90526e-08,3.2428e-06,2.21305e-10,2.18759e-10,0.001,1.61551e-05,5.41483e-05,6.19,0.0100499,0.00100161,0.50234,1.91859e+07,0.080932,3.09103e+06,2.40238e-58,0.999997
1,10,10,50,0.001,1 MHz (plan spec),33.5178,0.00161551,0.0116155,5.5e-06,5.5e-07,1.90526e-08,3.2428e-06,2.21305e-10,2.18759e-10,5e-05,1.61551e-05,0.541483,6.19,0.1,0.541483,146815,1.91859e+07,23653.3,3.09103e+06,2.40238e-58,0.362312
1,10,10,50,0.001,100 MHz,0.335178,0.00161551,0.0116155,5.5e-06,5.5e-07,1.90526e-08,3.2428e-06,2.21305e-10,2.18759e-10,5e-05,1.61551e-05,0.00541483,6.19,0.1,0.00541509,14.6829,1.91859e+07,2.36556,3.09103e+06,2.40238e-58,0.999898
1,10,10,50,0.001,1 GHz,0.0335178,0.00161551,0.0116155,5.5e-06,5.5e-07,1.90526e-08,3.2428e-06,2.21305e-10,2.18759e-10,5e-05,1.61551e-05,0.000541483,6.19,0.1,0.000544055,0.148213,1.91859e+07,0.0238785,3.09103e+06,2.40238e-58,0.999999
1,10,10,50,0.01,1 MHz (plan spec),33.5178,0.00161551,0.0116155,5.5e-06,5.5e-07,1.90526e-08,3.2428e-06,2.21305e-10,2.18759e-10,5e-05,0.000161551,0.541483,6.19,0.1,0.541483,146815,1.91859e+07,23653.4,3.09103e+06,2.40238e-58,0.362312
1,10,10,50,0.01,100 MHz,0.335178,0.00161551,0.0116155,5.5e-06,5.5e-07,1.90526e-08,3.2428e-06,2.21305e-10,2.18759e-10,5e-05,0.000161551,0.00541483,6.19,0.1,0.00541748,14.6958,1.91859e+07,2.36764,3.09103e+06,2.40238e-58,0.999898
1,10,10,50,0.01,1 GHz,0.0335178,0.00161551,0.0116155,5.5e-06,5.5e-07,1.90526e-08,3.2428e-06,2.21305e-10,2.18759e-10,5e-05,0.000161551,0.000541483,6.19,0.1,0.000567303,0.16115,1.91859e+07,0.0259629,3.09103e+06,2.40238e-58,0.999999
1,10,10,200,0.001,1 MHz (plan spec),33.5178,0.00161551,0.0116155,5.5e-06,5.5e-07,1.90526e-08,3.2428e-06,2.21305e-10,2.18759e-10,0.0002,1.61551e-05,0.541483,6.19,0.1,0.541483,146815,1.91859e+07,23653.4,3.09103e+06,2.40238e-58,0.362312
1,10,10,200,0.001,100 MHz,0.335178,0.00161551,0.0116155,5.5e-06,5.5e-07,1.90526e-08,3.2428e-06,2.21305e-10,2.18759e-10,0.0002,1.61551e-05,0.00541483,6.19,0.1,0.00541855,14.7017,1.91859e+07,2.36859,3.09103e+06,2.40238e-58,0.999898
1,10,10,200,0.001,1 GHz,0.0335178,0.00161551,0.0116155,5.5e-06,5.5e-07,1.90526e-08,3.2428e-06,2.21305e-10,2.18759e-10,0.0002,1.61551e-05,0.000541483,6.19,0.1,0.000577491,0.16699,1.91859e+07,0.0269037,3.09103e+06,2.40238e-58,0.999999
1,10,10,200,0.01,1 MHz (plan spec),33.5178,0.00161551,0.0116155,5.5e-06,5.5e-07,1.90526e-08,3.2428e-06,2.21305e-10,2.18759e-10,0.0002,0.000161551,0.541483,6.19,0.1,0.541483,146815,1.91859e+07,23653.4,3.09103e+06,2.40238e-58,0.362312
1,10,10,200,0.01,100 MHz,0.335178,0.00161551,0.0116155,5.5e-06,5.5e-07,1.90526e-08,3.2428e-06,2.21305e-10,2.18759e-10,0.0002,0.000161551,0.00541483,6.19,0.1,0.00542094,14.7146,1.91859e+07,2.37067,3.09103e+06,2.40238e-58,0.999898
1,10,10,200,0.01,1 GHz,0.0335178,0.00161551,0.0116155,5.5e-06,5.5e-07,1.90526e-08,3.2428e-06,2.21305e-10,2.18759e-10,0.0002,0.000161551,0.000541483,6.19,0.1,0.000599444,0.179927,1.91859e+07,0.0289881,3.09103e+06,2.40238e-58,0.999999
1,10,10,1000,0.001,1 MHz (plan spec),33.5178,0.00161551,0.0116155,5.5e-06,5.5e-07,1.90526e-08,3.2428e-06,2.21305e-10,2.18759e-10,0.001,1.61551e-05,0.541483,6.19,0.100005,0.541484,146815,1.91859e+07,23653.4,3.09103e+06,2.40238e-58,0.362311
1,10,10,1000,0.001,100 MHz,0.335178,0.00161551,0.0116155,5.5e-06,5.5e-07,1.90526e-08,3.2428e-06,2.21305e-10,2.18759e-10,0.001,1.61551e-05,0.00541483,6.19,0.100005,0.00550642,15.1824,1.91859e+07,2.44603,3.09103e+06,2.40238e-58,0.999895
1,10,10,1000,0.001,1 GHz,0.0335178,0.00161551,0.0116155,5.5e-06,5.5e-07,1.90526e-08,3.2428e-06,2.21305e-10,2.18759e-10,0.001,1.61551e-05,0.000541483,6.19,0.100005,0.00113732,0.647687,1.91859e+07,0.104349,3.09103e+06,2.40238e-58,0.999996
1,10,10,1000,0.01,1 MHz (plan spec),33.5178,0.00161551,0.0116155,5.5e-06,5.5e-07,1.90526e-08,3.2428e-06,2.21305e-10,2.18759e-10,0.001,0.000161551,0.541483,6.19,0.100005,0.541484,146815,1.91859e+07,23653.4,3.09103e+06,2.40238e-58,0.362311
1,10,10,1000,0.01,100 MHz,0.335178,0.00161551,0.0116155,5.5e-06,5.5e-07,1.90526e-08,3.2428e-06,2.21305e-10,2.18759e-10,0.001,0.000161551,0.00541483,6.19,0.100005,0.00550877,15.1953,1.91859e+07,2.44811,3.09103e+06,2.40238e-58,0.999895
1,10,10,1000,0.01,1 GHz,0.0335178,0.00161551,0.0116155,5.5e-06,5.5e-07,1.90526e-08,3.2428e-06,2.21305e-10,2.18759e-10,0.001,0.000161551,0.000541483,6.19,0.100005,0.00114862,0.660624,1.91859e+07,0.106433,3.09103e+06,2.40238e-58,0.999995
1,10,50,50,0.001,1 MHz (plan spec),33.5178,0.00161551,0.0116155,5.5e-06,5.5e-07,1.90526e-08,3.2428e-06,2.21305e-10,2.18759e-10,5e-05,8.07754e-05,2.70742,6.19,0.5,2.70742,3.67037e+06,1.91859e+07,591334,3.09103e+06,2.40238e-58,9.4856e-12
1,10,50,50,0.001,100 MHz,0.335178,0.00161551,0.0116155,5.5e-06,5.5e-07,1.90526e-08,3.2428e-06,2.21305e-10,2.18759e-10,5e-05,8.07754e-05,0.0270742,6.19,0.5,0.0270743,367.042,1.91859e+07,59.1341,3.09103e+06,2.40238e-58,0.997465
1,10,50,50,0.001,1 GHz,0.0335178,0.00161551,0.0116155,5.5e-06,5.5e-07,1.90526e-08,3.2428e-06,2.21305e-10,2.18759e-10,5e-05,8.07754e-05,0.00270742,6.19,0.5,0.00270909,3.67491,1.91859e+07,0.592064,3.09103e+06,2.40238e-58,0.999975
1,10,50,50,0.01,1 MHz (plan spec),33.5178,0.00161551,0.0116155,5.5e-06,5.5e-07,1.90526e-08,3.2428e-06,2.21305e-10,2.18759e-10,5e-05,0.000807754,2.70742,6.19,0.500001,2.70742,3.67037e+06,1.91859e+07,591334,3.09103e+06,2.40238e-58,9.48558e-12
1,10,50,50,0.01,100 MHz,0.335178,0.00161551,0.0116155,5.5e-06,5.5e-07,1.90526e-08,3.2428e-06,2.21305e-10,2.18759e-10,5e-05,0.000807754,0.0270742,6.19,0.500001,0.0270863,367.365,1.91859e+07,59.1862,3.09103e+06,2.40238e-58,0.997463
1,10,50,50,0.01,1 GHz,0.0335178,0.00161551,0.0116155,5.5e-06,5.5e-07,1.90526e-08,3.2428e-06,2.21305e-10,2.18759e-10,5e-05,0.000807754,0.00270742,6.19,0.500001,0.00282579,3.99835,1.91859e+07,0.644174,3.09103e+06,2.40238e-58,0.999972
1,10,50,200,0.001,1 MHz (plan spec),33.5178,0.00161551,0.0116155,5.5e-06,5.5e-07,1.90526e-08,3.2428e-06,2.21305e-10,2.18759e-10,0.0002,8.07754e-05,2.70742,6.19,0.5,2.70742,3.67037e+06,1.91859e+07,591334,3.09103e+06,2.40238e-58,9.4856e-12
1,10,50,200,0.001,100 MHz,0.335178,0.00161551,0.0116155,5.5e-06,5.5e-07,1.90526e-08,3.2428e-06,2.21305e-10,2.18759e-10,0.0002,8.07754e-05,0.0270742,6.19,0.5,0.027075,367.061,1.91859e+07,59.1371,3.09103e+06,2.40238e-58,0.997465
1,10,50,200,0.001,1 GHz,0.0335178,0.00161551,0.0116155,5.5e-06,5.5e-07,1.90526e-08,3.2428e-06,2.21305e-10,2.18759e-10,0.0002,8.07754e-05,0.00270742,6.19,0.5,0.002716,3.69368,1.91859e+07,0.595089,3.09103e+06,2.40238e-58,0.999974
1,10,50,200,0.01,1 MHz (plan spec),33.5178,0.00161551,0.0116155,5.5e-06,5.5e-07,1.90526e-08,3.2428e-06,2.21305e-10,2.18759e-10,0.0002,0.000807754,2.70742,6.19,0.500001,2.70742,3.67037e+06,1.91859e+07,591334,3.09103e+06,2.40238e-58,9.48558e-12
1,10,50,200,0.01,100 MHz,0.335178,0.00161551,0.0116155,5.5e-06,5.5e-07,1.90526e-08,3.2428e-06,2.21305e-10,2.18759e-10,0.0002,0.000807754,0.0270742,6.19,0.500001,0.027087,367.384,1.91859e+07,59.1892,3.09103e+06,2.40238e-58,0.997463
1,10,50,200,0.01,1 GHz,0.0335178,0.00161551,0.0116155,5.5e-06,5.5e-07,1.90526e-08,3.2428e-06,2.21305e-10,2.18759e-10,0.0002,0.000807754,0.00270742,6.19,0.500001,0.00283242,4.01713,1.91859e+07,0.647199,3.09103e+06,2.40238e-58,0.999972
1,10,50,1000,0.001,1 MHz (plan spec),33.5178,0.00161551,0.0116155,5.5e-06,5.5e-07,1.90526e-08,3.2428e-06,2.21305e-10,2.18759e-10,0.001,8.07754e-05,2.70742,6.19,0.500001,2.70742,3.67037e+06,1.91859e+07,591334,3.09103e+06,2.40238e-58,9.48557e-12
1,10,50,1000,0.001,100 MHz,0.335178,0.00161551,0.0116155,5.5e-06,5.5e-07,1.90526e-08,3.2428e-06,2.21305e-10,2.18759e-10,0.001,8.07754e-05,0.0270742,6.19,0.500001,0.0270927,367.541,1.91859e+07,59.2146,3.09103e+06,2.40238e-58,0.997462
1,10,50,1000,0.001,1 GHz,0.0335178,0.00161551,0.0116155,5.5e-06,5.5e-07,1.90526e-08,3.2428e-06,2.21305e-10,2.18759e-10,0.001,8.07754e-05,0.00270742,6.19,0.500001,0.00288733,4.17438,1.91859e+07,0.672534,3.09103e+06,2.40238e-58,0.999971
1,10,50,1000,0.01,1 MHz (plan spec),33.5178,0.00161551,0.0116155,5.5e-06,5.5e-07,1.90526e-08,3.2428e-06,2.21305e-10,2.18759e-10,0.001,0.000807754,2.70742,6.19,0.500002,2.70742,3.67037e+06,1.91859e+07,591334,3.09103e+06,2.40238e-58,9.48555e-12
1,10,50,1000,0.01,100 MHz,0.335178,0.00161551,0.0116155,5.5e-06,5.5e-07,1.90526e-08,3.2428e-06,2.21305e-10,2.18759e-10,0.001,0.000807754,0.0270742,6.19,0.500002,0.0271047,367.865,1.91859e+07,59.2667,3.09103e+06,2.40238e-58,0.997459
1,10,50,1000,0.01,1 GHz,0.0335178,0.00161551,0.0116155,5.5e-06,5.5e-07,1.90526e-08,3.2428e-06,2.21305e-10,2.18759e-10,0.001,0.000807754,0.00270742,6.19,0.500002,0.0029971,4.49782,1.91859e+07,0.724644,3.09103e+06,2.40238e-58,0.999969
1,10,100,50,0.001,1 MHz (plan spec),33.5178,0.00161551,0.0116155,5.5e-06,5.5e-07,1.90526e-08,3.2428e-06,2.21305e-10,2.18759e-10,5e-05,0.000161551,5.41483,6.19,1,5.41483,1.46815e+07,1.91859e+07,2.36533e+06,3.09103e+06,2.40238e-58,8.09579e-45
1,10,100,50,0.001,100 MHz,0.335178,0.00161551,0.0116155,5.5e-06,5.5e-07,1.90526e-08,3.2428e-06,2.21305e-10,2.18759e-10,5e-05,0.000161551,0.0541483,6.19,1,0.0541486,1468.16,1.91859e+07,236.536,3.09103e+06,2.40238e-58,0.989899
1,10,100,50,0.001,1 GHz,0.0335178,0.00161551,0.0116155,5.5e-06,5.5e-07,1.90526e-08,3.2428e-06,2.21305e-10,2.18759e-10,5e-05,0.000161551,0.00541483,6.19,1,0.00541748,14.6958,1.91859e+07,2.36764,3.09103e+06,2.40238e-58,0.999898
1,10,100,50,0.01,1 MHz (plan spec),33.5178,0.00161551,0.0116155,5.5e-06,5.5e-07,1.90526e-08,3.2428e-06,2.21305e-10,2.18759e-10,5e-05,0.00161551,5.41483,6.19,1,5.41483,1.46815e+07,1.91859e+07,2.36534e+06,3.09103e+06,2.40238e-58,8.09572e-45
1,10,100,50,0.01,100 MHz,0.335178,0.00161551,0.0116155,5.5e-06,5.5e-07,1.90526e-08,3.2428e-06,2.21305e-10,2.18759e-10,5e-05,0.00161551,0.0541483,6.19,1,0.0541724,1469.46,1.91859e+07,236.744,3.09103e+06,2.40238e-58,0.98989
1,10,100,50,0.01,1 GHz,0.0335178,0.00161551,0.0116155,5.5e-06,5.5e-07,1.90526e-08,3.2428e-06,2.21305e-10,2.18759e-10,5e-05,0.00161551,0.00541483,6.19,1,0.00565091,15.9896,1.91859e+07,2.57608,3.09103e+06,2.40238e-58,0.999889
1,10,100,200,0.001,1 MHz (plan spec),33.5178,0.00161551,0.0116155,5.5e-06,5.5e-07,1.90526e-08,3.2428e-06,2.21305e-10,2.18759e-10,0.0002,0.000161551,5.41483,6.19,1,5.41483,1.46815e+07,1.91859e+07,2.36533e+06,3.09103e+06,2.40238e-58,8.09579e-45
1,10,100,200,0.001,100 MHz,0.335178,0.00161551,0.0116155,5.5e-06,5.5e-07,1.90526e-08,3.2428e-06,2.21305e-10,2.18759e-10,0.0002,0.000161551,0.0541483,6.19,1,0.0541489,1468.18,1.91859e+07,236.539,3.09103e+06,2.40238e-58,0.989899
1,10,100,200,0.001,1 GHz,0.0335178,0.00161551,0.0116155,5.5e-06,5.5e-07,1.90526e-08,3.2428e-06,2.21305e-10,2.18759e-10,0.0002,0.000161551,0.00541483,6.19,1,0.00542094,14.7146,1.91859e+07,2.37067,3.09103e+06,2.40238e-58,0.999898
1,10,100,200,0.01,1 MHz (plan spec),33.5178,0.00161551,0.0116155,5.5e-06,5.5e-07,1.90526e-08,3.2428e-06,2.21305e-10,2.18759e-10,0.0002,0.00161551,5.41483,6.19,1,5.41483,1.46815e+07,1.91859e+07,2.36534e+06,3.09103e+06,2.40238e-58,8.09572e-45
1,10,100,200,0.01,100 MHz,0.335178,0.00161551,0.0116155,5.5e-06,5.5e-07,1.90526e-08,3.2428e-06,2.21305e-10,2.18759e-10,0.0002,0.00161551,0.0541483,6.19,1,0.0541728,1469.48,1.91859e+07,236.747,3.09103e+06,2.40238e-58,0.98989
1,10,100,200,0.01,1 GHz,0.0335178,0.00161551,0.0116155,5.5e-06,5.5e-07,1.90526e-08,3.2428e-06,2.21305e-10,2.18759e-10,0.0002,0.00161551,0.00541483,6.19,1,0.00565423,16.0084,1.91859e+07,2.57911,3.09103e+06,2.40238e-58,0.999889
1,10,100,1000,0.001,1 MHz (plan spec),33.5178,0.00161551,0.0116155,5.5e-06,5.5e-07,1.90526e-08,3.2428e-06,2.21305e-10,2.18759e-10,0.001,0.000161551,5.41483,6.19,1,5.41483,1.46815e+07,1.91859e+07,2.36533e+06,3.09103e+06,2.40238e-58,8.09577e-45
1,10,100,1000,0.001,100 MHz,0.335178,0.00161551,0.0116155,5.5e-06,5.5e-07,1.90526e-08,3.2428e-06,2.21305e-10,2.18759e-10,0.001,0.000161551,0.0541483,6.19,1,0.0541578,1468.66,1.91859e+07,236.616,3.09103e+06,2.40238e-58,0.989895
1,10,100,1000,0.001,1 GHz,0.0335178,0.00161551,0.0116155,5.5e-06,5.5e-07,1.90526e-08,3.2428e-06,2.21305e-10,2.18759e-10,0.001,0.000161551,0.00541483,6.19,1,0.00550877,15.1953,1.91859e+07,2.44811,3.09103e+06,2.40238e-58,0.999895
1,10,100,1000,0.01,1 MHz (plan spec),33.5178,0.00161551,0.0116155,5.5e-06,5.5e-07,1.90526e-08,3.2428e-06,2.21305e-10,2.18759e-10,0.001,0.00161551,5.41483,6.19,1,5.41483,1.46815e+07,1.91859e+07,2.36534e+06,3.09103e+06,2.40238e-58,8.09569e-45
1,10,100,1000,0.01,100 MHz,0.335178,0.00161551,0.0116155,5.5e-06,5.5e-07,1.90526e-08,3.2428e-06,2.21305e-10,2.18759e-10,0.001,0.00161551,0.0541483,6.19,1,0.0541817,1469.96,1.91859e+07,236.825,3.09103e+06,2.40238e-58,0.989886
1,10,100,1000,0.01,1 GHz,0.0335178,0.00161551,0.0116155,5.5e-06,5.5e-07,1.90526e-08,3.2428e-06,2.21305e-10,2.18759e-10,0.001,0.00161551,0.00541483,6.19,1,0.00573849,16.4891,1.91859e+07,2.65655,3.09103e+06,2.40238e-58,0.999886
1,50,1,50,0.001,1 MHz (plan spec),33.5178,0.00161551,0.0516155,5.5e-06,5.5e-07,1.90526e-08,3.2428e-06,9.83408e-10,4.31967e-09,5e-05,1.61551e-06,0.0541483,30.95,0.05,0.0541484,1468.15,4.79647e+08,236.534,7.72759e+07,0,0.989899
1,50,1,50,0.001,100 MHz,0.335178,0.00161551,0.0516155,5.5e-06,5.5e-07,1.90526e-08,3.2428e-06,9.83408e-10,4.31967e-09,5e-05,1.61551e-06,0.000541483,30.95,0.05,0.000543817,0.148083,4.79647e+08,0.0238577,7.72759e+07,0,0.999999
1,50,1,50,0.001,1 GHz,0.0335178,0.00161551,0.0516155,5.5e-06,5.5e-07,1.90526e-08,3.2428e-06,9.83408e-10,4.31967e-09,5e-05,1.61551e-06,5.41483e-05,30.95,0.05,7.3925e-05,0.00273642,4.79647e+08,0.000440864,7.72759e+07,0,1
1,50,1,50,0.01,1 MHz (plan spec),33.5178,0.00161551,0.0516155,5.5e-06,5.5e-07,1.90526e-08,3.2428e-06,9.83408e-10,4.31967e-09,5e-05,1.61551e-05,0.0541483,30.95,0.05,0.0541484,1468.15,4.79647e+08,236.534,7.72759e+07,0,0.989899
1,50,1,50,0.01,100 MHz,0.335178,0.00161551,0.0516155,5.5e-06,5.5e-07,1.90526e-08,3.2428e-06,9.83408e-10,4.31967e-09,5e-05,1.61551e-05,0.000541483,30.95,0.05,0.000544055,0.148213,4.79647e+08,0.0238785,7.72759e+07,0,0.999999
1,50,1,50,0.01,1 GHz,0.0335178,0.00161551,0.0516155,5.5e-06,5.5e-07,1.90526e-08,3.2428e-06,9.83408e-10,4.31967e-09,5e-05,1.61551e-05,5.41483e-05,30.95,0.05,7.56524e-05,0.00286579,4.79647e+08,0.000461708,7.72759e+07,0,1
1,50,1,200,0.001,1 MHz (plan spec),33.5178,0.00161551,0.0516155,5.5e-06,5.5e-07,1.90526e-08,3.2428e-06,9.83408e-10,4.31967e-09,0.0002,1.61551e-06,0.0541483,30.95,0.0500004,0.0541487,1468.17,4.79647e+08,236.537,7.72759e+07,0,0.989899
1,50,1,200,0.001,100 MHz,0.335178,0.00161551,0.0516155,5.5e-06,5.5e-07,1.90526e-08,3.2428e-06,9.83408e-10,4.31967e-09,0.0002,1.61551e-06,0.000541483,30.95,0.0500004,0.000577267,0.16686,4.79647e+08,0.0268829,7.72759e+07,0,0.999999
1,50,1,200,0.001,1 GHz,0.0335178,0.00161551,0.0516155,5.5e-06,5.5e-07,1.90526e-08,3.2428e-06,9.83408e-10,4.31967e-09,0.0002,1.61551e-06,5.41483e-05,30.95,0.0500004,0.00020728,0.0215136,4.79647e+08,0.00346606,7.72759e+07,0,1
1,50,1,200,0.01,1 MHz (plan spec),33.5178,0.00161551,0.0516155,5.5e-06,5.5e-07,1.90526e-08,3.2428e-06,9.83408e-10,4.31967e-09,0.0002,1.61551e-05,0.0541483,30.95,0.0500004,0.0541487,1468.17,4.79647e+08,236.537,7.72759e+07,0,0.989899
1,50,1,200,0.01,100 MHz,0.335178,0.00161551,0.0516155,5.5e-06,5.5e-07,1.90526e-08,3.2428e-06,9.83408e-10,4.31967e-09,0.0002,1.61551e-05,0.000541483,30.95,0.0500004,0.000577491,0.16699,4.79647e+08,0.0269037,7.72759e+07,0,0.999999
1,50,1,200,0.01,1 GHz,0.0335178,0.00161551,0.0516155,5.5e-06,5.5e-07,1.90526e-08,3.2428e-06,9.83408e-10,4.31967e-09,0.0002,1.61551e-05,5.41483e-05,30.95,0.0500004,0.000207902,0.021643,4.79647e+08,0.00348691,7.72759e+07,0,1
1,50,1,1000,0.001,1 MHz (plan spec),33.5178,0.00161551,0.0516155,5.5e-06,5.5e-07,1.90526e-08,3.2428e-06,9.83408e-10,4.31967e-09,0.001,1.61551e-06,0.0541483,30.95,0.05001,0.0541576,1468.65,4.79647e+08,236.614,7.72759e+07,0,0.989895
1,50,1,1000,0.001,100 MHz,0.335178,0.00161551,0.0516155,5.5e-06,5.5e-07,1.90526e-08,3.2428e-06,9.83408e-10,4.31967e-09,0.001,1.61551e-06,0.000541483,30.95,0.05001,0.00113721,0.647557,4.79647e+08,0.104328,7.72759e+07,0,0.999996
1,50,1,1000,0.001,1 GHz,0.0335178,0.00161551,0.0516155,5.5e-06,5.5e-07,1.90526e-08,3.2428e-06,9.83408e-10,4.31967e-09,0.001,1.61551e-06,5.41483e-05,30.95,0.05001,0.00100148,0.502211,4.79647e+08,0.0809111,7.72759e+07,0,0.999997
1,50,1,1000,0.01,1 MHz (plan spec),33.5178,0.00161551,0.0516155,5.5e-06,5.5e-07,1.90526e-08,3.2428e-06,9.83408e-10,4.31967e-09,0.001,1.61551e-05,0.0541483,30.95,0.05001,0.0541576,1468.65,4.79647e+08,236.614,7.72759e+07,0,0.989895
1,50,1,1000,0.01,100 MHz,0.335178,0.00161551,0.0516155,5.5e-06,5.5e-07,1.90526e-08,3.2428e-06,9.83408e-10,4.31967e-09,0.001,1.61551e-05,0.000541483,30.95,0.05001,0.00113732,0.647687,4.79647e+08,0.104349,7.72759e+07,0,0.999996
1,50,1,1000,0.01,1 GHz,0.0335178,0.00161551,0.0516155,5.5e-06,5.5e-07,1.90526e-08,3.2428e-06,9.83408e-10,4.31967e-09,0.001,1.61551e-05,5.41483e-05,30.95,0.05001,0.00100161,0.50234,4.79647e+08,0.080932,7.72759e+07,0,0.999997
1,50,10,50,0.001,1 MHz (plan spec),33.5178,0.00161551,0.0516155,5.5e-06,5.5e-07,1.90526e-08,3.2428e-06,9.83408e-10,4.31967e-09,5e-05,1.61551e-05,0.541483,30.95,0.5,0.541483,146815,4.79647e+08,23653.3,7.72759e+07,0,0.362312
1,50,10,50,0.001,100 MHz,0.335178,0.00161551,0.0516155,5.5e-06,5.5e-07,1.90526e-08,3.2428e-06,9.83408e-10,4.31967e-09,5e-05,1.61551e-05,0.00541483,30.95,0.5,0.00541509,14.6829,4.79647e+08,2.36556,7.72759e+07,0,0.999898
1,50,10,50,0.001,1 GHz,0.0335178,0.00161551,0.0516155,5.5e-06,5.5e-07,1.90526e-08,3.2428e-06,9.83408e-10,4.31967e-09,5e-05,1.61551e-05,0.000541483,30.95,0.5,0.000544055,0.148213,4.79647e+08,0.0238785,7.72759e+07,0,0.999999
1,50,10,50,0.01,1 MHz (plan spec),33.5178,0.00161551,0.0516155,5.5e-06,5.5e-07,1.90526e-08,3.2428e-06,9.83408e-10,4.31967e-09,5e-05,0.000161551,0.541483,30.95,0.5,0.541483,146815,4.79647e+08,23653.4,7.72759e+07,0,0.362312
1,50,10,50,0.01,100 MHz,0.335178,0.00161551,0.0516155,5.5e-06,5.5e-07,1.90526e-08,3.2428e-06,9.83408e-10,4.31967e-09,5e-05,0.000161551,0.00541483,30.95,0.5,0.00541748,14.6958,4.79647e+08,2.36764,7.72759e+07,0,0.999898
1,50,10,50,0.01,1 GHz,0.0335178,0.00161551,0.0516155,5.5e-06,5.5e-07,1.90526e-08,3.2428e-06,9.83408e-10,4.31967e-09,5e-05,0.000161551,0.000541483,30.95,0.5,0.000567303,0.16115,4.79647e+08,0.0259629,7.72759e+07,0,0.999999
1,50,10,200,0.001,1 MHz (plan spec),33.5178,0.00161551,0.0516155,5.5e-06,5.5e-07,1.90526e-08,3.2428e-06,9.83408e-10,4.31967e-09,0.0002,1.61551e-05,0.541483,30.95,0.5,0.541483,146815,4.79647e+08,23653.4,7.72759e+07,0,0.362312
1,50,10,200,0.001,100 MHz,0.335178,0.00161551,0.0516155,5.5e-06,5.5e-07,1.90526e-08,3.2428e-06,9.83408e-10,4.31967e-09,0.0002,1.61551e-05,0.00541483,30.95,0.5,0.00541855,14.7017,4.79647e+08,2.36859,7.72759e+07,0,0.999898
1,50,10,200,0.001,1 GHz,0.0335178,0.00161551,0.0516155,5.5e-06,5.5e-07,1.90526e-08,3.2428e-06,9.83408e-10,4.31967e-09,0.0002,1.61551e-05,0.000541483,30.95,0.5,0.000577491,0.16699,4.79647e+08,0.0269037,7.72759e+07,0,0.999999
1,50,10,200,0.01,1 MHz (plan spec),33.5178,0.00161551,0.0516155,5.5e-06,5.5e-07,1.90526e-08,3.2428e-06,9.83408e-10,4.31967e-09,0.0002,0.000161551,0.541483,30.95,0.5,0.541483,146815,4.79647e+08,23653.4,7.72759e+07,0,0.362312
1,50,10,200,0.01,100 MHz,0.335178,0.00161551,0.0516155,5.5e-06,5.5e-07,1.90526e-08,3.2428e-06,9.83408e-10,4.31967e-09,0.0002,0.000161551,0.00541483,30.95,0.5,0.00542094,14.7146,4.79647e+08,2.37067,7.72759e+07,0,0.999898
1,50,10,200,0.01,1 GHz,0.0335178,0.00161551,0.0516155,5.5e-06,5.5e-07,1.90526e-08,3.2428e-06,9.83408e-10,4.31967e-09,0.0002,0.000161551,0.000541483,30.95,0.5,0.000599444,0.179927,4.79647e+08,0.0289881,7.72759e+07,0,0.999999
1,50,10,1000,0.001,1 MHz (plan spec),33.5178,0.00161551,0.0516155,5.5e-06,5.5e-07,1.90526e-08,3.2428e-06,9.83408e-10,4.31967e-09,0.001,1.61551e-05,0.541483,30.95,0.500001,0.541484,146815,4.79647e+08,23653.4,7.72759e+07,0,0.362311
1,50,10,1000,0.001,100 MHz,0.335178,0.00161551,0.0516155,5.5e-06,5.5e-07,1.90526e-08,3.2428e-06,9.83408e-10,4.31967e-09,0.001,1.61551e-05,0.00541483,30.95,0.500001,0.00550642,15.1824,4.79647e+08,2.44603,7.72759e+07,0,0.999895
1,50,10,1000,0.001,1 GHz,0.0335178,0.00161551,0.0516155,5.5e-06,5.5e-07,1.90526e-08,3.2428e-06,9.83408e-10,4.31967e-09,0.001,1.61551e-05,0.000541483,30.95,0.500001,0.00113732,0.647687,4.79647e+08,0.104349,7.72759e+07,0,0.999996
1,50,10,1000,0.01,1 MHz (plan spec),33.5178,0.00161551,0.0516155,5.5e-06,5.5e-07,1.90526e-08,3.2428e-06,9.83408e-10,4.31967e-09,0.001,0.000161551,0.541483,30.95,0.500001,0.541484,146815,4.79647e+08,23653.4,7.72759e+07,0,0.362311
1,50,10,1000,0.01,100 MHz,0.335178,0.00161551,0.0516155,5.5e-06,5.5e-07,1.90526e-08,3.2428e-06,9.83408e-10,4.31967e-09,0.001,0.000161551,0.00541483,30.95,0.500001,0.00550877,15.1953,4.79647e+08,2.44811,7.72759e+07,0,0.999895
1,50,10,1000,0.01,1 GHz,0.0335178,0.00161551,0.0516155,5.5e-06,5.5e-07,1.90526e-08,3.2428e-06,9.83408e-10,4.31967e-09,0.001,0.000161551,0.000541483,30.95,0.500001,0.00114862,0.660624,4.79647e+08,0.106433,7.72759e+07,0,0.999995
1,50,50,50,0.001,1 MHz (plan spec),33.5178,0.00161551,0.0516155,5.5e-06,5.5e-07,1.90526e-08,3.2428e-06,9.83408e-10,4.31967e-09,5e-05,8.07754e-05,2.70742,30.95,2.5,2.70742,3.67037e+06,4.79647e+08,591334,7.72759e+07,0,9.4856e-12
1,50,50,50,0.001,100 MHz,0.335178,0.00161551,0.0516155,5.5e-06,5.5e-07,1.90526e-08,3.2428e-06,9.83408e-10,4.31967e-09,5e-05,8.07754e-05,0.0270742,30.95,2.5,0.0270743,367.042,4.79647e+08,59.1341,7.72759e+07,0,0.997465
1,50,50,50,0.001,1 GHz,0.0335178,0.00161551,0.0516155,5.5e-06,5.5e-07,1.90526e-08,3.2428e-06,9.83408e-10,4.31967e-09,5e-05,8.07754e-05,0.00270742,30.95,2.5,0.00270909,3.67491,4.79647e+08,0.592064,7.72759e+07,0,0.999975
1,50,50,50,0.01,1 MHz (plan spec),33.5178,0.00161551,0.0516155,5.5e-06,5.5e-07,1.90526e-08,3.2428e-06,9.83408e-10,4.31967e-09,5e-05,0.000807754,2.70742,30.95,2.5,2.70742,3.67037e+06,4.79647e+08,591334,7.72759e+07,0,9.48558e-12
1,50,50,50,0.01,100 MHz,0.335178,0.00161551,0.0516155,5.5e-06,5.5e-07,1.90526e-08,3.2428e-06,9.83408e-10,4.31967e-09,5e-05,0.000807754,0.0270742,30.95,2.5,0.0270863,367.365,4.79647e+08,59.1862,7.72759e+07,0,0.997463
1,50,50,50,0.01,1 GHz,0.0335178,0.00161551,0.0516155,5.5e-06,5.5e-07,1.90526e-08,3.2428e-06,9.83408e-10,4.31967e-09,5e-05,0.000807754,0.00270742,30.95,2.5,0.00282579,3.99835,4.79647e+08,0.644174,7.72759e+07,0,0.999972
1,50,50,200,0.001,1 MHz (plan spec),33.5178,0.00161551,0.0516155,5.5e-06,5.5e-07,1.90526e-08,3.2428e-06,9.83408e-10,4.31967e-09,0.0002,8.07754e-05,2.70742,30.95,2.5,2.70742,3.67037e+06,4.79647e+08,591334,7.72759e+07,0,9.4856e-12
1,50,50,200,0.001,100 MHz,0.335178,0.00161551,0.0516155,5.5e-06,5.5e-07,1.90526e-08,3.2428e-06,9.83408e-10,4.31967e-09,0.0002,8.07754e-05,0.0270742,30.95,2.5,0.027075,367.061,4.79647e+08,59.1371,7.72759e+07,0,0.997465
1,50,50,200,0.001,1 GHz,0.0335178,0.00161551,0.0516155,5.5e-06,5.5e-07,1.90526e-08,3.2428e-06,9.83408e-10,4.31967e-09,0.0002,8.07754e-05,0.00270742,30.95,2.5,0.002716,3.69368,4.79647e+08,0.595089,7.72759e+07,0,0.999974
1,50,50,200,0.01,1 MHz (plan spec),33.5178,0.00161551,0.0516155,5.5e-06,5.5e-07,1.90526e-08,3.2428e-06,9.83408e-10,4.31967e-09,0.0002,0.000807754,2.70742,30.95,2.5,2.70742,3.67037e+06,4.79647e+08,591334,7.72759e+07,0,9.48558e-12
1,50,50,200,0.01,100 MHz,0.335178,0.00161551,0.0516155,5.5e-06,5.5e-07,1.90526e-08,3.2428e-06,9.83408e-10,4.31967e-09,0.0002,0.000807754,0.0270742,30.95,2.5,0.027087,367.384,4.79647e+08,59.1892,7.72759e+07,0,0.997463
1,50,50,200,0.01,1 GHz,0.0335178,0.00161551,0.0516155,5.5e-06,5.5e-07,1.90526e-08,3.2428e-06,9.83408e-10,4.31967e-09,0.0002,0.000807754,0.00270742,30.95,2.5,0.00283242,4.01713,4.79647e+08,0.647199,7.72759e+07,0,0.999972
1,50,50,1000,0.001,1 MHz (plan spec),33.5178,0.00161551,0.0516155,5.5e-06,5.5e-07,1.90526e-08,3.2428e-06,9.83408e-10,4.31967e-09,0.001,8.07754e-05,2.70742,30.95,2.5,2.70742,3.67037e+06,4.79647e+08,591334,7.72759e+07,0,9.48557e-12
1,50,50,1000,0.001,100 MHz,0.335178,0.00161551,0.0516155,5.5e-06,5.5e-07,1.90526e-08,3.2428e-06,9.83408e-10,4.31967e-09,0.001,8.07754e-05,0.0270742,30.95,2.5,0.0270927,367.541,4.79647e+08,59.2146,7.72759e+07,0,0.997462
1,50,50,1000,0.001,1 GHz,0.0335178,0.00161551,0.0516155,5.5e-06,5.5e-07,1.90526e-08,3.2428e-06,9.83408e-10,4.31967e-09,0.001,8.07754e-05,0.00270742,30.95,2.5,0.00288733,4.17438,4.79647e+08,0.672534,7.72759e+07,0,0.999971
1,50,50,1000,0.01,1 MHz (plan spec),33.5178,0.00161551,0.0516155,5.5e-06,5.5e-07,1.90526e-08,3.2428e-06,9.83408e-10,4.31967e-09,0.001,0.000807754,2.70742,30.95,2.5,2.70742,3.67037e+06,4.79647e+08,591334,7.72759e+07,0,9.48555e-12
1,50,50,1000,0.01,100 MHz,0.335178,0.00161551,0.0516155,5.5e-06,5.5e-07,1.90526e-08,3.2428e-06,9.83408e-10,4.31967e-09,0.001,0.000807754,0.0270742,30.95,2.5,0.0271047,367.865,4.79647e+08,59.2667,7.72759e+07,0,0.997459
1,50,50,1000,0.01,1 GHz,0.0335178,0.00161551,0.0516155,5.5e-06,5.5e-07,1.90526e-08,3.2428e-06,9.83408e-10,4.31967e-09,0.001,0.000807754,0.00270742,30.95,2.5,0.0029971,4.49782,4.79647e+08,0.724644,7.72759e+07,0,0.999969
1,50,100,50,0.001,1 MHz (plan spec),33.5178,0.00161551,0.0516155,5.5e-06,5.5e-07,1.90526e-08,3.2428e-06,9.83408e-10,4.31967e-09,5e-05,0.000161551,5.41483,30.95,5,5.41483,1.46815e+07,4.79647e+08,2.36533e+06,7.72759e+07,0,8.09579e-45
1,50,100,50,0.001,100 MHz,0.335178,0.00161551,0.0516155,5.5e-06,5.5e-07,1.90526e-08,3.2428e-06,9.83408e-10,4.31967e-09,5e-05,0.000161551,0.0541483,30.95,5,0.0541486,1468.16,4.79647e+08,236.536,7.72759e+07,0,0.989899
1,50,100,50,0.001,1 GHz,0.0335178,0.00161551,0.0516155,5.5e-06,5.5e-07,1.90526e-08,3.2428e-06,9.83408e-10,4.31967e-09,5e-05,0.000161551,0.00541483,30.95,5,0.00541748,14.6958,4.79647e+08,2.36764,7.72759e+07,0,0.999898
1,50,100,50,0.01,1 MHz (plan spec),33.5178,0.00161551,0.0516155,5.5e-06,5.5e-07,1.90526e-08,3.2428e-06,9.83408e-10,4.31967e-09,5e-05,0.00161551,5.41483,30.95,5,5.41483,1.46815e+07,4.79647e+08,2.36534e+06,7.72759e+07,0,8.09572e-45
1,50,100,50,0.01,100 MHz,0.335178,0.00161551,0.0516155,5.5e-06,5.5e-07,1.90526e-08,3.2428e-06,9.83408e-10,4.31967e-09,5e-05,0.00161551,0.0541483,30.95,5,0.0541724,1469.46,4.79647e+08,236.744,7.72759e+07,0,0.98989
1,50,100,50,0.01,1 GHz,0.0335178,0.00161551,0.0516155,5.5e-06,5.5e-07,1.90526e-08,3.2428e-06,9.83408e-10,4.31967e-09,5e-05,0.00161551,0.00541483,30.95,5,0.00565091,15.9896,4.79647e+08,2.57608,7.72759e+07,0,0.999889
1,50,100,200,0.001,1 MHz (plan spec),33.5178,0.00161551,0.0516155,5.5e-06,5.5e-07,1.90526e-08,3.2428e-06,9.83408e-10,4.31967e-09,0.0002,0.000161551,5.41483,30.95,5,5.41483,1.46815e+07,4.79647e+08,2.36533e+06,7.72759e+07,0,8.09579e-45
1,50,100,200,0.001,100 MHz,0.335178,0.00161551,0.0516155,5.5e-06,5.5e-07,1.90526e-08,3.2428e-06,9.83408e-10,4.31967e-09,0.0002,0.000161551,0.0541483,30.95,5,0.0541489,1468.18,4.79647e+08,236.539,7.72759e+07,0,0.989899
1,50,100,200,0.001,1 GHz,0.0335178,0.00161551,0.0516155,5.5e-06,5.5e-07,1.90526e-08,3.2428e-06,9.83408e-10,4.31967e-09,0.0002,0.000161551,0.00541483,30.95,5,0.00542094,14.7146,4.79647e+08,2.37067,7.72759e+07,0,0.999898
1,50,100,200,0.01,1 MHz (plan spec),33.5178,0.00161551,0.0516155,5.5e-06,5.5e-07,1.90526e-08,3.2428e-06,9.83408e-10,4.31967e-09,0.0002,0.00161551,5.41483,30.95,5,5.41483,1.46815e+07,4.79647e+08,2.36534e+06,7.72759e+07,0,8.09572e-45
1,50,100,200,0.01,100 MHz,0.335178,0.00161551,0.0516155,5.5e-06,5.5e-07,1.90526e-08,3.2428e-06,9.83408e-10,4.31967e-09,0.0002,0.00161551,0.0541483,30.95,5,0.0541728,1469.48,4.79647e+08,236.747,7.72759e+07,0,0.98989
1,50,100,200,0.01,1 GHz,0.0335178,0.00161551,0.0516155,5.5e-06,5.5e-07,1.90526e-08,3.2428e-06,9.83408e-10,4.31967e-09,0.0002,0.00161551,0.00541483,30.95,5,0.00565423,16.0084,4.79647e+08,2.57911,7.72759e+07,0,0.999889
1,50,100,1000,0.001,1 MHz (plan spec),33.5178,0.00161551,0.0516155,5.5e-06,5.5e-07,1.90526e-08,3.2428e-06,9.83408e-10,4.31967e-09,0.001,0.000161551,5.41483,30.95,5,5.41483,1.46815e+07,4.79647e+08,2.36533e+06,7.72759e+07,0,8.09577e-45
1,50,100,1000,0.001,100 MHz,0.335178,0.00161551,0.0516155,5.5e-06,5.5e-07,1.90526e-08,3.2428e-06,9.83408e-10,4.31967e-09,0.001,0.000161551,0.0541483,30.95,5,0.0541578,1468.66,4.79647e+08,236.616,7.72759e+07,0,0.989895
1,50,100,1000,0.001,1 GHz,0.0335178,0.00161551,0.0516155,5.5e-06,5.5e-07,1.90526e-08,3.2428e-06,9.83408e-10,4.31967e-09,0.001,0.000161551,0.00541483,30.95,5,0.00550877,15.1953,4.79647e+08,2.44811,7.72759e+07,0,0.999895
1,50,100,1000,0.01,1 MHz (plan spec),33.5178,0.00161551,0.0516155,5.5e-06,5.5e-07,1.90526e-08,3.2428e-06,9.83408e-10,4.31967e-09,0.001,0.00161551,5.41483,30.95,5,5.41483,1.46815e+07,4.79647e+08,2.36534e+06,7.72759e+07,0,8.09569e-45
1,50,100,1000,0.01,100 MHz,0.335178,0.00161551,0.0516155,5.5e-06,5.5e-07,1.90526e-08,3.2428e-06,9.83408e-10,4.31967e-09,0.001,0.00161551,0.0541483,30.95,5,0.0541817,1469.96,4.79647e+08,236.825,7.72759e+07,0,0.989886
1,50,100,1000,0.01,1 GHz,0.0335178,0.00161551,0.0516155,5.5e-06,5.5e-07,1.90526e-08,3.2428e-06,9.83408e-10,4.31967e-09,0.001,0.00161551,0.00541483,30.95,5,0.00573849,16.4891,4.79647e+08,2.65655,7.72759e+07,0,0.999886
1,100,1,50,0.001,1 MHz (plan spec),33.5178,0.00161551,0.101616,5.5e-06,5.5e-07,1.90526e-08,3.2428e-06,1.93604e-09,1.67421e-08,5e-05,1.61551e-06,0.0541483,61.9,0.1,0.0541484,1468.15,1.91859e+09,236.534,3.09103e+08,0,0.989899
1,100,1,50,0.001,100 MHz,0.335178,0.00161551,0.101616,5.5e-06,5.5e-07,1.90526e-08,3.2428e-06,1.93604e-09,1.67421e-08,5e-05,1.61551e-06,0.000541483,61.9,0.1,0.000543817,0.148083,1.91859e+09,0.0238577,3.09103e+08,0,0.999999
1,100,1,50,0.001,1 GHz,0.0335178,0.00161551,0.101616,5.5e-06,5.5e-07,1.90526e-08,3.2428e-06,1.93604e-09,1.67421e-08,5e-05,1.61551e-06,5.41483e-05,61.9,0.1,7.3925e-05,0.00273642,1.91859e+09,0.000440864,3.09103e+08,0,1
1,100,1,50,0.01,1 MHz (plan spec),33.5178,0.00161551,0.101616,5.5e-06,5.5e-07,1.90526e-08,3.2428e-06,1.93604e-09,1.67421e-08,5e-05,1.61551e-05,0.0541483,61.9,0.1,0.0541484,1468.15,1.91859e+09,236.534,3.09103e+08,0,0.989899
1,100,1,50,0.01,100 MHz,0.335178,0.00161551,0.101616,5.5e-06,5.5e-07,1.90526e-08,3.2428e-06,1.93604e-09,1.67421e-08,5e-05,1.61551e-05,0.000541483,61.9,0.1,0.000544055,0.148213,1.91859e+09,0.0238785,3.09103e+08,0,0.999999
1,100,1,50,0.01,1 GHz,0.0335178,0.00161551,0.101616,5.5e-06,5.5e-07,1.90526e-08,3.2428e-06,1.93604e-09,1.67421e-08,5e-05,1.61551e-05,5.41483e-05,61.9,0.1,7.56524e-05,0.00286579,1.91859e+09,0.000461708,3.09103e+08,0,1
1,100,1,200,0.001,1 MHz (plan spec),33.5178,0.00161551,0.101616,5.5e-06,5.5e-07,1.90526e-08,3.2428e-06,1.93604e-09,1.67421e-08,0.0002,1.61551e-06,0.0541483,61.9,0.1,0.0541487,1468.17,1.91859e+09,236.537,3.09103e+08,0,0.989899
1,100,1,200,0.001,100 MHz,0.335178,0.00161551,0.101616,5.5e-06,5.5e-07,1.90526e-08,3.2428e-06,1.93604e-09,1.67421e-08,0.0002,1.61551e-06,0.000541483,61.9,0.1,0.000577267,0.16686,1.91859e+09,0.0268829,3.09103e+08,0,0.999999
1,100,1,200,0.001,1 GHz,0.0335178,0.00161551,0.101616,5.5e-06,5.5e-07,1.90526e-08,3.2428e-06,1.93604e-09,1.67421e-08,0.0002,1.61551e-06,5.41483e-05,61.9,0.1,0.00020728,0.0215136,1.91859e+09,0.00346606,3.09103e+08,0,1
1,100,1,200,0.01,1 MHz (plan spec),33.5178,0.00161551,0.101616,5.5e-06,5.5e-07,1.90526e-08,3.2428e-06,1.93604e-09,1.67421e-08,0.0002,1.61551e-05,0.0541483,61.9,0.1,0.0541487,1468.17,1.91859e+09,236.537,3.09103e+08,0,0.989899
1,100,1,200,0.01,100 MHz,0.335178,0.00161551,0.101616,5.5e-06,5.5e-07,1.90526e-08,3.2428e-06,1.93604e-09,1.67421e-08,0.0002,1.61551e-05,0.000541483,61.9,0.1,0.000577491,0.16699,1.91859e+09,0.0269037,3.09103e+08,0,0.999999
1,100,1,200,0.01,1 GHz,0.0335178,0.00161551,0.101616,5.5e-06,5.5e-07,1.90526e-08,3.2428e-06,1.93604e-09,1.67421e-08,0.0002,1.61551e-05,5.41483e-05,61.9,0.1,0.000207902,0.021643,1.91859e+09,0.00348691,3.09103e+08,0,1
1,100,1,1000,0.001,1 MHz (plan spec),33.5178,0.00161551,0.101616,5.5e-06,5.5e-07,1.90526e-08,3.2428e-06,1.93604e-09,1.67421e-08,0.001,1.61551e-06,0.0541483,61.9,0.100005,0.0541576,1468.65,1.91859e+09,236.614,3.09103e+08,0,0.989895
1,100,1,1000,0.001,100 MHz,0.335178,0.00161551,0.101616,5.5e-06,5.5e-07,1.90526e-08,3.2428e-06,1.93604e-09,1.67421e-08,0.001,1.61551e-06,0.000541483,61.9,0.100005,0.00113721,0.647557,1.91859e+09,0.104328,3.09103e+08,0,0.999996
1,100,1,1000,0.001,1 GHz,0.0335178,0.00161551,0.101616,5.5e-06,5.5e-07,1.90526e-08,3.2428e-06,1.93604e-09,1.67421e-08,0.001,1.61551e-06,5.41483e-05,61.9,0.100005,0.00100148,0.502211,1.91859e+09,0.0809111,3.09103e+08,0,0.999997
1,100,1,1000,0.01,1 MHz (plan spec),33.5178,0.00161551,0.101616,5.5e-06,5.5e-07,1.90526e-08,3.2428e-06,1.93604e-09,1.67421e-08,0.001,1.61551e-05,0.0541483,61.9,0.100005,0.0541576,1468.65,1.91859e+09,236.614,3.09103e+08,0,0.989895
1,100,1,1000,0.01,100 MHz,0.335178,0.00161551,0.101616,5.5e-06,5.5e-07,1.90526e-08,3.2428e-06,1.93604e-09,1.67421e-08,0.001,1.61551e-05,0.000541483,61.9,0.100005,0.00113732,0.647687,1.91859e+09,0.104349,3.09103e+08,0,0.999996
1,100,1,1000,0.01,1 GHz,0.0335178,0.00161551,0.101616,5.5e-06,5.5e-07,1.90526e-08,3.2428e-06,1.93604e-09,1.67421e-08,0.001,1.61551e-05,5.41483e-05,61.9,0.100005,0.00100161,0.50234,1.91859e+09,0.080932,3.09103e+08,0,0.999997
1,100,10,50,0.001,1 MHz (plan spec),33.5178,0.00161551,0.101616,5.5e-06,5.5e-07,1.90526e-08,3.2428e-06,1.93604e-09,1.67421e-08,5e-05,1.61551e-05,0.541483,61.9,1,0.541483,146815,1.91859e+09,23653.3,3.09103e+08,0,0.362312
1,100,10,50,0.001,100 MHz,0.335178,0.00161551,0.101616,5.5e-06,5.5e-07,1.90526e-08,3.2428e-06,1.93604e-09,1.67421e-08,5e-05,1.61551e-05,0.00541483,61.9,1,0.00541509,14.6829,1.91859e+09,2.36556,3.09103e+08,0,0.999898
1,100,10,50,0.001,1 GHz,0.0335178,0.00161551,0.101616,5.5e-06,5.5e-07,1.90526e-08,3.2428e-06,1.93604e-09,1.67421e-08,5e-05,1.61551e-05,0.000541483,61.9,1,0.000544055,0.148213,1.91859e+09,0.0238785,3.09103e+08,0,0.999999
1,100,10,50,0.01,1 MHz (plan spec),33.5178,0.00161551,0.101616,5.5e-06,5.5e-07,1.90526e-08,3.2428e-06,1.93604e-09,1.67421e-08,5e-05,0.000161551,0.541483,61.9,1,0.541483,146815,1.91859e+09,23653.4,3.09103e+08,0,0.362312
1,100,10,50,0.01,100 MHz,0.335178,0.00161551,0.101616,5.5e-06,5.5e-07,1.90526e-08,3.2428e-06,1.93604e-09,1.67421e-08,5e-05,0.000161551,0.00541483,61.9,1,0.00541748,14.6958,1.91859e+09,2.36764,3.09103e+08,0,0.999898
1,100,10,50,0.01,1 GHz,0.0335178,0.00161551,0.101616,5.5e-06,5.5e-07,1.90526e-08,3.2428e-06,1.93604e-09,1.67421e-08,5e-05,0.000161551,0.000541483,61.9,1,0.000567303,0.16115,1.91859e+09,0.0259629,3.09103e+08,0,0.999999
1,100,10,200,0.001,1 MHz (plan spec),33.5178,0.00161551,0.101616,5.5e-06,5.5e-07,1.90526e-08,3.2428e-06,1.93604e-09,1.67421e-08,0.0002,1.61551e-05,0.541483,61.9,1,0.541483,146815,1.91859e+09,23653.4,3.09103e+08,0,0.362312
1,100,10,200,0.001,100 MHz,0.335178,0.00161551,0.101616,5.5e-06,5.5e-07,1.90526e-08,3.2428e-06,1.93604e-09,1.67421e-08,0.0002,1.61551e-05,0.00541483,61.9,1,0.00541855,14.7017,1.91859e+09,2.36859,3.09103e+08,0,0.999898
1,100,10,200,0.001,1 GHz,0.0335178,0.00161551,0.101616,5.5e-06,5.5e-07,1.90526e-08,3.2428e-06,1.93604e-09,1.67421e-08,0.0002,1.61551e-05,0.000541483,61.9,1,0.000577491,0.16699,1.91859e+09,0.0269037,3.09103e+08,0,0.999999
1,100,10,200,0.01,1 MHz (plan spec),33.5178,0.00161551,0.101616,5.5e-06,5.5e-07,1.90526e-08,3.2428e-06,1.93604e-09,1.67421e-08,0.0002,0.000161551,0.541483,61.9,1,0.541483,146815,1.91859e+09,23653.4,3.09103e+08,0,0.362312
1,100,10,200,0.01,100 MHz,0.335178,0.00161551,0.101616,5.5e-06,5.5e-07,1.90526e-08,3.2428e-06,1.93604e-09,1.67421e-08,0.0002,0.000161551,0.00541483,61.9,1,0.00542094,14.7146,1.91859e+09,2.37067,3.09103e+08,0,0.999898
1,100,10,200,0.01,1 GHz,0.0335178,0.00161551,0.101616,5.5e-06,5.5e-07,1.90526e-08,3.2428e-06,1.93604e-09,1.67421e-08,0.0002,0.000161551,0.000541483,61.9,1,0.000599444,0.179927,1.91859e+09,0.0289881,3.09103e+08,0,0.999999
1,100,10,1000,0.001,1 MHz (plan spec),33.5178,0.00161551,0.101616,5.5e-06,5.5e-07,1.90526e-08,3.2428e-06,1.93604e-09,1.67421e-08,0.001,1.61551e-05,0.541483,61.9,1,0.541484,146815,1.91859e+09,23653.4,3.09103e+08,0,0.362311
1,100,10,1000,0.001,100 MHz,0.335178,0.00161551,0.101616,5.5e-06,5.5e-07,1.90526e-08,3.2428e-06,1.93604e-09,1.67421e-08,0.001,1.61551e-05,0.00541483,61.9,1,0.00550642,15.1824,1.91859e+09,2.44603,3.09103e+08,0,0.999895
1,100,10,1000,0.001,1 GHz,0.0335178,0.00161551,0.101616,5.5e-06,5.5e-07,1.90526e-08,3.2428e-06,1.93604e-09,1.67421e-08,0.001,1.61551e-05,0.000541483,61.9,1,0.00113732,0.647687,1.91859e+09,0.104349,3.09103e+08,0,0.999996
1,100,10,1000,0.01,1 MHz (plan spec),33.5178,0.00161551,0.101616,5.5e-06,5.5e-07,1.90526e-08,3.2428e-06,1.93604e-09,1.67421e-08,0.001,0.000161551,0.541483,61.9,1,0.541484,146815,1.91859e+09,23653.4,3.09103e+08,0,0.362311
1,100,10,1000,0.01,100 MHz,0.335178,0.00161551,0.101616,5.5e-06,5.5e-07,1.90526e-08,3.2428e-06,1.93604e-09,1.67421e-08,0.001,0.000161551,0.00541483,61.9,1,0.00550877,15.1953,1.91859e+09,2.44811,3.09103e+08,0,0.999895
1,100,10,1000,0.01,1 GHz,0.0335178,0.00161551,0.101616,5.5e-06,5.5e-07,1.90526e-08,3.2428e-06,1.93604e-09,1.67421e-08,0.001,0.000161551,0.000541483,61.9,1,0.00114862,0.660624,1.91859e+09,0.106433,3.09103e+08,0,0.999995
1,100,50,50,0.001,1 MHz (plan spec),33.5178,0.00161551,0.101616,5.5e-06,5.5e-07,1.90526e-08,3.2428e-06,1.93604e-09,1.67421e-08,5e-05,8.07754e-05,2.70742,61.9,5,2.70742,3.67037e+06,1.91859e+09,591334,3.09103e+08,0,9.4856e-12
1,100,50,50,0.001,100 MHz,0.335178,0.00161551,0.101616,5.5e-06,5.5e-07,1.90526e-08,3.2428e-06,1.93604e-09,1.67421e-08,5e-05,8.07754e-05,0.0270742,61.9,5,0.0270743,367.042,1.91859e+09,59.1341,3.09103e+08,0,0.997465
1,100,50,50,0.001,1 GHz,0.0335178,0.00161551,0.101616,5.5e-06,5.5e-07,1.90526e-08,3.2428e-06,1.93604e-09,1.67421e-08,5e-05,8.07754e-05,0.00270742,61.9,5,0.00270909,3.67491,1.91859e+09,0.592064,3.09103e+08,0,0.999975
1,100,50,50,0.01,1 MHz (plan spec),33.5178,0.00161551,0.101616,5.5e-06,5.5e-07,1.90526e-08,3.2428e-06,1.93604e-09,1.67421e-08,5e-05,0.000807754,2.70742,61.9,5,2.70742,3.67037e+06,1.91859e+09,591334,3.09103e+08,0,9.48558e-12
1,100,50,50,0.01,100 MHz,0.335178,0.00161551,0.101616,5.5e-06,5.5e-07,1.90526e-08,3.2428e-06,1.93604e-09,1.67421e-08,5e-05,0.000807754,0.0270742,61.9,5,0.0270863,367.365,1.91859e+09,59.1862,3.09103e+08,0,0.997463
1,100,50,50,0.01,1 GHz,0.0335178,0.00161551,0.101616,5.5e-06,5.5e-07,1.90526e-08,3.2428e-06,1.93604e-09,1.67421e-08,5e-05,0.000807754,0.00270742,61.9,5,0.00282579,3.99835,1.91859e+09,0.644174,3.09103e+08,0,0.999972
1,100,50,200,0.001,1 MHz (plan spec),33.5178,0.00161551,0.101616,5.5e-06,5.5e-07,1.90526e-08,3.2428e-06,1.93604e-09,1.67421e-08,0.0002,8.07754e-05,2.70742,61.9,5,2.70742,3.67037e+06,1.91859e+09,591334,3.09103e+08,0,9.4856e-12
1,100,50,200,0.001,100 MHz,0.335178,0.00161551,0.101616,5.5e-06,5.5e-07,1.90526e-08,3.2428e-06,1.93604e-09,1.67421e-08,0.0002,8.07754e-05,0.0270742,61.9,5,0.027075,367.061,1.91859e+09,59.1371,3.09103e+08,0,0.997465
1,100,50,200,0.001,1 GHz,0.0335178,0.00161551,0.101616,5.5e-06,5.5e-07,1.90526e-08,3.2428e-06,1.93604e-09,1.67421e-08,0.0002,8.07754e-05,0.00270742,61.9,5,0.002716,3.69368,1.91859e+09,0.595089,3.09103e+08,0,0.999974
1,100,50,200,0.01,1 MHz (plan spec),33.5178,0.00161551,0.101616,5.5e-06,5.5e-07,1.90526e-08,3.2428e-06,1.93604e-09,1.67421e-08,0.0002,0.000807754,2.70742,61.9,5,2.70742,3.67037e+06,1.91859e+09,591334,3.09103e+08,0,9.48558e-12
1,100,50,200,0.01,100 MHz,0.335178,0.00161551,0.101616,5.5e-06,5.5e-07,1.90526e-08,3.2428e-06,1.93604e-09,1.67421e-08,0.0002,0.000807754,0.0270742,61.9,5,0.027087,367.384,1.91859e+09,59.1892,3.09103e+08,0,0.997463
1,100,50,200,0.01,1 GHz,0.0335178,0.00161551,0.101616,5.5e-06,5.5e-07,1.90526e-08,3.2428e-06,1.93604e-09,1.67421e-08,0.0002,0.000807754,0.00270742,61.9,5,0.00283242,4.01713,1.91859e+09,0.647199,3.09103e+08,0,0.999972
1,100,50,1000,0.001,1 MHz (plan spec),33.5178,0.00161551,0.101616,5.5e-06,5.5e-07,1.90526e-08,3.2428e-06,1.93604e-09,1.67421e-08,0.001,8.07754e-05,2.70742,61.9,5,2.70742,3.67037e+06,1.91859e+09,591334,3.09103e+08,0,9.48557e-12
1,100,50,1000,0.001,100 MHz,0.335178,0.00161551,0.101616,5.5e-06,5.5e-07,1.90526e-08,3.2428e-06,1.93604e-09,1.67421e-08,0.001,8.07754e-05,0.0270742,61.9,5,0.0270927,367.541,1.91859e+09,59.2146,3.09103e+08,0,0.997462
1,100,50,1000,0.001,1 GHz,0.0335178,0.00161551,0.101616,5.5e-06,5.5e-07,1.90526e-08,3.2428e-06,1.93604e-09,1.67421e-08,0.001,8.07754e-05,0.00270742,61.9,5,0.00288733,4.17438,1.91859e+09,0.672534,3.09103e+08,0,0.999971
1,100,50,1000,0.01,1 MHz (plan spec),33.5178,0.00161551,0.101616,5.5e-06,5.5e-07,1.90526e-08,3.2428e-06,1.93604e-09,1.67421e-08,0.001,0.000807754,2.70742,61.9,5,2.70742,3.67037e+06,1.91859e+09,591334,3.09103e+08,0,9.48555e-12
1,100,50,1000,0.01,100 MHz,0.335178,0.00161551,0.101616,5.5e-06,5.5e-07,1.90526e-08,3.2428e-06,1.93604e-09,1.67421e-08,0.001,0.000807754,0.0270742,61.9,5,0.0271047,367.865,1.91859e+09,59.2667,3.09103e+08,0,0.997459
1,100,50,1000,0.01,1 GHz,0.0335178,0.00161551,0.101616,5.5e-06,5.5e-07,1.90526e-08,3.2428e-06,1.93604e-09,1.67421e-08,0.001,0.000807754,0.00270742,61.9,5,0.0029971,4.49782,1.91859e+09,0.724644,3.09103e+08,0,0.999969
1,100,100,50,0.001,1 MHz (plan spec),33.5178,0.00161551,0.101616,5.5e-06,5.5e-07,1.90526e-08,3.2428e-06,1.93604e-09,1.67421e-08,5e-05,0.000161551,5.41483,61.9,10,5.41483,1.46815e+07,1.91859e+09,2.36533e+06,3.09103e+08,0,8.09579e-45
1,100,100,50,0.001,100 MHz,0.335178,0.00161551,0.101616,5.5e-06,5.5e-07,1.90526e-08,3.2428e-06,1.93604e-09,1.67421e-08,5e-05,0.000161551,0.0541483,61.9,10,0.0541486,1468.16,1.91859e+09,236.536,3.09103e+08,0,0.989899
1,100,100,50,0.001,1 GHz,0.0335178,0.00161551,0.101616,5.5e-06,5.5e-07,1.90526e-08,3.2428e-06,1.93604e-09,1.67421e-08,5e-05,0.000161551,0.00541483,61.9,10,0.00541748,14.6958,1.91859e+09,2.36764,3.09103e+08,0,0.999898
1,100,100,50,0.01,1 MHz (plan spec),33.5178,0.00161551,0.101616,5.5e-06,5.5e-07,1.90526e-08,3.2428e-06,1.93604e-09,1.67421e-08,5e-05,0.00161551,5.41483,61.9,10,5.41483,1.46815e+07,1.91859e+09,2.36534e+06,3.09103e+08,0,8.09572e-45
1,100,100,50,0.01,100 MHz,0.335178,0.00161551,0.101616,5.5e-06,5.5e-07,1.90526e-08,3.2428e-06,1.93604e-09,1.67421e-08,5e-05,0.00161551,0.0541483,61.9,10,0.0541724,1469.46,1.91859e+09,236.744,3.09103e+08,0,0.98989
1,100,100,50,0.01,1 GHz,0.0335178,0.00161551,0.101616,5.5e-06,5.5e-07,1.90526e-08,3.2428e-06,1.93604e-09,1.67421e-08,5e-05,0.00161551,0.00541483,61.9,10,0.00565091,15.9896,1.91859e+09,2.57608,3.09103e+08,0,0.999889
1,100,100,200,0.001,1 MHz (plan spec),33.5178,0.00161551,0.101616,5.5e-06,5.5e-07,1.90526e-08,3.2428e-06,1.93604e-09,1.67421e-08,0.0002,0.000161551,5.41483,61.9,10,5.41483,1.46815e+07,1.91859e+09,2.36533e+06,3.09103e+08,0,8.09579e-45
1,100,100,200,0.001,100 MHz,0.335178,0.00161551,0.101616,5.5e-06,5.5e-07,1.90526e-08,3.2428e-06,1.93604e-09,1.67421e-08,0.0002,0.000161551,0.0541483,61.9,10,0.0541489,1468.18,1.91859e+09,236.539,3.09103e+08,0,0.989899
1,100,100,200,0.001,1 GHz,0.0335178,0.00161551,0.101616,5.5e-06,5.5e-07,1.90526e-08,3.2428e-06,1.93604e-09,1.67421e-08,0.0002,0.000161551,0.00541483,61.9,10,0.00542094,14.7146,1.91859e+09,2.37067,3.09103e+08,0,0.999898
1,100,100,200,0.01,1 MHz (plan spec),33.5178,0.00161551,0.101616,5.5e-06,5.5e-07,1.90526e-08,3.2428e-06,1.93604e-09,1.67421e-08,0.0002,0.00161551,5.41483,61.9,10,5.41483,1.46815e+07,1.91859e+09,2.36534e+06,3.09103e+08,0,8.09572e-45
1,100,100,200,0.01,100 MHz,0.335178,0.00161551,0.101616,5.5e-06,5.5e-07,1.90526e-08,3.2428e-06,1.93604e-09,1.67421e-08,0.0002,0.00161551,0.0541483,61.9,10,0.0541728,1469.48,1.91859e+09,236.747,3.09103e+08,0,0.98989
1,100,100,200,0.01,1 GHz,0.0335178,0.00161551,0.101616,5.5e-06,5.5e-07,1.90526e-08,3.2428e-06,1.93604e-09,1.67421e-08,0.0002,0.00161551,0.00541483,61.9,10,0.00565423,16.0084,1.91859e+09,2.57911,3.09103e+08,0,0.999889
1,100,100,1000,0.001,1 MHz (plan spec),33.5178,0.00161551,0.101616,5.5e-06,5.5e-07,1.90526e-08,3.2428e-06,1.93604e-09,1.67421e-08,0.001,0.000161551,5.41483,61.9,10,5.41483,1.46815e+07,1.91859e+09,2.36533e+06,3.09103e+08,0,8.09577e-45
1,100,100,1000,0.001,100 MHz,0.335178,0.00161551,0.101616,5.5e-06,5.5e-07,1.90526e-08,3.2428e-06,1.93604e-09,1.67421e-08,0.001,0.000161551,0.0541483,61.9,10,0.0541578,1468.66,1.91859e+09,236.616,3.09103e+08,0,0.989895
1,100,100,1000,0.001,1 GHz,0.0335178,0.00161551,0.101616,5.5e-06,5.5e-07,1.90526e-08,3.2428e-06,1.93604e-09,1.67421e-08,0.001,0.000161551,0.00541483,61.9,10,0.00550877,15.1953,1.91859e+09,2.44811,3.09103e+08,0,0.999895
1,100,100,1000,0.01,1 MHz (plan spec),33.5178,0.00161551,0.101616,5.5e-06,5.5e-07,1.90526e-08,3.2428e-06,1.93604e-09,1.67421e-08,0.001,0.00161551,5.41483,61.9,10,5.41483,1.46815e+07,1.91859e+09,2.36534e+06,3.09103e+08,0,8.09569e-45
1,100,100,1000,0.01,100 MHz,0.335178,0.00161551,0.101616,5.5e-06,5.5e-07,1.90526e-08,3.2428e-06,1.93604e-09,1.67421e-08,0.001,0.00161551,0.0541483,61.9,10,0.0541817,1469.96,1.91859e+09,236.825,3.09103e+08,0,0.989886
1,100,100,1000,0.01,1 GHz,0.0335178,0.00161551,0.101616,5.5e-06,5.5e-07,1.90526e-08,3.2428e-06,1.93604e-09,1.67421e-08,0.001,0.00161551,0.00541483,61.9,10,0.00573849,16.4891,1.91859e+09,2.65655,3.09103e+08,0,0.999886
5,0.1,1,50,0.001,1 MHz (plan spec),33.5178,0.00807754,0.00817754,2.75e-05,2.75e-06,9.52628e-08,1.6214e-05,7.79016e-10,5.42133e-10,0.00025,8.07754e-06,0.0541483,0.0619,0.000270779,0.0541489,1468.18,1918.59,236.539,309.103,0.98682,0.989899
5,0.1,1,50,0.001,100 MHz,0.335178,0.00807754,0.00817754,2.75e-05,2.75e-06,9.52628e-08,1.6214e-05,7.79016e-10,5.42133e-10,0.00025,8.07754e-06,0.000541483,0.0619,0.000270779,0.000597098,0.178522,1918.59,0.0287616,309.103,0.98682,0.999999
5,0.1,1,50,0.001,1 GHz,0.0335178,0.00807754,0.00817754,2.75e-05,2.75e-06,9.52628e-08,1.6214e-05,7.79016e-10,5.42133e-10,0.00025,8.07754e-06,5.41483e-05,0.0619,0.000270779,0.000257398,0.0331749,1918.59,0.0053448,309.103,0.98682,1
5,0.1,1,50,0.01,1 MHz (plan spec),33.5178,0.00807754,0.00817754,2.75e-05,2.75e-06,9.52628e-08,1.6214e-05,7.79016e-10,5.42133e-10,0.00025,8.07754e-05,0.0541483,0.0619,0.000282455,0.054149,1468.18,1918.59,236.539,309.103,0.98682,0.989899
5,0.1,1,50,0.01,100 MHz,0.335178,0.00807754,0.00817754,2.75e-05,2.75e-06,9.52628e-08,1.6214e-05,7.79016e-10,5.42133e-10,0.00025,8.07754e-05,0.000541483,0.0619,0.000282455,0.000602482,0.181756,1918.59,0.0292827,309.103,0.98682,0.999999
5,0.1,1,50,0.01,1 GHz,0.0335178,0.00807754,0.00817754,2.75e-05,2.75e-06,9.52628e-08,1.6214e-05,7.79016e-10,5.42133e-10,0.00025,8.07754e-05,5.41483e-05,0.0619,0.000282455,0.000269653,0.0364093,1918.59,0.0058659,309.103,0.98682,1
5,0.1,1,200,0.001,1 MHz (plan spec),33.5178,0.00807754,0.00817754,2.75e-05,2.75e-06,9.52628e-08,1.6214e-05,7.79016e-10,5.42133e-10,0.001,8.07754e-06,0.0541483,0.0619,0.0010054,0.0541576,1468.65,1918.59,236.614,309.103,0.98682,0.989895
5,0.1,1,200,0.001,100 MHz,0.335178,0.00807754,0.00817754,2.75e-05,2.75e-06,9.52628e-08,1.6214e-05,7.79016e-10,5.42133e-10,0.001,8.07754e-06,0.000541483,0.0619,0.0010054,0.00113755,0.647952,1918.59,0.104392,309.103,0.98682,0.999996
5,0.1,1,200,0.001,1 GHz,0.0335178,0.00807754,0.00817754,2.75e-05,2.75e-06,9.52628e-08,1.6214e-05,7.79016e-10,5.42133e-10,0.001,8.07754e-06,5.41483e-05,0.0619,0.0010054,0.00100188,0.502606,1918.59,0.0809747,309.103,0.98682,0.999997
5,0.1,1,200,0.01,1 MHz (plan spec),33.5178,0.00807754,0.00817754,2.75e-05,2.75e-06,9.52628e-08,1.6214e-05,7.79016e-10,5.42133e-10,0.001,8.07754e-05,0.0541483,0.0619,0.0010086,0.0541576,1468.65,1918.59,236.615,309.103,0.98682,0.989895
5,0.1,1,200,0.01,100 MHz,0.335178,0.00807754,0.00817754,2.75e-05,2.75e-06,9.52628e-08,1.6214e-05,7.79016e-10,5.42133e-10,0.001,8.07754e-05,0.000541483,0.0619,0.0010086,0.00114039,0.651187,1918.59,0.104913,309.103,0.98682,0.999995
5,0.1,1,200,0.01,1 GHz,0.0335178,0.00807754,0.00817754,2.75e-05,2.75e-06,9.52628e-08,1.6214e-05,7.79016e-10,5.42133e-10,0.001,8.07754e-05,5.41483e-05,0.0619,0.0010086,0.00100509,0.50584,1918.59,0.0814958,309.103,0.98682,0.999997
5,0.1,1,1000,0.001,1 MHz (plan spec),33.5178,0.00807754,0.00817754,2.75e-05,2.75e-06,9.52628e-08,1.6214e-05,7.79016e-10,5.42133e-10,0.005,8.07754e-06,0.0541483,0.0619,0.00500108,0.0543787,1480.67,1918.59,238.55,309.103,0.98682,0.989813
5,0.1,1,1000,0.001,100 MHz,0.335178,0.00807754,0.00817754,2.75e-05,2.75e-06,9.52628e-08,1.6214e-05,7.79016e-10,5.42133e-10,0.005,8.07754e-06,0.000541483,0.0619,0.00500108,0.00502932,12.6654,1918.59,2.04052,309.103,0.98682,0.999912
5,0.1,1,1000,0.001,1 GHz,0.0335178,0.00807754,0.00817754,2.75e-05,2.75e-06,9.52628e-08,1.6214e-05,7.79016e-10,5.42133e-10,0.005,8.07754e-06,5.41483e-05,0.0619,0.00500108,0.00500038,12.52,1918.59,2.0171,309.103,0.98682,0.999913
5,0.1,1,1000,0.01,1 MHz (plan spec),33.5178,0.00807754,0.00817754,2.75e-05,2.75e-06,9.52628e-08,1.6214e-05,7.79016e-10,5.42133e-10,0.005,8.07754e-05,0.0541483,0.0619,0.00500173,0.0543788,1480.67,1918.59,238.551,309.103,0.98682,0.989813
5,0.1,1,1000,0.01,100 MHz,0.335178,0.00807754,0.00817754,2.75e-05,2.75e-06,9.52628e-08,1.6214e-05,7.79016e-10,5.42133e-10,0.005,8.07754e-05,0.000541483,0.0619,0.00500173,0.00502996,12.6686,1918.59,2.04104,309.103,0.98682,0.999912
5,0.1,1,1000,0.01,1 GHz,0.0335178,0.00807754,0.00817754,2.75e-05,2.75e-06,9.52628e-08,1.6214e-05,7.79016e-10,5.42133e-10,0.005,8.07754e-05,5.41483e-05,0.0619,0.00500173,0.00500102,12.5233,1918.59,2.01762,309.103,0.98682,0.999913
5,0.1,10,50,0.001,1 MHz (plan spec),33.5178,0.00807754,0.00817754,2.75e-05,2.75e-06,9.52628e-08,1.6214e-05,7.79016e-10,5.42133e-10,0.00025,8.07754e-05,0.541483,0.0619,0.0010343,0.541483,146815,1918.59,23653.4,309.103,0.98682,0.362312
5,0.1,10,50,0.001,100 MHz,0.335178,0.00807754,0.00817754,2.75e-05,2.75e-06,9.52628e-08,1.6214e-05,7.79016e-10,5.42133e-10,0.00025,8.07754e-05,0.00541483,0.0619,0.0010343,0.00542127,14.7164,1918.59,2.37096,309.103,0.98682,0.999898
5,0.1,10,50,0.001,1 GHz,0.0335178,0.00807754,0.00817754,2.75e-05,2.75e-06,9.52628e-08,1.6214e-05,7.79016e-10,5.42133e-10,0.00025,8.07754e-05,0.000541483,0.0619,0.0010343,0.000602482,0.181756,1918.59,0.0292827,309.103,0.98682,0.999999
5,0.1,10,50,0.01,1 MHz (plan spec),33.5178,0.00807754,0.00817754,2.75e-05,2.75e-06,9.52628e-08,1.6214e-05,7.79016e-10,5.42133e-10,0.00025,0.000807754,0.541483,0.0619,0.00130986,0.541484,146815,1918.59,23653.4,309.103,0.98682,0.362311
5,0.1,10,50,0.01,100 MHz,0.335178,0.00807754,0.00817754,2.75e-05,2.75e-06,9.52628e-08,1.6214e-05,7.79016e-10,5.42133e-10,0.00025,0.000807754,0.00541483,0.0619,0.00130986,0.00548052,15.0399,1918.59,2.42307,309.103,0.98682,0.999896
5,0.1,10,50,0.01,1 GHz,0.0335178,0.00807754,0.00817754,2.75e-05,2.75e-06,9.52628e-08,1.6214e-05,7.79016e-10,5.42133e-10,0.00025,0.000807754,0.000541483,0.0619,0.00130986,0.00100445,0.505196,1918.59,0.0813922,309.103,0.98682,0.999997
5,0.1,10,200,0.001,1 MHz (plan spec),33.5178,0.00807754,0.00817754,2.75e-05,2.75e-06,9.52628e-08,1.6214e-05,7.79016e-10,5.42133e-10,0.001,8.07754e-05,0.541483,0.0619,0.00141679,0.541484,146815,1918.59,23653.4,309.103,0.98682,0.362311
5,0.1,10,200,0.001,100 MHz,0.335178,0.00807754,0.00817754,2.75e-05,2.75e-06,9.52628e-08,1.6214e-05,7.79016e-10,5.42133e-10,0.001,8.07754e-05,0.00541483,0.0619,0.00141679,0.00550706,15.1859,1918.59,2.44659,309.103,0.98682,0.999895
5,0.1,10,200,0.001,1 GHz,0.0335178,0.00807754,0.00817754,2.75e-05,2.75e-06,9.52628e-08,1.6214e-05,7.79016e-10,5.42133e-10,0.001,8.07754e-05,0.000541483,0.0619,0.00141679,0.00114039,0.651187,1918.59,0.104913,309.103,0.98682,0.999995
5,0.1,10,200,0.01,1 MHz (plan spec),33.5178,0.00807754,0.00817754,2.75e-05,2.75e-06,9.52628e-08,1.6214e-05,7.79016e-10,5.42133e-10,0.001,0.000807754,0.541483,0.0619,0.00162887,0.541485,146816,1918.59,23653.5,309.103,0.98682,0.36231
5,0.1,10,200,0.01,100 MHz,0.335178,0.00807754,0.00817754,2.75e-05,2.75e-06,9.52628e-08,1.6214e-05,7.79016e-10,5.42133e-10,0.001,0.000807754,0.00541483,0.0619,0.00162887,0.0055654,15.5093,1918.59,2.4987,309.103,0.98682,0.999893
5,0.1,10,200,0.01,1 GHz,0.0335178,0.00807754,0.00817754,2.75e-05,2.75e-06,9.52628e-08,1.6214e-05,7.79016e-10,5.42133e-10,0.001,0.000807754,0.000541483,0.0619,0.00162887,0.00139514,0.974627,1918.59,0.157022,309.103,0.98682,0.999993
5,0.1,10,1000,0.001,1 MHz (plan spec),33.5178,0.00807754,0.00817754,2.75e-05,2.75e-06,9.52628e-08,1.6214e-05,7.79016e-10,5.42133e-10,0.005,8.07754e-05,0.541483,0.0619,0.00509973,0.541506,146827,1918.59,23655.4,309.103,0.98682,0.362281
5,0.1,10,1000,0.001,100 MHz,0.335178,0.00807754,0.00817754,2.75e-05,2.75e-06,9.52628e-08,1.6214e-05,7.79016e-10,5.42133e-10,0.005,8.07754e-05,0.00541483,0.0619,0.00509973,0.00737073,27.2033,1918.59,4.38272,309.103,0.98682,0.999812
5,0.1,10,1000,0.001,1 GHz,0.0335178,0.00807754,0.00817754,2.75e-05,2.75e-06,9.52628e-08,1.6214e-05,7.79016e-10,5.42133e-10,0.005,8.07754e-05,0.000541483,0.0619,0.00509973,0.00502996,12.6686,1918.59,2.04104,309.103,0.98682,0.999912
5,0.1,10,1000,0.01,1 MHz (plan spec),33.5178,0.00807754,0.00817754,2.75e-05,2.75e-06,9.52628e-08,1.6214e-05,7.79016e-10,5.42133e-10,0.005,0.000807754,0.541483,0.0619,0.00516268,0.541507,146828,1918.59,23655.4,309.103,0.98682,0.36228
5,0.1,10,1000,0.01,100 MHz,0.335178,0.00807754,0.00817754,2.75e-05,2.75e-06,9.52628e-08,1.6214e-05,7.79016e-10,5.42133e-10,0.005,0.000807754,0.00541483,0.0619,0.00516268,0.00741442,27.5267,1918.59,4.43483,309.103,0.98682,0.99981
5,0.1,10,1000,0.01,1 GHz,0.0335178,0.00807754,0.00817754,2.75e-05,2.75e-06,9.52628e-08,1.6214e-05,7.79016e-10,5.42133e-10,0.005,0.000807754,0.000541483,0.0619,0.00516268,0.00509376,12.9921,1918.59,2.09315,309.103,0.98682,0.99991
5,0.1,50,50,0.001,1 MHz (plan spec),33.5178,0.00807754,0.00817754,2.75e-05,2.75e-06,9.52628e-08,1.6214e-05,7.79016e-10,5.42133e-10,0.00025,0.000403877,2.70742,0.0619,0.00502259,2.70742,3.67037e+06,1918.59,591334,309.103,0.98682,9.48559e-12
5,0.1,50,50,0.001,100 MHz,0.335178,0.00807754,0.00817754,2.75e-05,2.75e-06,9.52628e-08,1.6214e-05,7.79016e-10,5.42133e-10,0.00025,0.000403877,0.0270742,0.0619,0.00502259,0.0270783,367.151,1918.59,59.1516,309.103,0.98682,0.997464
5,0.1,50,50,0.001,1 GHz,0.0335178,0.00807754,0.00817754,2.75e-05,2.75e-06,9.52628e-08,1.6214e-05,7.79016e-10,5.42133e-10,0.00025,0.000403877,0.00270742,0.0619,0.00502259,0.0027489,3.78372,1918.59,0.609596,309.103,0.98682,0.999974
5,0.1,50,50,0.01,1 MHz (plan spec),33.5178,0.00807754,0.00817754,2.75e-05,2.75e-06,9.52628e-08,1.6214e-05,7.79016e-10,5.42133e-10,0.00025,0.00403877,2.70742,0.0619,0.00643234,2.70742,3.67038e+06,1918.59,591335,309.103,0.98682,9.48506e-12
5,0.1,50,50,0.01,100 MHz,0.335178,0.00807754,0.00817754,2.75e-05,2.75e-06,9.52628e-08,1.6214e-05,7.79016e-10,5.42133e-10,0.00025,0.00403877,0.0270742,0.0619,0.00643234,0.0273749,375.237,1918.59,60.4544,309.103,0.98682,0.997409
5,0.1,50,50,0.01,1 GHz,0.0335178,0.00807754,0.00817754,2.75e-05,2.75e-06,9.52628e-08,1.6214e-05,7.79016e-10,5.42133e-10,0.00025,0.00403877,0.00270742,0.0619,0.00643234,0.00486878,11.8697,1918.59,1.91233,309.103,0.98682,0.999918
5,0.1,50,200,0.001,1 MHz (plan spec),33.5178,0.00807754,0.00817754,2.75e-05,2.75e-06,9.52628e-08,1.6214e-05,7.79016e-10,5.42133e-10,0.001,0.000403877,2.70742,0.0619,0.00511506,2.70742,3.67037e+06,1918.59,591334,309.103,0.98682,9.48556e-12
5,0.1,50,200,0.001,100 MHz,0.335178,0.00807754,0.00817754,2.75e-05,2.75e-06,9.52628e-08,1.6214e-05,7.79016e-10,5.42133e-10,0.001,0.000403877,0.0270742,0.0619,0.00511506,0.0270957,367.62,1918.59,59.2273,309.103,0.98682,0.997461
5,0.1,50,200,0.001,1 GHz,0.0335178,0.00807754,0.00817754,2.75e-05,2.75e-06,9.52628e-08,1.6214e-05,7.79016e-10,5.42133e-10,0.001,0.000403877,0.00270742,0.0619,0.00511506,0.00291444,4.25316,1918.59,0.685226,309.103,0.98682,0.999971
5,0.1,50,200,0.01,1 MHz (plan spec),33.5178,0.00807754,0.00817754,2.75e-05,2.75e-06,9.52628e-08,1.6214e-05,7.79016e-10,5.42133e-10,0.001,0.00403877,2.70742,0.0619,0.0065048,2.70742,3.67038e+06,1918.59,591335,309.103,0.98682,9.48503e-12
5,0.1,50,200,0.01,100 MHz,0.335178,0.00807754,0.00817754,2.75e-05,2.75e-06,9.52628e-08,1.6214e-05,7.79016e-10,5.42133e-10,0.001,0.00403877,0.0270742,0.0619,0.0065048,0.027392,375.706,1918.59,60.53,309.103,0.98682,0.997405
5,0.1,50,200,0.01,1 GHz,0.0335178,0.00807754,0.00817754,2.75e-05,2.75e-06,9.52628e-08,1.6214e-05,7.79016e-10,5.42133e-10,0.001,0.00403877,0.00270742,0.0619,0.0065048,0.00496413,12.3392,1918.59,1.98796,309.103,0.98682,0.999915
5,0.1,50,1000,0.001,1 MHz (plan spec),33.5178,0.00807754,0.00817754,2.75e-05,2.75e-06,9.52628e-08,1.6214e-05,7.79016e-10,5.42133e-10,0.005,0.000403877,2.70742,0.0619,0.00708265,2.70742,3.67039e+06,1918.59,591336,309.103,0.98682,9.48477e-12
5,0.1,50,1000,0.001,100 MHz,0.335178,0.00807754,0.00817754,2.75e-05,2.75e-06,9.52628e-08,1.6214e-05,7.79016e-10,5.42133e-10,0.005,0.000403877,0.0270742,0.0619,0.00708265,0.027535,379.638,1918.59,61.1634,309.103,0.98682,0.997378
5,0.1,50,1000,0.001,1 GHz,0.0335178,0.00807754,0.00817754,2.75e-05,2.75e-06,9.52628e-08,1.6214e-05,7.79016e-10,5.42133e-10,0.005,0.000403877,0.00270742,0.0619,0.00708265,0.00570035,16.2706,1918.59,2.62135,309.103,0.98682,0.999887
5,0.1,50,1000,0.01,1 MHz (plan spec),33.5178,0.00807754,0.00817754,2.75e-05,2.75e-06,9.52628e-08,1.6214e-05,7.79016e-10,5.42133e-10,0.005,0.00403877,2.70742,0.0619,0.00814324,2.70742,3.67039e+06,1918.59,591337,309.103,0.98682,9.48424e-12
5,0.1,50,1000,0.01,100 MHz,0.335178,0.00807754,0.00817754,2.75e-05,2.75e-06,9.52628e-08,1.6214e-05,7.79016e-10,5.42133e-10,0.005,0.00403877,0.0270742,0.0619,0.00814324,0.0278267,387.724,1918.59,62.4661,309.103,0.98682,0.997322
5,0.1,50,1000,0.01,1 GHz,0.0335178,0.00807754,0.00817754,2.75e-05,2.75e-06,9.52628e-08,1.6214e-05,7.79016e-10,5.42133e-10,0.005,0.00403877,0.00270742,0.0619,0.00814324,0.00697442,24.3566,1918.59,3.92409,309.103,0.98682,0.999832
5,0.1,100,50,0.001,1 MHz (plan spec),33.5178,0.00807754,0.00817754,2.75e-05,2.75e-06,9.52628e-08,1.6214e-05,7.79016e-10,5.42133e-10,0.00025,0.000807754,5.41483,0.0619,0.0100357,5.41483,1.46815e+07,1918.59,2.36533e+06,309.103,0.98682,8.09577e-45
5,0.1,100,50,0.001,100 MHz,0.335178,0.00807754,0.00817754,2.75e-05,2.75e-06,9.52628e-08,1.6214e-05,7.79016e-10,5.42133e-10,0.00025,0.000807754,0.0541483,0.0619,0.0100357,0.0541549,1468.51,1918.59,236.591,309.103,0.98682,0.989896
5,0.1,100,50,0.001,1 GHz,0.0335178,0.00807754,0.00817754,2.75e-05,2.75e-06,9.52628e-08,1.6214e-05,7.79016e-10,5.42133e-10,0.00025,0.000807754,0.00541483,0.0619,0.0100357,0.00548052,15.0399,1918.59,2.42307,309.103,0.98682,0.999896
5,0.1,100,50,0.01,1 MHz (plan spec),33.5178,0.00807754,0.00817754,2.75e-05,2.75e-06,9.52628e-08,1.6214e-05,7.79016e-10,5.42133e-10,0.00025,0.00807754,5.41483,0.0619,0.0128573,5.41484,1.46815e+07,1918.59,2.36534e+06,309.103,0.98682,8.09396e-45
5,0.1,100,50,0.01,100 MHz,0.335178,0.00807754,0.00817754,2.75e-05,2.75e-06,9.52628e-08,1.6214e-05,7.79016e-10,5.42133e-10,0.00025,0.00807754,0.0541483,0.0619,0.0128573,0.0547481,1500.85,1918.59,241.802,309.103,0.98682,0.989675
5,0.1,100,50,0.01,1 GHz,0.0335178,0.00807754,0.00817754,2.75e-05,2.75e-06,9.52628e-08,1.6214e-05,7.79016e-10,5.42133e-10,0.00025,0.00807754,0.00541483,0.0619,0.0128573,0.00972782,47.3839,1918.59,7.63402,309.103,0.98682,0.999672
5,0.1,100,200,0.001,1 MHz (plan spec),33.5178,0.00807754,0.00817754,2.75e-05,2.75e-06,9.52628e-08,1.6214e-05,7.79016e-10,5.42133e-10,0.001,0.000807754,5.41483,0.0619,0.0100823,5.41483,1.46815e+07,1918.59,2.36533e+06,309.103,0.98682,8.09575e-45
5,0.1,100,200,0.001,100 MHz,0.335178,0.00807754,0.00817754,2.75e-05,2.75e-06,9.52628e-08,1.6214e-05,7.79016e-10,5.42133e-10,0.001,0.000807754,0.0541483,0.0619,0.0100823,0.0541636,1468.98,1918.59,236.667,309.103,0.98682,0.989893
5,0.1,100,200,0.001,1 GHz,0.0335178,0.00807754,0.00817754,2.75e-05,2.75e-06,9.52628e-08,1.6214e-05,7.79016e-10,5.42133e-10,0.001,0.000807754,0.00541483,0.0619,0.0100823,0.0055654,15.5093,1918.59,2.4987,309.103,0.98682,0.999893
5,0.1,100,200,0.01,1 MHz (plan spec),33.5178,0.00807754,0.00817754,2.75e-05,2.75e-06,9.52628e-08,1.6214e-05,7.79016e-10,5.42133e-10,0.001,0.00807754,5.41483,0.0619,0.0128937,5.41484,1.46815e+07,1918.59,2.36534e+06,309.103,0.98682,8.09394e-45
5,0.1,100,200,0.01,100 MHz,0.335178,0.00807754,0.00817754,2.75e-05,2.75e-06,9.52628e-08,1.6214e-05,7.79016e-10,5.42133e-10,0.001,0.00807754,0.0541483,0.0619,0.0128937,0.0547566,1501.32,1918.59,241.878,309.103,0.98682,0.989672
5,0.1,100,200,0.01,1 GHz,0.0335178,0.00807754,0.00817754,2.75e-05,2.75e-06,9.52628e-08,1.6214e-05,7.79016e-10,5.42133e-10,0.001,0.00807754,0.00541483,0.0619,0.0128937,0.00977588,47.8533,1918.59,7.70965,309.103,0.98682,0.999669
5,0.1,100,1000,0.001,1 MHz (plan spec),33.5178,0.00807754,0.00817754,2.75e-05,2.75e-06,9.52628e-08,1.6214e-05,7.79016e-10,5.42133e-10,0.005,0.000807754,5.41483,0.0619,0.0112095,5.41484,1.46815e+07,1918.59,2.36534e+06,309.103,0.98682,8.09507e-45
5,0.1,100,1000,0.001,100 MHz,0.335178,0.00807754,0.00817754,2.75e-05,2.75e-06,9.52628e-08,1.6214e-05,7.79016e-10,5.42133e-10,0.005,0.000807754,0.0541483,0.0619,0.0112095,0.0543847,1480.99,1918.59,238.603,309.103,0.98682,0.989811
5,0.1,100,1000,0.001,1 GHz,0.0335178,0.00807754,0.00817754,2.75e-05,2.75e-06,9.52628e-08,1.6214e-05,7.79016e-10,5.42133e-10,0.005,0.000807754,0.00541483,0.0619,0.0112095,0.00741442,27.5267,1918.59,4.43483,309.103,0.98682,0.99981
5,0.1,100,1000,0.01,1 MHz (plan spec),33.5178,0.00807754,0.00817754,2.75e-05,2.75e-06,9.52628e-08,1.6214e-05,7.79016e-10,5.42133e-10,0.005,0.00807754,5.41483,0.0619,0.013793,5.41484,1.46815e+07,1918.59,2.36534e+06,309.103,0.98682,8.09326e-45
5,0.1,100,1000,0.01,100 MHz,0.335178,0.00807754,0.00817754,2.75e-05,2.75e-06,9.52628e-08,1.6214e-05,7.79016e-10,5.42133e-10,0.005,0.00807754,0.0541483,0.0619,0.013793,0.0549753,1513.34,1918.59,243.814,309.103,0.98682,0.98959
5,0.1,100,1000,0.01,1 GHz,0.0335178,0.00807754,0.00817754,2.75e-05,2.75e-06,9.52628e-08,1.6214e-05,7.79016e-10,5.42133e-10,0.005,0.00807754,0.00541483,0.0619,0.013793,0.0109347,59.8708,1918.59,9.64577,309.103,0.98682,0.999586
5,1,1,50,0.001,1 MHz (plan spec),33.5178,0.00807754,0.00907754,2.75e-05,2.75e-06,9.52628e-08,1.6214e-05,8.64752e-10,6.68031e-10,0.00025,8.07754e-06,0.0541483,0.619,0.00103117,0.0541489,1468.18,191859,236.539,30910.3,0.265342,0.989899
5,1,1,50,0.001,100 MHz,0.335178,0.00807754,0.00907754,2.75e-05,2.75e-06,9.52628e-08,1.6214e-05,8.64752e-10,6.68031e-10,0.00025,8.07754e-06,0.000541483,0.619,0.00103117,0.000597098,0.178522,191859,0.0287616,30910.3,0.265342,0.999999
5,1,1,50,0.001,1 GHz,0.0335178,0.00807754,0.00907754,2.75e-05,2.75e-06,9.52628e-08,1.6214e-05,8.64752e-10,6.68031e-10,0.00025,8.07754e-06,5.41483e-05,0.619,0.00103117,0.000257398,0.0331749,191859,0.0053448,30910.3,0.265342,1
5,1,1,50,0.01,1 MHz (plan spec),33.5178,0.00807754,0.00907754,2.75e-05,2.75e-06,9.52628e-08,1.6214e-05,8.64752e-10,6.68031e-10,0.00025,8.07754e-05,0.0541483,0.619,0.0010343,0.054149,1468.18,191859,236.539,30910.3,0.265342,0.989899
5,1,1,50,0.01,100 MHz,0.335178,0.00807754,0.00907754,2.75e-05,2.75e-06,9.52628e-08,1.6214e-05,8.64752e-10,6.68031e-10,0.00025,8.07754e-05,0.000541483,0.619,0.0010343,0.000602482,0.181756,191859,0.0292827,30910.3,0.265342,0.999999
5,1,1,50,0.01,1 GHz,0.0335178,0.00807754,0.00907754,2.75e-05,2.75e-06,9.52628e-08,1.6214e-05,8.64752e-10,6.68031e-10,0.00025,8.07754e-05,5.41483e-05,0.619,0.0010343,0.000269653,0.0364093,191859,0.0058659,30910.3,0.265342,1
5,1,1,200,0.001,1 MHz (plan spec),33.5178,0.00807754,0.00907754,2.75e-05,2.75e-06,9.52628e-08,1.6214e-05,8.64752e-10,6.68031e-10,0.001,8.07754e-06,0.0541483,0.619,0.0014145,0.0541576,1468.65,191859,236.614,30910.3,0.265342,0.989895
5,1,1,200,0.001,100 MHz,0.335178,0.00807754,0.00907754,2.75e-05,2.75e-06,9.52628e-08,1.6214e-05,8.64752e-10,6.68031e-10,0.001,8.07754e-06,0.000541483,0.619,0.0014145,0.00113755,0.647952,191859,0.104392,30910.3,0.265342,0.999996
5,1,1,200,0.001,1 GHz,0.0335178,0.00807754,0.00907754,2.75e-05,2.75e-06,9.52628e-08,1.6214e-05,8.64752e-10,6.68031e-10,0.001,8.07754e-06,5.41483e-05,0.619,0.0014145,0.00100188,0.502606,191859,0.0809747,30910.3,0.265342,0.999997
5,1,1,200,0.01,1 MHz (plan spec),33.5178,0.00807754,0.00907754,2.75e-05,2.75e-06,9.52628e-08,1.6214e-05,8.64752e-10,6.68031e-10,0.001,8.07754e-05,0.0541483,0.619,0.00141679,0.0541576,1468.65,191859,236.615,30910.3,0.265342,0.989895
5,1,1,200,0.01,100 MHz,0.335178,0.00807754,0.00907754,2.75e-05,2.75e-06,9.52628e-08,1.6214e-05,8.64752e-10,6.68031e-10,0.001,8.07754e-05,0.000541483,0.619,0.00141679,0.00114039,0.651187,191859,0.104913,30910.3,0.265342,0.999995
5,1,1,200,0.01,1 GHz,0.0335178,0.00807754,0.00907754,2.75e-05,2.75e-06,9.52628e-08,1.6214e-05,8.64752e-10,6.68031e-10,0.001,8.07754e-05,5.41483e-05,0.619,0.00141679,0.00100509,0.50584,191859,0.0814958,30910.3,0.265342,0.999997
5,1,1,1000,0.001,1 MHz (plan spec),33.5178,0.00807754,0.00907754,2.75e-05,2.75e-06,9.52628e-08,1.6214e-05,8.64752e-10,6.68031e-10,0.005,8.07754e-06,0.0541483,0.619,0.0050991,0.0543787,1480.67,191859,238.55,30910.3,0.265342,0.989813
5,1,1,1000,0.001,100 MHz,0.335178,0.00807754,0.00907754,2.75e-05,2.75e-06,9.52628e-08,1.6214e-05,8.64752e-10,6.68031e-10,0.005,8.07754e-06,0.000541483,0.619,0.0050991,0.00502932,12.6654,191859,2.04052,30910.3,0.265342,0.999912
5,1,1,1000,0.001,1 GHz,0.0335178,0.00807754,0.00907754,2.75e-05,2.75e-06,9.52628e-08,1.6214e-05,8.64752e-10,6.68031e-10,0.005,8.07754e-06,5.41483e-05,0.619,0.0050991,0.00500038,12.52,191859,2.0171,30910.3,0.265342,0.999913
5,1,1,1000,0.01,1 MHz (plan spec),33.5178,0.00807754,0.00907754,2.75e-05,2.75e-06,9.52628e-08,1.6214e-05,8.64752e-10,6.68031e-10,0.005,8.07754e-05,0.0541483,0.619,0.00509973,0.0543788,1480.67,191859,238.551,30910.3,0.265342,0.989813
5,1,1,1000,0.01,100 MHz,0.335178,0.00807754,0.00907754,2.75e-05,2.75e-06,9.52628e-08,1.6214e-05,8.64752e-10,6.68031e-10,0.005,8.07754e-05,0.000541483,0.619,0.00509973,0.00502996,12.6686,191859,2.04104,30910.3,0.265342,0.999912
5,1,1,1000,0.01,1 GHz,0.0335178,0.00807754,0.00907754,2.75e-05,2.75e-06,9.52628e-08,1.6214e-05,8.64752e-10,6.68031e-10,0.005,8.07754e-05,5.41483e-05,0.619,0.00509973,0.00500102,12.5233,191859,2.01762,30910.3,0.265342,0.999913
5,1,10,50,0.001,1 MHz (plan spec),33.5178,0.00807754,0.00907754,2.75e-05,2.75e-06,9.52628e-08,1.6214e-05,8.64752e-10,6.68031e-10,0.00025,8.07754e-05,0.541483,0.619,0.0100035,0.541483,146815,191859,23653.4,30910.3,0.265342,0.362312
5,1,10,50,0.001,100 MHz,0.335178,0.00807754,0.00907754,2.75e-05,2.75e-06,9.52628e-08,1.6214e-05,8.64752e-10,6.68031e-10,0.00025,8.07754e-05,0.00541483,0.619,0.0100035,0.00542127,14.7164,191859,2.37096,30910.3,0.265342,0.999898
5,1,10,50,0.001,1 GHz,0.0335178,0.00807754,0.00907754,2.75e-05,2.75e-06,9.52628e-08,1.6214e-05,8.64752e-10,6.68031e-10,0.00025,8.07754e-05,0.000541483,0.619,0.0100035,0.000602482,0.181756,191859,0.0292827,30910.3,0.265342,0.999999
5,1,10,50,0.01,1 MHz (plan spec),33.5178,0.00807754,0.00907754,2.75e-05,2.75e-06,9.52628e-08,1.6214e-05,8.64752e-10,6.68031e-10,0.00025,0.000807754,0.541483,0.619,0.0100357,0.541484,146815,191859,23653.4,30910.3,0.265342,0.362311
5,1,10,50,0.01,100 MHz,0.335178,0.00807754,0.00907754,2.75e-05,2.75e-06,9.52628e-08,1.6214e-05,8.64752e-10,6.68031e-10,0.00025,0.000807754,0.00541483,0.619,0.0100357,0.00548052,15.0399,191859,2.42307,30910.3,0.265342,0.999896
5,1,10,50,0.01,1 GHz,0.0335178,0.00807754,0.00907754,2.75e-05,2.75e-06,9.52628e-08,1.6214e-05,8.64752e-10,6.68031e-10,0.00025,0.000807754,0.000541483,0.619,0.0100357,0.00100445,0.505196,191859,0.0813922,30910.3,0.265342,0.999997
5,1,10,200,0.001,1 MHz (plan spec),33.5178,0.00807754,0.00907754,2.75e-05,2.75e-06,9.52628e-08,1.6214e-05,8.64752e-10,6.68031e-10,0.001,8.07754e-05,0.541483,0.619,0.0100502,0.541484,146815,191859,23653.4,30910.3,0.265342,0.362311
5,1,10,200,0.001,100 MHz,0.335178,0.00807754,0.00907754,2.75e-05,2.75e-06,9.52628e-08,1.6214e-05,8.64752e-10,6.68031e-10,0.001,8.07754e-05,0.00541483,0.619,0.0100502,0.00550706,15.1859,191859,2.44659,30910.3,0.265342,0.999895
5,1,10,200,0.001,1 GHz,0.0335178,0.00807754,0.00907754,2.75e-05,2.75e-06,9.52628e-08,1.6214e-05,8.64752e-10,6.68031e-10,0.001,8.07754e-05,0.000541483,0.619,0.0100502,0.00114039,0.651187,191859,0.104913,30910.3,0.265342,0.999995
5,1,10,200,0.01,1 MHz (plan spec),33.5178,0.00807754,0.00907754,2.75e-05,2.75e-06,9.52628e-08,1.6214e-05,8.64752e-10,6.68031e-10,0.001,0.000807754,0.541483,0.619,0.0100823,0.541485,146816,191859,23653.5,30910.3,0.265342,0.36231
5,1,10,200,0.01,100 MHz,0.335178,0.00807754,0.00907754,2.75e-05,2.75e-06,9.52628e-08,1.6214e-05,8.64752e-10,6.68031e-10,0.001,0.000807754,0.00541483,0.619,0.0100823,0.0055654,15.5093,191859,2.4987,30910.3,0.265342,0.999893
5,1,10,200,0.01,1 GHz,0.0335178,0.00807754,0.00907754,2.75e-05,2.75e-06,9.52628e-08,1.6214e-05,8.64752e-10,6.68031e-10,0.001,0.000807754,0.000541483,0.619,0.0100823,0.00139514,0.974627,191859,0.157022,30910.3,0.265342,0.999993
5,1,10,1000,0.001,1 MHz (plan spec),33.5178,0.00807754,0.00907754,2.75e-05,2.75e-06,9.52628e-08,1.6214e-05,8.64752e-10,6.68031e-10,0.005,8.07754e-05,0.541483,0.619,0.0111807,0.541506,146827,191859,23655.4,30910.3,0.265342,0.362281
5,1,10,1000,0.001,100 MHz,0.335178,0.00807754,0.00907754,2.75e-05,2.75e-06,9.52628e-08,1.6214e-05,8.64752e-10,6.68031e-10,0.005,8.07754e-05,0.00541483,0.619,0.0111807,0.00737073,27.2033,191859,4.38272,30910.3,0.265342,0.999812
5,1,10,1000,0.001,1 GHz,0.0335178,0.00807754,0.00907754,2.75e-05,2.75e-06,9.52628e-08,1.6214e-05,8.64752e-10,6.68031e-10,0.005,8.07754e-05,0.000541483,0.619,0.0111807,0.00502996,12.6686,191859,2.04104,30910.3,0.265342,0.999912
5,1,10,1000,0.01,1 MHz (plan spec),33.5178,0.00807754,0.00907754,2.75e-05,2.75e-06,9.52628e-08,1.6214e-05,8.64752e-10,6.68031e-10,0.005,0.000807754,0.541483,0.619,0.0112095,0.541507,146828,191859,23655.4,30910.3,0.265342,0.36228
5,1,10,1000,0.01,100 MHz,0.335178,0.00807754,0.00907754,2.75e-05,2.75e-06,9.52628e-08,1.6214e-05,8.64752e-10,6.68031e-10,0.005,0.000807754,0.00541483,0.619,0.0112095,0.00741442,27.5267,191859,4.43483,30910.3,0.265342,0.99981
5,1,10,1000,0.01,1 GHz,0.0335178,0.00807754,0.00907754,2.75e-05,2.75e-06,9.52628e-08,1.6214e-05,8.64752e-10,6.68031e-10,0.005,0.000807754,0.000541483,0.619,0.0112095,0.00509376,12.9921,191859,2.09315,30910.3,0.265342,0.99991
5,1,50,50,0.001,1 MHz (plan spec),33.5178,0.00807754,0.00907754,2.75e-05,2.75e-06,9.52628e-08,1.6214e-05,8.64752e-10,6.68031e-10,0.00025,0.000403877,2.70742,0.619,0.0500023,2.70742,3.67037e+06,191859,591334,30910.3,0.265342,9.48559e-12
5,1,50,50,0.001,100 MHz,0.335178,0.00807754,0.00907754,2.75e-05,2.75e-06,9.52628e-08,1.6214e-05,8.64752e-10,6.68031e-10,0.00025,0.000403877,0.0270742,0.619,0.0500023,0.0270783,367.151,191859,59.1516,30910.3,0.265342,0.997464
5,1,50,50,0.001,1 GHz,0.0335178,0.00807754,0.00907754,2.75e-05,2.75e-06,9.52628e-08,1.6214e-05,8.64752e-10,6.68031e-10,0.00025,0.000403877,0.00270742,0.619,0.0500023,0.0027489,3.78372,191859,0.609596,30910.3,0.265342,0.999974
5,1,50,50,0.01,1 MHz (plan spec),33.5178,0.00807754,0.00907754,2.75e-05,2.75e-06,9.52628e-08,1.6214e-05,8.64752e-10,6.68031e-10,0.00025,0.00403877,2.70742,0.619,0.0501635,2.70742,3.67038e+06,191859,591335,30910.3,0.265342,9.48506e-12
5,1,50,50,0.01,100 MHz,0.335178,0.00807754,0.00907754,2.75e-05,2.75e-06,9.52628e-08,1.6214e-05,8.64752e-10,6.68031e-10,0.00025,0.00403877,0.0270742,0.619,0.0501635,0.0273749,375.237,191859,60.4544,30910.3,0.265342,0.997409
5,1,50,50,0.01,1 GHz,0.0335178,0.00807754,0.00907754,2.75e-05,2.75e-06,9.52628e-08,1.6214e-05,8.64752e-10,6.68031e-10,0.00025,0.00403877,0.00270742,0.619,0.0501635,0.00486878,11.8697,191859,1.91233,30910.3,0.265342,0.999918
5,1,50,200,0.001,1 MHz (plan spec),33.5178,0.00807754,0.00907754,2.75e-05,2.75e-06,9.52628e-08,1.6214e-05,8.64752e-10,6.68031e-10,0.001,0.000403877,2.70742,0.619,0.0500116,2.70742,3.67037e+06,191859,591334,30910.3,0.265342,9.48556e-12
5,1,50,200,0.001,100 MHz,0.335178,0.00807754,0.00907754,2.75e-05,2.75e-06,9.52628e-08,1.6214e-05,8.64752e-10,6.68031e-10,0.001,0.000403877,0.0270742,0.619,0.0500116,0.0270957,367.62,191859,59.2273,30910.3,0.265342,0.997461
5,1,50,200,0.001,1 GHz,0.0335178,0.00807754,0.00907754,2.75e-05,2.75e-06,9.52628e-08,1.6214e-05,8.64752e-10,6.68031e-10,0.001,0.000403877,0.00270742,0.619,0.0500116,0.00291444,4.25316,191859,0.685226,30910.3,0.265342,0.999971
5,1,50,200,0.01,1 MHz (plan spec),33.5178,0.00807754,0.00907754,2.75e-05,2.75e-06,9.52628e-08,1.6214e-05,8.64752e-10,6.68031e-10,0.001,0.00403877,2.70742,0.619,0.0501728,2.70742,3.67038e+06,191859,591335,30910.3,0.265342,9.48503e-12
5,1,50,200,0.01,100 MHz,0.335178,0.00807754,0.00907754,2.75e-05,2.75e-06,9.52628e-08,1.6214e-05,8.64752e-10,6.68031e-10,0.001,0.00403877,0.0270742,0.619,0.0501728,0.027392,375.706,191859,60.53,30910.3,0.265342,0.997405
5,1,50,200,0.01,1 GHz,0.0335178,0.00807754,0.00907754,2.75e-05,2.75e-06,9.52628e-08,1.6214e-05,8.64752e-10,6.68031e-10,0.001,0.00403877,0.00270742,0.619,0.0501728,0.00496413,12.3392,191859,1.98796,30910.3,0.265342,0.999915
5,1,50,1000,0.001,1 MHz (plan spec),33.5178,0.00807754,0.00907754,2.75e-05,2.75e-06,9.52628e-08,1.6214e-05,8.64752e-10,6.68031e-10,0.005,0.000403877,2.70742,0.619,0.050251,2.70742,3.67039e+06,191859,591336,30910.3,0.265342,9.48477e-12
5,1,50,1000,0.001,100 MHz,0.335178,0.00807754,0.00907754,2.75e-05,2.75e-06,9.52628e-08,1.6214e-05,8.64752e-10,6.68031e-10,0.005,0.000403877,0.0270742,0.619,0.050251,0.027535,379.638,191859,61.1634,30910.3,0.265342,0.997378
5,1,50,1000,0.001,1 GHz,0.0335178,0.00807754,0.00907754,2.75e-05,2.75e-06,9.52628e-08,1.6214e-05,8.64752e-10,6.68031e-10,0.005,0.000403877,0.00270742,0.619,0.050251,0.00570035,16.2706,191859,2.62135,30910.3,0.265342,0.999887
5,1,50,1000,0.01,1 MHz (plan spec),33.5178,0.00807754,0.00907754,2.75e-05,2.75e-06,9.52628e-08,1.6214e-05,8.64752e-10,6.68031e-10,0.005,0.00403877,2.70742,0.619,0.0504114,2.70742,3.67039e+06,191859,591337,30910.3,0.265342,9.48424e-12
5,1,50,1000,0.01,100 MHz,0.335178,0.00807754,0.00907754,2.75e-05,2.75e-06,9.52628e-08,1.6214e-05,8.64752e-10,6.68031e-10,0.005,0.00403877,0.0270742,0.619,0.0504114,0.0278267,387.724,191859,62.4661,30910.3,0.265342,0.997322
5,1,50,1000,0.01,1 GHz,0.0335178,0.00807754,0.00907754,2.75e-05,2.75e-06,9.52628e-08,1.6214e-05,8.64752e-10,6.68031e-10,0.005,0.00403877,0.00270742,0.619,0.0504114,0.00697442,24.3566,191859,3.92409,30910.3,0.265342,0.999832
5,1,100,50,0.001,1 MHz (plan spec),33.5178,0.00807754,0.00907754,2.75e-05,2.75e-06,9.52628e-08,1.6214e-05,8.64752e-10,6.68031e-10,0.00025,0.000807754,5.41483,0.619,0.100004,5.41483,1.46815e+07,191859,2.36533e+06,30910.3,0.265342,8.09577e-45
5,1,100,50,0.001,100 MHz,0.335178,0.00807754,0.00907754,2.75e-05,2.75e-06,9.52628e-08,1.6214e-05,8.64752e-10,6.68031e-10,0.00025,0.000807754,0.0541483,0.619,0.100004,0.0541549,1468.51,191859,236.591,30910.3,0.265342,0.989896
5,1,100,50,0.001,1 GHz,0.0335178,0.00807754,0.00907754,2.75e-05,2.75e-06,9.52628e-08,1.6214e-05,8.64752e-10,6.68031e-10,0.00025,0.000807754,0.00541483,0.619,0.100004,0.00548052,15.0399,191859,2.42307,30910.3,0.265342,0.999896
5,1,100,50,0.01,1 MHz (plan spec),33.5178,0.00807754,0.00907754,2.75e-05,2.75e-06,9.52628e-08,1.6214e-05,8.64752e-10,6.68031e-10,0.00025,0.00807754,5.41483,0.619,0.100326,5.41484,1.46815e+07,191859,2.36534e+06,30910.3,0.265342,8.09396e-45
5,1,100,50,0.01,100 MHz,0.335178,0.00807754,0.00907754,2.75e-05,2.75e-06,9.52628e-08,1.6214e-05,8.64752e-10,6.68031e-10,0.00025,0.00807754,0.0541483,0.619,0.100326,0.0547481,1500.85,191859,241.802,30910.3,0.265342,0.989675
5,1,100,50,0.01,1 GHz,0.0335178,0.00807754,0.00907754,2.75e-05,2.75e-06,9.52628e-08,1.6214e-05,8.64752e-10,6.68031e-10,0.00025,0.00807754,0.00541483,0.619,0.100326,0.00972782,47.3839,191859,7.63402,30910.3,0.265342,0.999672
5,1,100,200,0.001,1 MHz (plan spec),33.5178,0.00807754,0.00907754,2.75e-05,2.75e-06,9.52628e-08,1.6214e-05,8.64752e-10,6.68031e-10,0.001,0.000807754,5.41483,0.619,0.100008,5.41483,1.46815e+07,191859,2.36533e+06,30910.3,0.265342,8.09575e-45
5,1,100,200,0.001,100 MHz,0.335178,0.00807754,0.00907754,2.75e-05,2.75e-06,9.52628e-08,1.6214e-05,8.64752e-10,6.68031e-10,0.001,0.000807754,0.0541483,0.619,0.100008,0.0541636,1468.98,191859,236.667,30910.3,0.265342,0.989893
5,1,100,200,0.001,1 GHz,0.0335178,0.00807754,0.00907754,2.75e-05,2.75e-06,9.52628e-08,1.6214e-05,8.64752e-10,6.68031e-10,0.001,0.000807754,0.00541483,0.619,0.100008,0.0055654,15.5093,191859,2.4987,30910.3,0.265342,0.999893
5,1,100,200,0.01,1 MHz (plan spec),33.5178,0.00807754,0.00907754,2.75e-05,2.75e-06,9.52628e-08,1.6214e-05,8.64752e-10,6.68031e-10,0.001,0.00807754,5.41483,0.619,0.100331,5.41484,1.46815e+07,191859,2.36534e+06,30910.3,0.265342,8.09394e-45
5,1,100,200,0.01,100 MHz,0.335178,0.00807754,0.00907754,2.75e-05,2.75e-06,9.52628e-08,1.6214e-05,8.64752e-10,6.68031e-10,0.001,0.00807754,0.0541483,0.619,0.100331,0.0547566,1501.32,191859,241.878,30910.3,0.265342,0.989672
5,1,100,200,0.01,1 GHz,0.0335178,0.00807754,0.00907754,2.75e-05,2.75e-06,9.52628e-08,1.6214e-05,8.64752e-10,6.68031e-10,0.001,0.00807754,0.00541483,0.619,0.100331,0.00977588,47.8533,191859,7.70965,30910.3,0.265342,0.999669
5,1,100,1000,0.001,1 MHz (plan spec),33.5178,0.00807754,0.00907754,2.75e-05,2.75e-06,9.52628e-08,1.6214e-05,8.64752e-10,6.68031e-10,0.005,0.000807754,5.41483,0.619,0.100128,5.41484,1.46815e+07,191859,2.36534e+06,30910.3,0.265342,8.09507e-45
5,1,100,1000,0.001,100 MHz,0.335178,0.00807754,0.00907754,2.75e-05,2.75e-06,9.52628e-08,1.6214e-05,8.64752e-10,6.68031e-10,0.005,0.000807754,0.0541483,0.619,0.100128,0.0543847,1480.99,191859,238.603,30910.3,0.265342,0.989811
5,1,100,1000,0.001,1 GHz,0.0335178,0.00807754,0.00907754,2.75e-05,2.75e-06,9.52628e-08,1.6214e-05,8.64752e-10,6.68031e-10,0.005,0.000807754,0.00541483,0.619,0.100128,0.00741442,27.5267,191859,4.43483,30910.3,0.265342,0.99981
5,1,100,1000,0.01,1 MHz (plan spec),33.5178,0.00807754,0.00907754,2.75e-05,2.75e-06,9.52628e-08,1.6214e-05,8.64752e-10,6.68031e-10,0.005,0.00807754,5.41483,0.619,0.10045,5.41484,1.46815e+07,191859,2.36534e+06,30910.3,0.265342,8.09326e-45
5,1,100,1000,0.01,100 MHz,0.335178,0.00807754,0.00907754,2.75e-05,2.75e-06,9.52628e-08,1.6214e-05,8.64752e-10,6.68031e-10,0.005,0.00807754,0.0541483,0.619,0.10045,0.0549753,1513.34,191859,243.814,30910.3,0.265342,0.98959
5,1,100,1000,0.01,1 GHz,0.0335178,0.00807754,0.00907754,2.75e-05,2.75e-06,9.52628e-08,1.6214e-05,8.64752e-10,6.68031e-10,0.005,0.00807754,0.00541483,0.619,0.10045,0.0109347,59.8708,191859,9.64577,30910.3,0.265342,0.999586
5,5,1,50,0.001,1 MHz (plan spec),33.5178,0.00807754,0.0130775,2.75e-05,2.75e-06,9.52628e-08,1.6214e-05,1.2458e-09,1.38648e-09,0.00025,8.07754e-06,0.0541483,3.095,0.00500633,0.0541489,1468.18,4.79647e+06,236.539,772759,3.93695e-15,0.989899
5,5,1,50,0.001,100 MHz,0.335178,0.00807754,0.0130775,2.75e-05,2.75e-06,9.52628e-08,1.6214e-05,1.2458e-09,1.38648e-09,0.00025,8.07754e-06,0.000541483,3.095,0.00500633,0.000597098,0.178522,4.79647e+06,0.0287616,772759,3.93695e-15,0.999999
5,5,1,50,0.001,1 GHz,0.0335178,0.00807754,0.0130775,2.75e-05,2.75e-06,9.52628e-08,1.6214e-05,1.2458e-09,1.38648e-09,0.00025,8.07754e-06,5.41483e-05,3.095,0.00500633,0.000257398,0.0331749,4.79647e+06,0.0053448,772759,3.93695e-15,1
5,5,1,50,0.01,1 MHz (plan spec),33.5178,0.00807754,0.0130775,2.75e-05,2.75e-06,9.52628e-08,1.6214e-05,1.2458e-09,1.38648e-09,0.00025,8.07754e-05,0.0541483,3.095,0.00500697,0.054149,1468.18,4.79647e+06,236.539,772759,3.93695e-15,0.989899
5,5,1,50,0.01,100 MHz,0.335178,0.00807754,0.0130775,2.75e-05,2.75e-06,9.52628e-08,1.6214e-05,1.2458e-09,1.38648e-09,0.00025,8.07754e-05,0.000541483,3.095,0.00500697,0.000602482,0.181756,4.79647e+06,0.0292827,772759,3.93695e-15,0.999999
5,5,1,50,0.01,1 GHz,0.0335178,0.00807754,0.0130775,2.75e-05,2.75e-06,9.52628e-08,1.6214e-05,1.2458e-09,1.38648e-09,0.00025,8.07754e-05,5.41483e-05,3.095,0.00500697,0.000269653,0.0364093,4.79647e+06,0.0058659,772759,3.93695e-15,1
5,5,1,200,0.001,1 MHz (plan spec),33.5178,0.00807754,0.0130775,2.75e-05,2.75e-06,9.52628e-08,1.6214e-05,1.2458e-09,1.38648e-09,0.001,8.07754e-06,0.0541483,3.095,0.0050991,0.0541576,1468.65,4.79647e+06,236.614,772759,3.93695e-15,0.989895
5,5,1,200,0.001,100 MHz,0.335178,0.00807754,0.0130775,2.75e-05,2.75e-06,9.52628e-08,1.6214e-05,1.2458e-09,1.38648e-09,0.001,8.07754e-06,0.000541483,3.095,0.0050991,0.00113755,0.647952,4.79647e+06,0.104392,772759,3.93695e-15,0.999996
5,5,1,200,0.001,1 GHz,0.0335178,0.00807754,0.0130775,2.75e-05,2.75e-06,9.52628e-08,1.6214e-05,1.2458e-09,1.38648e-09,0.001,8.07754e-06,5.41483e-05,3.095,0.0050991,0.00100188,0.502606,4.79647e+06,0.0809747,772759,3.93695e-15,0.999997
5,5,1,200,0.01,1 MHz (plan spec),33.5178,0.00807754,0.0130775,2.75e-05,2.75e-06,9.52628e-08,1.6214e-05,1.2458e-09,1.38648e-09,0.001,8.07754e-05,0.0541483,3.095,0.00509973,0.0541576,1468.65,4.79647e+06,236.615,772759,3.93695e-15,0.989895
5,5,1,200,0.01,100 MHz,0.335178,0.00807754,0.0130775,2.75e-05,2.75e-06,9.52628e-08,1.6214e-05,1.2458e-09,1.38648e-09,0.001,8.07754e-05,0.000541483,3.095,0.00509973,0.00114039,0.651187,4.79647e+06,0.104913,772759,3.93695e-15,0.999995
5,5,1,200,0.01,1 GHz,0.0335178,0.00807754,0.0130775,2.75e-05,2.75e-06,9.52628e-08,1.6214e-05,1.2458e-09,1.38648e-09,0.001,8.07754e-05,5.41483e-05,3.095,0.00509973,0.00100509,0.50584,4.79647e+06,0.0814958,772759,3.93695e-15,0.999997
5,5,1,1000,0.001,1 MHz (plan spec),33.5178,0.00807754,0.0130775,2.75e-05,2.75e-06,9.52628e-08,1.6214e-05,1.2458e-09,1.38648e-09,0.005,8.07754e-06,0.0541483,3.095,0.00707113,0.0543787,1480.67,4.79647e+06,238.55,772759,3.93695e-15,0.989813
5,5,1,1000,0.001,100 MHz,0.335178,0.00807754,0.0130775,2.75e-05,2.75e-06,9.52628e-08,1.6214e-05,1.2458e-09,1.38648e-09,0.005,8.07754e-06,0.000541483,3.095,0.00707113,0.00502932,12.6654,4.79647e+06,2.04052,772759,3.93695e-15,0.999912
5,5,1,1000,0.001,1 GHz,0.0335178,0.00807754,0.0130775,2.75e-05,2.75e-06,9.52628e-08,1.6214e-05,1.2458e-09,1.38648e-09,0.005,8.07754e-06,5.41483e-05,3.095,0.00707113,0.00500038,12.52,4.79647e+06,2.0171,772759,3.93695e-15,0.999913
5,5,1,1000,0.01,1 MHz (plan spec),33.5178,0.00807754,0.0130775,2.75e-05,2.75e-06,9.52628e-08,1.6214e-05,1.2458e-09,1.38648e-09,0.005,8.07754e-05,0.0541483,3.095,0.00707158,0.0543788,1480.67,4.79647e+06,238.551,772759,3.93695e-15,0.989813
5,5,1,1000,0.01,100 MHz,0.335178,0.00807754,0.0130775,2.75e-05,2.75e-06,9.52628e-08,1.6214e-05,1.2458e-09,1.38648e-09,0.005,8.07754e-05,0.000541483,3.095,0.00707158,0.00502996,12.6686,4.79647e+06,2.04104,772759,3.93695e-15,0.999912
5,5,1,1000,0.01,1 GHz,0.0335178,0.00807754,0.0130775,2.75e-05,2.75e-06,9.52628e-08,1.6214e-05,1.2458e-09,1.38648e-09,0.005,8.07754e-05,5.41483e-05,3.095,0.00707158,0.00500102,12.5233,4.79647e+06,2.01762,772759,3.93695e-15,0.999913
5,5,10,50,0.001,1 MHz (plan spec),33.5178,0.00807754,0.0130775,2.75e-05,2.75e-06,9.52628e-08,1.6214e-05,1.2458e-09,1.38648e-09,0.00025,8.07754e-05,0.541483,3.095,0.0500007,0.541483,146815,4.79647e+06,23653.4,772759,3.93695e-15,0.362312
5,5,10,50,0.001,100 MHz,0.335178,0.00807754,0.0130775,2.75e-05,2.75e-06,9.52628e-08,1.6214e-05,1.2458e-09,1.38648e-09,0.00025,8.07754e-05,0.00541483,3.095,0.0500007,0.00542127,14.7164,4.79647e+06,2.37096,772759,3.93695e-15,0.999898
5,5,10,50,0.001,1 GHz,0.0335178,0.00807754,0.0130775,2.75e-05,2.75e-06,9.52628e-08,1.6214e-05,1.2458e-09,1.38648e-09,0.00025,8.07754e-05,0.000541483,3.095,0.0500007,0.000602482,0.181756,4.79647e+06,0.0292827,772759,3.93695e-15,0.999999
5,5,10,50,0.01,1 MHz (plan spec),33.5178,0.00807754,0.0130775,2.75e-05,2.75e-06,9.52628e-08,1.6214e-05,1.2458e-09,1.38648e-09,0.00025,0.000807754,0.541483,3.095,0.0500072,0.541484,146815,4.79647e+06,23653.4,772759,3.93695e-15,0.362311
5,5,10,50,0.01,100 MHz,0.335178,0.00807754,0.0130775,2.75e-05,2.75e-06,9.52628e-08,1.6214e-05,1.2458e-09,1.38648e-09,0.00025,0.000807754,0.00541483,3.095,0.0500072,0.00548052,15.0399,4.79647e+06,2.42307,772759,3.93695e-15,0.999896
5,5,10,50,0.01,1 GHz,0.0335178,0.00807754,0.0130775,2.75e-05,2.75e-06,9.52628e-08,1.6214e-05,1.2458e-09,1.38648e-09,0.00025,0.000807754,0.000541483,3.095,0.0500072,0.00100445,0.505196,4.79647e+06,0.0813922,772759,3.93695e-15,0.999997
5,5,10,200,0.001,1 MHz (plan spec),33.5178,0.00807754,0.0130775,2.75e-05,2.75e-06,9.52628e-08,1.6214e-05,1.2458e-09,1.38648e-09,0.001,8.07754e-05,0.541483,3.095,0.0500101,0.541484,146815,4.79647e+06,23653.4,772759,3.93695e-15,0.362311
5,5,10,200,0.001,100 MHz,0.335178,0.00807754,0.0130775,2.75e-05,2.75e-06,9.52628e-08,1.6214e-05,1.2458e-09,1.38648e-09,0.001,8.07754e-05,0.00541483,3.095,0.0500101,0.00550706,15.1859,4.79647e+06,2.44659,772759,3.93695e-15,0.999895
5,5,10,200,0.001,1 GHz,0.0335178,0.00807754,0.0130775,2.75e-05,2.75e-06,9.52628e-08,1.6214e-05,1.2458e-09,1.38648e-09,0.001,8.07754e-05,0.000541483,3.095,0.0500101,0.00114039,0.651187,4.79647e+06,0.104913,772759,3.93695e-15,0.999995
5,5,10,200,0.01,1 MHz (plan spec),33.5178,0.00807754,0.0130775,2.75e-05,2.75e-06,9.52628e-08,1.6214e-05,1.2458e-09,1.38648e-09,0.001,0.000807754,0.541483,3.095,0.0500165,0.541485,146816,4.79647e+06,23653.5,772759,3.93695e-15,0.36231
5,5,10,200,0.01,100 MHz,0.335178,0.00807754,0.0130775,2.75e-05,2.75e-06,9.52628e-08,1.6214e-05,1.2458e-09,1.38648e-09,0.001,0.000807754,0.00541483,3.095,0.0500165,0.0055654,15.5093,4.79647e+06,2.4987,772759,3.93695e-15,0.999893
5,5,10,200,0.01,1 GHz,0.0335178,0.00807754,0.0130775,2.75e-05,2.75e-06,9.52628e-08,1.6214e-05,1.2458e-09,1.38648e-09,0.001,0.000807754,0.000541483,3.095,0.0500165,0.00139514,0.974627,4.79647e+06,0.157022,772759,3.93695e-15,0.999993
5,5,10,1000,0.001,1 MHz (plan spec),33.5178,0.00807754,0.0130775,2.75e-05,2.75e-06,9.52628e-08,1.6214e-05,1.2458e-09,1.38648e-09,0.005,8.07754e-05,0.541483,3.095,0.0502495,0.541506,146827,4.79647e+06,23655.4,772759,3.93695e-15,0.362281
5,5,10,1000,0.001,100 MHz,0.335178,0.00807754,0.0130775,2.75e-05,2.75e-06,9.52628e-08,1.6214e-05,1.2458e-09,1.38648e-09,0.005,8.07754e-05,0.00541483,3.095,0.0502495,0.00737073,27.2033,4.79647e+06,4.38272,772759,3.93695e-15,0.999812
5,5,10,1000,0.001,1 GHz,0.0335178,0.00807754,0.0130775,2.75e-05,2.75e-06,9.52628e-08,1.6214e-05,1.2458e-09,1.38648e-09,0.005,8.07754e-05,0.000541483,3.095,0.0502495,0.00502996,12.6686,4.79647e+06,2.04104,772759,3.93695e-15,0.999912
5,5,10,1000,0.01,1 MHz (plan spec),33.5178,0.00807754,0.0130775,2.75e-05,2.75e-06,9.52628e-08,1.6214e-05,1.2458e-09,1.38648e-09,0.005,0.000807754,0.541483,3.095,0.0502559,0.541507,146828,4.79647e+06,23655.4,772759,3.93695e-15,0.36228
5,5,10,1000,0.01,100 MHz,0.335178,0.00807754,0.0130775,2.75e-05,2.75e-06,9.52628e-08,1.6214e-05,1.2458e-09,1.38648e-09,0.005,0.000807754,0.00541483,3.095,0.0502559,0.00741442,27.5267,4.79647e+06,4.43483,772759,3.93695e-15,0.99981
5,5,10,1000,0.01,1 GHz,0.0335178,0.00807754,0.0130775,2.75e-05,2.75e-06,9.52628e-08,1.6214e-05,1.2458e-09,1.38648e-09,0.005,0.000807754,0.000541483,3.095,0.0502559,0.00509376,12.9921,4.79647e+06,2.09315,772759,3.93695e-15,0.99991
5,5,50,50,0.001,1 MHz (plan spec),33.5178,0.00807754,0.0130775,2.75e-05,2.75e-06,9.52628e-08,1.6214e-05,1.2458e-09,1.38648e-09,0.00025,0.000403877,2.70742,3.095,0.25,2.70742,3.67037e+06,4.79647e+06,591334,772759,3.93695e-15,9.48559e-12
5,5,50,50,0.001,100 MHz,0.335178,0.00807754,0.0130775,2.75e-05,2.75e-06,9.52628e-08,1.6214e-05,1.2458e-09,1.38648e-09,0.00025,0.000403877,0.0270742,3.095,0.25,0.0270783,367.151,4.79647e+06,59.1516,772759,3.93695e-15,0.997464
5,5,50,50,0.001,1 GHz,0.0335178,0.00807754,0.0130775,2.75e-05,2.75e-06,9.52628e-08,1.6214e-05,1.2458e-09,1.38648e-09,0.00025,0.000403877,0.00270742,3.095,0.25,0.0027489,3.78372,4.79647e+06,0.609596,772759,3.93695e-15,0.999974
5,5,50,50,0.01,1 MHz (plan spec),33.5178,0.00807754,0.0130775,2.75e-05,2.75e-06,9.52628e-08,1.6214e-05,1.2458e-09,1.38648e-09,0.00025,0.00403877,2.70742,3.095,0.250033,2.70742,3.67038e+06,4.79647e+06,591335,772759,3.93695e-15,9.48506e-12
5,5,50,50,0.01,100 MHz,0.335178,0.00807754,0.0130775,2.75e-05,2.75e-06,9.52628e-08,1.6214e-05,1.2458e-09,1.38648e-09,0.00025,0.00403877,0.0270742,3.095,0.250033,0.0273749,375.237,4.79647e+06,60.4544,772759,3.93695e-15,0.997409
5,5,50,50,0.01,1 GHz,0.0335178,0.00807754,0.0130775,2.75e-05,2.75e-06,9.52628e-08,1.6214e-05,1.2458e-09,1.38648e-09,0.00025,0.00403877,0.00270742,3.095,0.250033,0.00486878,11.8697,4.79647e+06,1.91233,772759,3.93695e-15,0.999918
5,5,50,200,0.001,1 MHz (plan spec),33.5178,0.00807754,0.0130775,2.75e-05,2.75e-06,9.52628e-08,1.6214e-05,1.2458e-09,1.38648e-09,0.001,0.000403877,2.70742,3.095,0.250002,2.70742,3.67037e+06,4.79647e+06,591334,772759,3.93695e-15,9.48556e-12
5,5,50,200,0.001,100 MHz,0.335178,0.00807754,0.0130775,2.75e-05,2.75e-06,9.52628e-08,1.6214e-05,1.2458e-09,1.38648e-09,0.001,0.000403877,0.0270742,3.095,0.250002,0.0270957,367.62,4.79647e+06,59.2273,772759,3.93695e-15,0.997461
5,5,50,200,0.001,1 GHz,0.0335178,0.00807754,0.0130775,2.75e-05,2.75e-06,9.52628e-08,1.6214e-05,1.2458e-09,1.38648e-09,0.001,0.000403877,0.00270742,3.095,0.250002,0.00291444,4.25316,4.79647e+06,0.685226,772759,3.93695e-15,0.999971
5,5,50,200,0.01,1 MHz (plan spec),33.5178,0.00807754,0.0130775,2.75e-05,2.75e-06,9.52628e-08,1.6214e-05,1.2458e-09,1.38648e-09,0.001,0.00403877,2.70742,3.095,0.250035,2.70742,3.67038e+06,4.79647e+06,591335,772759,3.93695e-15,9.48503e-12
5,5,50,200,0.01,100 MHz,0.335178,0.00807754,0.0130775,2.75e-05,2.75e-06,9.52628e-08,1.6214e-05,1.2458e-09,1.38648e-09,0.001,0.00403877,0.0270742,3.095,0.250035,0.027392,375.706,4.79647e+06,60.53,772759,3.93695e-15,0.997405
5,5,50,200,0.01,1 GHz,0.0335178,0.00807754,0.0130775,2.75e-05,2.75e-06,9.52628e-08,1.6214e-05,1.2458e-09,1.38648e-09,0.001,0.00403877,0.00270742,3.095,0.250035,0.00496413,12.3392,4.79647e+06,1.98796,772759,3.93695e-15,0.999915
5,5,50,1000,0.001,1 MHz (plan spec),33.5178,0.00807754,0.0130775,2.75e-05,2.75e-06,9.52628e-08,1.6214e-05,1.2458e-09,1.38648e-09,0.005,0.000403877,2.70742,3.095,0.25005,2.70742,3.67039e+06,4.79647e+06,591336,772759,3.93695e-15,9.48477e-12
5,5,50,1000,0.001,100 MHz,0.335178,0.00807754,0.0130775,2.75e-05,2.75e-06,9.52628e-08,1.6214e-05,1.2458e-09,1.38648e-09,0.005,0.000403877,0.0270742,3.095,0.25005,0.027535,379.638,4.79647e+06,61.1634,772759,3.93695e-15,0.997378
5,5,50,1000,0.001,1 GHz,0.0335178,0.00807754,0.0130775,2.75e-05,2.75e-06,9.52628e-08,1.6214e-05,1.2458e-09,1.38648e-09,0.005,0.000403877,0.00270742,3.095,0.25005,0.00570035,16.2706,4.79647e+06,2.62135,772759,3.93695e-15,0.999887
5,5,50,1000,0.01,1 MHz (plan spec),33.5178,0.00807754,0.0130775,2.75e-05,2.75e-06,9.52628e-08,1.6214e-05,1.2458e-09,1.38648e-09,0.005,0.00403877,2.70742,3.095,0.250083,2.70742,3.67039e+06,4.79647e+06,591337,772759,3.93695e-15,9.48424e-12
5,5,50,1000,0.01,100 MHz,0.335178,0.00807754,0.0130775,2.75e-05,2.75e-06,9.52628e-08,1.6214e-05,1.2458e-09,1.38648e-09,0.005,0.00403877,0.0270742,3.095,0.250083,0.0278267,387.724,4.79647e+06,62.4661,772759,3.93695e-15,0.997322
5,5,50,1000,0.01,1 GHz,0.0335178,0.00807754,0.0130775,2.75e-05,2.75e-06,9.52628e-08,1.6214e-05,1.2458e-09,1.38648e-09,0.005,0.00403877,0.00270742,3.095,0.250083,0.00697442,24.3566,4.79647e+06,3.92409,772759,3.93695e-15,0.999832
5,5,100,50,0.001,1 MHz (plan spec),33.5178,0.00807754,0.0130775,2.75e-05,2.75e-06,9.52628e-08,1.6214e-05,1.2458e-09,1.38648e-09,0.00025,0.000807754,5.41483,3.095,0.500001,5.41483,1.46815e+07,4.79647e+06,2.36533e+06,772759,3.93695e-15,8.09577e-45
5,5,100,50,0.001,100 MHz,0.335178,0.00807754,0.0130775,2.75e-05,2.75e-06,9.52628e-08,1.6214e-05,1.2458e-09,1.38648e-09,0.00025,0.000807754,0.0541483,3.095,0.500001,0.0541549,1468.51,4.79647e+06,236.591,772759,3.93695e-15,0.989896
5,5,100,50,0.001,1 GHz,0.0335178,0.00807754,0.0130775,2.75e-05,2.75e-06,9.52628e-08,1.6214e-05,1.2458e-09,1.38648e-09,0.00025,0.000807754,0.00541483,3.095,0.500001,0.00548052,15.0399,4.79647e+06,2.42307,772759,3.93695e-15,0.999896
5,5,100,50,0.01,1 MHz (plan spec),33.5178,0.00807754,0.0130775,2.75e-05,2.75e-06,9.52628e-08,1.6214e-05,1.2458e-09,1.38648e-09,0.00025,0.00807754,5.41483,3.095,0.500065,5.41484,1.46815e+07,4.79647e+06,2.36534e+06,772759,3.93695e-15,8.09396e-45
5,5,100,50,0.01,100 MHz,0.335178,0.00807754,0.0130775,2.75e-05,2.75e-06,9.52628e-08,1.6214e-05,1.2458e-09,1.38648e-09,0.00025,0.00807754,0.0541483,3.095,0.500065,0.0547481,1500.85,4.79647e+06,241.802,772759,3.93695e-15,0.989675
5,5,100,50,0.01,1 GHz,0.0335178,0.00807754,0.0130775,2.75e-05,2.75e-06,9.52628e-08,1.6214e-05,1.2458e-09,1.38648e-09,0.00025,0.00807754,0.00541483,3.095,0.500065,0.00972782,47.3839,4.79647e+06,7.63402,772759,3.93695e-15,0.999672
5,5,100,200,0.001,1 MHz (plan spec),33.5178,0.00807754,0.0130775,2.75e-05,2.75e-06,9.52628e-08,1.6214e-05,1.2458e-09,1.38648e-09,0.001,0.000807754,5.41483,3.095,0.500002,5.41483,1.46815e+07,4.79647e+06,2.36533e+06,772759,3.93695e-15,8.09575e-45
5,5,100,200,0.001,100 MHz,0.335178,0.00807754,0.0130775,2.75e-05,2.75e-06,9.52628e-08,1.6214e-05,1.2458e-09,1.38648e-09,0.001,0.000807754,0.0541483,3.095,0.500002,0.0541636,1468.98,4.79647e+06,236.667,772759,3.93695e-15,0.989893
5,5,100,200,0.001,1 GHz,0.0335178,0.00807754,0.0130775,2.75e-05,2.75e-06,9.52628e-08,1.6214e-05,1.2458e-09,1.38648e-09,0.001,0.000807754,0.00541483,3.095,0.500002,0.0055654,15.5093,4.79647e+06,2.4987,772759,3.93695e-15,0.999893
5,5,100,200,0.01,1 MHz (plan spec),33.5178,0.00807754,0.0130775,2.75e-05,2.75e-06,9.52628e-08,1.6214e-05,1.2458e-09,1.38648e-09,0.001,0.00807754,5.41483,3.095,0.500066,5.41484,1.46815e+07,4.79647e+06,2.36534e+06,772759,3.93695e-15,8.09394e-45
5,5,100,200,0.01,100 MHz,0.335178,0.00807754,0.0130775,2.75e-05,2.75e-06,9.52628e-08,1.6214e-05,1.2458e-09,1.38648e-09,0.001,0.00807754,0.0541483,3.095,0.500066,0.0547566,1501.32,4.79647e+06,241.878,772759,3.93695e-15,0.989672
5,5,100,200,0.01,1 GHz,0.0335178,0.00807754,0.0130775,2.75e-05,2.75e-06,9.52628e-08,1.6214e-05,1.2458e-09,1.38648e-09,0.001,0.00807754,0.00541483,3.095,0.500066,0.00977588,47.8533,4.79647e+06,7.70965,772759,3.93695e-15,0.999669
5,5,100,1000,0.001,1 MHz (plan spec),33.5178,0.00807754,0.0130775,2.75e-05,2.75e-06,9.52628e-08,1.6214e-05,1.2458e-09,1.38648e-09,0.005,0.000807754,5.41483,3.095,0.500026,5.41484,1.46815e+07,4.79647e+06,2.36534e+06,772759,3.93695e-15,8.09507e-45
5,5,100,1000,0.001,100 MHz,0.335178,0.00807754,0.0130775,2.75e-05,2.75e-06,9.52628e-08,1.6214e-05,1.2458e-09,1.38648e-09,0.005,0.000807754,0.0541483,3.095,0.500026,0.0543847,1480.99,4.79647e+06,238.603,772759,3.93695e-15,0.989811
5,5,100,1000,0.001,1 GHz,0.0335178,0.00807754,0.0130775,2.75e-05,2.75e-06,9.52628e-08,1.6214e-05,1.2458e-09,1.38648e-09,0.005,0.000807754,0.00541483,3.095,0.500026,0.00741442,27.5267,4.79647e+06,4.43483,772759,3.93695e-15,0.99981
5,5,100,1000,0.01,1 MHz (plan spec),33.5178,0.00807754,0.0130775,2.75e-05,2.75e-06,9.52628e-08,1.6214e-05,1.2458e-09,1.38648e-09,0.005,0.00807754,5.41483,3.095,0.50009,5.41484,1.46815e+07,4.79647e+06,2.36534e+06,772759,3.93695e-15,8.09326e-45
5,5,100,1000,0.01,100 MHz,0.335178,0.00807754,0.0130775,2.75e-05,2.75e-06,9.52628e-08,1.6214e-05,1.2458e-09,1.38648e-09,0.005,0.00807754,0.0541483,3.095,0.50009,0.0549753,1513.34,4.79647e+06,243.814,772759,3.93695e-15,0.98959
5,5,100,1000,0.01,1 GHz,0.0335178,0.00807754,0.0130775,2.75e-05,2.75e-06,9.52628e-08,1.6214e-05,1.2458e-09,1.38648e-09,0.005,0.00807754,0.00541483,3.095,0.50009,0.0109347,59.8708,4.79647e+06,9.64577,772759,3.93695e-15,0.999586
5,10,1,50,0.001,1 MHz (plan spec),33.5178,0.00807754,0.0180775,2.75e-05,2.75e-06,9.52628e-08,1.6214e-05,1.72212e-09,2.64935e-09,0.00025,8.07754e-06,0.0541483,6.19,0.0100032,0.0541489,1468.18,1.91859e+07,236.539,3.09103e+06,2.40238e-58,0.989899
5,10,1,50,0.001,100 MHz,0.335178,0.00807754,0.0180775,2.75e-05,2.75e-06,9.52628e-08,1.6214e-05,1.72212e-09,2.64935e-09,0.00025,8.07754e-06,0.000541483,6.19,0.0100032,0.000597098,0.178522,1.91859e+07,0.0287616,3.09103e+06,2.40238e-58,0.999999
5,10,1,50,0.001,1 GHz,0.0335178,0.00807754,0.0180775,2.75e-05,2.75e-06,9.52628e-08,1.6214e-05,1.72212e-09,2.64935e-09,0.00025,8.07754e-06,5.41483e-05,6.19,0.0100032,0.000257398,0.0331749,1.91859e+07,0.0053448,3.09103e+06,2.40238e-58,1
5,10,1,50,0.01,1 MHz (plan spec),33.5178,0.00807754,0.0180775,2.75e-05,2.75e-06,9.52628e-08,1.6214e-05,1.72212e-09,2.64935e-09,0.00025,8.07754e-05,0.0541483,6.19,0.0100035,0.054149,1468.18,1.91859e+07,236.539,3.09103e+06,2.40238e-58,0.989899
5,10,1,50,0.01,100 MHz,0.335178,0.00807754,0.0180775,2.75e-05,2.75e-06,9.52628e-08,1.6214e-05,1.72212e-09,2.64935e-09,0.00025,8.07754e-05,0.000541483,6.19,0.0100035,0.000602482,0.181756,1.91859e+07,0.0292827,3.09103e+06,2.40238e-58,0.999999
5,10,1,50,0.01,1 GHz,0.0335178,0.00807754,0.0180775,2.75e-05,2.75e-06,9.52628e-08,1.6214e-05,1.72212e-09,2.64935e-09,0.00025,8.07754e-05,5.41483e-05,6.19,0.0100035,0.000269653,0.0364093,1.91859e+07,0.0058659,3.09103e+06,2.40238e-58,1
5,10,1,200,0.001,1 MHz (plan spec),33.5178,0.00807754,0.0180775,2.75e-05,2.75e-06,9.52628e-08,1.6214e-05,1.72212e-09,2.64935e-09,0.001,8.07754e-06,0.0541483,6.19,0.0100499,0.0541576,1468.65,1.91859e+07,236.614,3.09103e+06,2.40238e-58,0.989895
5,10,1,200,0.001,100 MHz,0.335178,0.00807754,0.0180775,2.75e-05,2.75e-06,9.52628e-08,1.6214e-05,1.72212e-09,2.64935e-09,0.001,8.07754e-06,0.000541483,6.19,0.0100499,0.00113755,0.647952,1.91859e+07,0.104392,3.09103e+06,2.40238e-58,0.999996
5,10,1,200,0.001,1 GHz,0.0335178,0.00807754,0.0180775,2.75e-05,2.75e-06,9.52628e-08,1.6214e-05,1.72212e-09,2.64935e-09,0.001,8.07754e-06,5.41483e-05,6.19,0.0100499,0.00100188,0.502606,1.91859e+07,0.0809747,3.09103e+06,2.40238e-58,0.999997
5,10,1,200,0.01,1 MHz (plan spec),33.5178,0.00807754,0.0180775,2.75e-05,2.75e-06,9.52628e-08,1.6214e-05,1.72212e-09,2.64935e-09,0.001,8.07754e-05,0.0541483,6.19,0.0100502,0.0541576,1468.65,1.91859e+07,236.615,3.09103e+06,2.40238e-58,0.989895
5,10,1,200,0.01,100 MHz,0.335178,0.00807754,0.0180775,2.75e-05,2.75e-06,9.52628e-08,1.6214e-05,1.72212e-09,2.64935e-09,0.001,8.07754e-05,0.000541483,6.19,0.0100502,0.00114039,0.651187,1.91859e+07,0.104913,3.09103e+06,2.40238e-58,0.999995
5,10,1,200,0.01,1 GHz,0.0335178,0.00807754,0.0180775,2.75e-05,2.75e-06,9.52628e-08,1.6214e-05,1.72212e-09,2.64935e-09,0.001,8.07754e-05,5.41483e-05,6.19,0.0100502,0.00100509,0.50584,1.91859e+07,0.0814958,3.09103e+06,2.40238e-58,0.999997
5,10,1,1000,0.001,1 MHz (plan spec),33.5178,0.00807754,0.0180775,2.75e-05,2.75e-06,9.52628e-08,1.6214e-05,1.72212e-09,2.64935e-09,0.005,8.07754e-06,0.0541483,6.19,0.0111804,0.0543787,1480.67,1.91859e+07,238.55,3.09103e+06,2.40238e-58,0.989813
5,10,1,1000,0.001,100 MHz,0.335178,0.00807754,0.0180775,2.75e-05,2.75e-06,9.52628e-08,1.6214e-05,1.72212e-09,2.64935e-09,0.005,8.07754e-06,0.000541483,6.19,0.0111804,0.00502932,12.6654,1.91859e+07,2.04052,3.09103e+06,2.40238e-58,0.999912
5,10,1,1000,0.001,1 GHz,0.0335178,0.00807754,0.0180775,2.75e-05,2.75e-06,9.52628e-08,1.6214e-05,1.72212e-09,2.64935e-09,0.005,8.07754e-06,5.41483e-05,6.19,0.0111804,0.00500038,12.52,1.91859e+07,2.0171,3.09103e+06,2.40238e-58,0.999913
5,10,1,1000,0.01,1 MHz (plan spec),33.5178,0.00807754,0.0180775,2.75e-05,2.75e-06,9.52628e-08,1.6214e-05,1.72212e-09,2.64935e-09,0.005,8.07754e-05,0.0541483,6.19,0.0111807,0.0543788,1480.67,1.91859e+07,238.551,3.09103e+06,2.40238e-58,0.989813
5,10,1,1000,0.01,100 MHz,0.335178,0.00807754,0.0180775,2.75e-05,2.75e-06,9.52628e-08,1.6214e-05,1.72212e-09,2.64935e-09,0.005,8.07754e-05,0.000541483,6.19,0.0111807,0.00502996,12.6686,1.91859e+07,2.04104,3.09103e+06,2.40238e-58,0.999912
5,10,1,1000,0.01,1 GHz,0.0335178,0.00807754,0.0180775,2.75e-05,2.75e-06,9.52628e-08,1.6214e-05,1.72212e-09,2.64935e-09,0.005,8.07754e-05,5.41483e-05,6.19,0.0111807,0.00500102,12.5233,1.91859e+07,2.01762,3.09103e+06,2.40238e-58,0.999913
5,10,10,50,0.001,1 MHz (plan spec),33.5178,0.00807754,0.0180775,2.75e-05,2.75e-06,9.52628e-08,1.6214e-05,1.72212e-09,2.64935e-09,0.00025,8.07754e-05,0.541483,6.19,0.1,0.541483,146815,1.91859e+07,23653.4,3.09103e+06,2.40238e-58,0.362312
5,10,10,50,0.001,100 MHz,0.335178,0.00807754,0.0180775,2.75e-05,2.75e-06,9.52628e-08,1.6214e-05,1.72212e-09,2.64935e-09,0.00025,8.07754e-05,0.00541483,6.19,0.1,0.00542127,14.7164,1.91859e+07,2.37096,3.09103e+06,2.40238e-58,0.999898
5,10,10,50,0.001,1 GHz,0.0335178,0.00807754,0.0180775,2.75e-05,2.75e-06,9.52628e-08,1.6214e-05,1.72212e-09,2.64935e-09,0.00025,8.07754e-05,0.000541483,6.19,0.1,0.000602482,0.181756,1.91859e+07,0.0292827,3.09103e+06,2.40238e-58,0.999999
5,10,10,50,0.01,1 MHz (plan spec),33.5178,0.00807754,0.0180775,2.75e-05,2.75e-06,9.52628e-08,1.6214e-05,1.72212e-09,2.64935e-09,0.00025,0.000807754,0.541483,6.19,0.100004,0.541484,146815,1.91859e+07,23653.4,3.09103e+06,2.40238e-58,0.362311
5,10,10,50,0.01,100 MHz,0.335178,0.00807754,0.0180775,2.75e-05,2.75e-06,9.52628e-08,1.6214e-05,1.72212e-09,2.64935e-09,0.00025,0.000807754,0.00541483,6.19,0.100004,0.00548052,15.0399,1.91859e+07,2.42307,3.09103e+06,2.40238e-58,0.999896
5,10,10,50,0.01,1 GHz,0.0335178,0.00807754,0.0180775,2.75e-05,2.75e-06,9.52628e-08,1.6214e-05,1.72212e-09,2.64935e-09,0.00025,0.000807754,0.000541483,6.19,0.100004,0.00100445,0.505196,1.91859e+07,0.0813922,3.09103e+06,2.40238e-58,0.999997
5,10,10,200,0.001,1 MHz (plan spec),33.5178,0.00807754,0.0180775,2.75e-05,2.75e-06,9.52628e-08,1.6214e-05,1.72212e-09,2.64935e-09,0.001,8.07754e-05,0.541483,6.19,0.100005,0.541484,146815,1.91859e+07,23653.4,3.09103e+06,2.40238e-58,0.362311
5,10,10,200,0.001,100 MHz,0.335178,0.00807754,0.0180775,2.75e-05,2.75e-06,9.52628e-08,1.6214e-05,1.72212e-09,2.64935e-09,0.001,8.07754e-05,0.00541483,6.19,0.100005,0.00550706,15.1859,1.91859e+07,2.44659,3.09103e+06,2.40238e-58,0.999895
5,10,10,200,0.001,1 GHz,0.0335178,0.00807754,0.0180775,2.75e-05,2.75e-06,9.52628e-08,1.6214e-05,1.72212e-09,2.64935e-09,0.001,8.07754e-05,0.000541483,6.19,0.100005,0.00114039,0.651187,1.91859e+07,0.104913,3.09103e+06,2.40238e-58,0.999995
5,10,10,200,0.01,1 MHz (plan spec),33.5178,0.00807754,0.0180775,2.75e-05,2.75e-06,9.52628e-08,1.6214e-05,1.72212e-09,2.64935e-09,0.001,0.000807754,0.541483,6.19,0.100008,0.541485,146816,1.91859e+07,23653.5,3.09103e+06,2.40238e-58,0.36231
5,10,10,200,0.01,100 MHz,0.335178,0.00807754,0.0180775,2.75e-05,2.75e-06,9.52628e-08,1.6214e-05,1.72212e-09,2.64935e-09,0.001,0.000807754,0.00541483,6.19,0.100008,0.0055654,15.5093,1.91859e+07,2.4987,3.09103e+06,2.40238e-58,0.999893
5,10,10,200,0.01,1 GHz,0.0335178,0.00807754,0.0180775,2.75e-05,2.75e-06,9.52628e-08,1.6214e-05,1.72212e-09,2.64935e-09,0.001,0.000807754,0.000541483,6.19,0.100008,0.00139514,0.974627,1.91859e+07,0.157022,3.09103e+06,2.40238e-58,0.999993
5,10,10,1000,0.001,1 MHz (plan spec),33.5178,0.00807754,0.0180775,2.75e-05,2.75e-06,9.52628e-08,1.6214e-05,1.72212e-09,2.64935e-09,0.005,8.07754e-05,0.541483,6.19,0.100125,0.541506,146827,1.91859e+07,23655.4,3.09103e+06,2.40238e-58,0.362281
5,10,10,1000,0.001,100 MHz,0.335178,0.00807754,0.0180775,2.75e-05,2.75e-06,9.52628e-08,1.6214e-05,1.72212e-09,2.64935e-09,0.005,8.07754e-05,0.00541483,6.19,0.100125,0.00737073,27.2033,1.91859e+07,4.38272,3.09103e+06,2.40238e-58,0.999812
5,10,10,1000,0.001,1 GHz,0.0335178,0.00807754,0.0180775,2.75e-05,2.75e-06,9.52628e-08,1.6214e-05,1.72212e-09,2.64935e-09,0.005,8.07754e-05,0.000541483,6.19,0.100125,0.00502996,12.6686,1.91859e+07,2.04104,3.09103e+06,2.40238e-58,0.999912
5,10,10,1000,0.01,1 MHz (plan spec),33.5178,0.00807754,0.0180775,2.75e-05,2.75e-06,9.52628e-08,1.6214e-05,1.72212e-09,2.64935e-09,0.005,0.000807754,0.541483,6.19,0.100128,0.541507,146828,1.91859e+07,23655.4,3.09103e+06,2.40238e-58,0.36228
5,10,10,1000,0.01,100 MHz,0.335178,0.00807754,0.0180775,2.75e-05,2.75e-06,9.52628e-08,1.6214e-05,1.72212e-09,2.64935e-09,0.005,0.000807754,0.00541483,6.19,0.100128,0.00741442,27.5267,1.91859e+07,4.43483,3.09103e+06,2.40238e-58,0.99981
5,10,10,1000,0.01,1 GHz,0.0335178,0.00807754,0.0180775,2.75e-05,2.75e-06,9.52628e-08,1.6214e-05,1.72212e-09,2.64935e-09,0.005,0.000807754,0.000541483,6.19,0.100128,0.00509376,12.9921,1.91859e+07,2.09315,3.09103e+06,2.40238e-58,0.99991
5,10,50,50,0.001,1 MHz (plan spec),33.5178,0.00807754,0.0180775,2.75e-05,2.75e-06,9.52628e-08,1.6214e-05,1.72212e-09,2.64935e-09,0.00025,0.000403877,2.70742,6.19,0.5,2.70742,3.67037e+06,1.91859e+07,591334,3.09103e+06,2.40238e-58,9.48559e-12
5,10,50,50,0.001,100 MHz,0.335178,0.00807754,0.0180775,2.75e-05,2.75e-06,9.52628e-08,1.6214e-05,1.72212e-09,2.64935e-09,0.00025,0.000403877,0.0270742,6.19,0.5,0.0270783,367.151,1.91859e+07,59.1516,3.09103e+06,2.40238e-58,0.997464
5,10,50,50,0.001,1 GHz,0.0335178,0.00807754,0.0180775,2.75e-05,2.75e-06,9.52628e-08,1.6214e-05,1.72212e-09,2.64935e-09,0.00025,0.000403877,0.00270742,6.19,0.5,0.0027489,3.78372,1.91859e+07,0.609596,3.09103e+06,2.40238e-58,0.999974
5,10,50,50,0.01,1 MHz (plan spec),33.5178,0.00807754,0.0180775,2.75e-05,2.75e-06,9.52628e-08,1.6214e-05,1.72212e-09,2.64935e-09,0.00025,0.00403877,2.70742,6.19,0.500016,2.70742,3.67038e+06,1.91859e+07,591335,3.09103e+06,2.40238e-58,9.48506e-12
5,10,50,50,0.01,100 MHz,0.335178,0.00807754,0.0180775,2.75e-05,2.75e-06,9.52628e-08,1.6214e-05,1.72212e-09,2.64935e-09,0.00025,0.00403877,0.0270742,6.19,0.500016,0.0273749,375.237,1.91859e+07,60.4544,3.09103e+06,2.40238e-58,0.997409
5,10,50,50,0.01,1 GHz,0.0335178,0.00807754,0.0180775,2.75e-05,2.75e-06,9.52628e-08,1.6214e-05,1.72212e-09,2.64935e-09,0.00025,0.00403877,0.00270742,6.19,0.500016,0.00486878,11.8697,1.91859e+07,1.91233,3.09103e+06,2.40238e-58,0.999918
5,10,50,200,0.001,1 MHz (plan spec),33.5178,0.00807754,0.0180775,2.75e-05,2.75e-06,9.52628e-08,1.6214e-05,1.72212e-09,2.64935e-09,0.001,0.000403877,2.70742,6.19,0.500001,2.70742,3.67037e+06,1.91859e+07,591334,3.09103e+06,2.40238e-58,9.48556e-12
5,10,50,200,0.001,100 MHz,0.335178,0.00807754,0.0180775,2.75e-05,2.75e-06,9.52628e-08,1.6214e-05,1.72212e-09,2.64935e-09,0.001,0.000403877,0.0270742,6.19,0.500001,0.0270957,367.62,1.91859e+07,59.2273,3.09103e+06,2.40238e-58,0.997461
5,10,50,200,0.001,1 GHz,0.0335178,0.00807754,0.0180775,2.75e-05,2.75e-06,9.52628e-08,1.6214e-05,1.72212e-09,2.64935e-09,0.001,0.000403877,0.00270742,6.19,0.500001,0.00291444,4.25316,1.91859e+07,0.685226,3.09103e+06,2.40238e-58,0.999971
5,10,50,200,0.01,1 MHz (plan spec),33.5178,0.00807754,0.0180775,2.75e-05,2.75e-06,9.52628e-08,1.6214e-05,1.72212e-09,2.64935e-09,0.001,0.00403877,2.70742,6.19,0.500017,2.70742,3.67038e+06,1.91859e+07,591335,3.09103e+06,2.40238e-58,9.48503e-12
5,10,50,200,0.01,100 MHz,0.335178,0.00807754,0.0180775,2.75e-05,2.75e-06,9.52628e-08,1.6214e-05,1.72212e-09,2.64935e-09,0.001,0.00403877,0.0270742,6.19,0.500017,0.027392,375.706,1.91859e+07,60.53,3.09103e+06,2.40238e-58,0.997405
5,10,50,200,0.01,1 GHz,0.0335178,0.00807754,0.0180775,2.75e-05,2.75e-06,9.52628e-08,1.6214e-05,1.72212e-09,2.64935e-09,0.001,0.00403877,0.00270742,6.19,0.500017,0.00496413,12.3392,1.91859e+07,1.98796,3.09103e+06,2.40238e-58,0.999915
5,10,50,1000,0.001,1 MHz (plan spec),33.5178,0.00807754,0.0180775,2.75e-05,2.75e-06,9.52628e-08,1.6214e-05,1.72212e-09,2.64935e-09,0.005,0.000403877,2.70742,6.19,0.500025,2.70742,3.67039e+06,1.91859e+07,591336,3.09103e+06,2.40238e-58,9.48477e-12
5,10,50,1000,0.001,100 MHz,0.335178,0.00807754,0.0180775,2.75e-05,2.75e-06,9.52628e-08,1.6214e-05,1.72212e-09,2.64935e-09,0.005,0.000403877,0.0270742,6.19,0.500025,0.027535,379.638,1.91859e+07,61.1634,3.09103e+06,2.40238e-58,0.997378
5,10,50,1000,0.001,1 GHz,0.0335178,0.00807754,0.0180775,2.75e-05,2.75e-06,9.52628e-08,1.6214e-05,1.72212e-09,2.64935e-09,0.005,0.000403877,0.00270742,6.19,0.500025,0.00570035,16.2706,1.91859e+07,2.62135,3.09103e+06,2.40238e-58,0.999887
5,10,50,1000,0.01,1 MHz (plan spec),33.5178,0.00807754,0.0180775,2.75e-05,2.75e-06,9.52628e-08,1.6214e-05,1.72212e-09,2.64935e-09,0.005,0.00403877,2.70742,6.19,0.500041,2.70742,3.67039e+06,1.91859e+07,591337,3.09103e+06,2.40238e-58,9.48424e-12
5,10,50,1000,0.01,100 MHz,0.335178,0.00807754,0.0180775,2.75e-05,2.75e-06,9.52628e-08,1.6214e-05,1.72212e-09,2.64935e-09,0.005,0.00403877,0.0270742,6.19,0.500041,0.0278267,387.724,1.91859e+07,62.4661,3.09103e+06,2.40238e-58,0.997322
5,10,50,1000,0.01,1 GHz,0.0335178,0.00807754,0.0180775,2.75e-05,2.75e-06,9.52628e-08,1.6214e-05,1.72212e-09,2.64935e-09,0.005,0.00403877,0.00270742,6.19,0.500041,0.00697442,24.3566,1.91859e+07,3.92409,3.09103e+06,2.40238e-58,0.999832
5,10,100,50,0.001,1 MHz (plan spec),33.5178,0.00807754,0.0180775,2.75e-05,2.75e-06,9.52628e-08,1.6214e-05,1.72212e-09,2.64935e-09,0.00025,0.000807754,5.41483,6.19,1,5.41483,1.46815e+07,1.91859e+07,2.36533e+06,3.09103e+06,2.40238e-58,8.09577e-45
5,10,100,50,0.001,100 MHz,0.335178,0.00807754,0.0180775,2.75e-05,2.75e-06,9.52628e-08,1.6214e-05,1.72212e-09,2.64935e-09,0.00025,0.000807754,0.0541483,6.19,1,0.0541549,1468.51,1.91859e+07,236.591,3.09103e+06,2.40238e-58,0.989896
5,10,100,50,0.001,1 GHz,0.0335178,0.00807754,0.0180775,2.75e-05,2.75e-06,9.52628e-08,1.6214e-05,1.72212e-09,2.64935e-09,0.00025,0.000807754,0.00541483,6.19,1,0.00548052,15.0399,1.91859e+07,2.42307,3.09103e+06,2.40238e-58,0.999896
5,10,100,50,0.01,1 MHz (plan spec),33.5178,0.00807754,0.0180775,2.75e-05,2.75e-06,9.52628e-08,1.6214e-05,1.72212e-09,2.64935e-09,0.00025,0.00807754,5.41483,6.19,1.00003,5.41484,1.46815e+07,1.91859e+07,2.36534e+06,3.09103e+06,2.40238e-58,8.09396e-45
5,10,100,50,0.01,100 MHz,0.335178,0.00807754,0.0180775,2.75e-05,2.75e-06,9.52628e-08,1.6214e-05,1.72212e-09,2.64935e-09,0.00025,0.00807754,0.0541483,6.19,1.00003,0.0547481,1500.85,1.91859e+07,241.802,3.09103e+06,2.40238e-58,0.989675
5,10,100,50,0.01,1 GHz,0.0335178,0.00807754,0.0180775,2.75e-05,2.75e-06,9.52628e-08,1.6214e-05,1.72212e-09,2.64935e-09,0.00025,0.00807754,0.00541483,6.19,1.00003,0.00972782,47.3839,1.91859e+07,7.63402,3.09103e+06,2.40238e-58,0.999672
5,10,100,200,0.001,1 MHz (plan spec),33.5178,0.00807754,0.0180775,2.75e-05,2.75e-06,9.52628e-08,1.6214e-05,1.72212e-09,2.64935e-09,0.001,0.000807754,5.41483,6.19,1,5.41483,1.46815e+07,1.91859e+07,2.36533e+06,3.09103e+06,2.40238e-58,8.09575e-45
5,10,100,200,0.001,100 MHz,0.335178,0.00807754,0.0180775,2.75e-05,2.75e-06,9.52628e-08,1.6214e-05,1.72212e-09,2.64935e-09,0.001,0.000807754,0.0541483,6.19,1,0.0541636,1468.98,1.91859e+07,236.667,3.09103e+06,2.40238e-58,0.989893
5,10,100,200,0.001,1 GHz,0.0335178,0.00807754,0.0180775,2.75e-05,2.75e-06,9.52628e-08,1.6214e-05,1.72212e-09,2.64935e-09,0.001,0.000807754,0.00541483,6.19,1,0.0055654,15.5093,1.91859e+07,2.4987,3.09103e+06,2.40238e-58,0.999893
5,10,100,200,0.01,1 MHz (plan spec),33.5178,0.00807754,0.0180775,2.75e-05,2.75e-06,9.52628e-08,1.6214e-05,1.72212e-09,2.64935e-09,0.001,0.00807754,5.41483,6.19,1.00003,5.41484,1.46815e+07,1.91859e+07,2.36534e+06,3.09103e+06,2.40238e-58,8.09394e-45
5,10,100,200,0.01,100 MHz,0.335178,0.00807754,0.0180775,2.75e-05,2.75e-06,9.52628e-08,1.6214e-05,1.72212e-09,2.64935e-09,0.001,0.00807754,0.0541483,6.19,1.00003,0.0547566,1501.32,1.91859e+07,241.878,3.09103e+06,2.40238e-58,0.989672
5,10,100,200,0.01,1 GHz,0.0335178,0.00807754,0.0180775,2.75e-05,2.75e-06,9.52628e-08,1.6214e-05,1.72212e-09,2.64935e-09,0.001,0.00807754,0.00541483,6.19,1.00003,0.00977588,47.8533,1.91859e+07,7.70965,3.09103e+06,2.40238e-58,0.999669
5,10,100,1000,0.001,1 MHz (plan spec),33.5178,0.00807754,0.0180775,2.75e-05,2.75e-06,9.52628e-08,1.6214e-05,1.72212e-09,2.64935e-09,0.005,0.000807754,5.41483,6.19,1.00001,5.41484,1.46815e+07,1.91859e+07,2.36534e+06,3.09103e+06,2.40238e-58,8.09507e-45
5,10,100,1000,0.001,100 MHz,0.335178,0.00807754,0.0180775,2.75e-05,2.75e-06,9.52628e-08,1.6214e-05,1.72212e-09,2.64935e-09,0.005,0.000807754,0.0541483,6.19,1.00001,0.0543847,1480.99,1.91859e+07,238.603,3.09103e+06,2.40238e-58,0.989811
5,10,100,1000,0.001,1 GHz,0.0335178,0.00807754,0.0180775,2.75e-05,2.75e-06,9.52628e-08,1.6214e-05,1.72212e-09,2.64935e-09,0.005,0.000807754,0.00541483,6.19,1.00001,0.00741442,27.5267,1.91859e+07,4.43483,3.09103e+06,2.40238e-58,0.99981
5,10,100,1000,0.01,1 MHz (plan spec),33.5178,0.00807754,0.0180775,2.75e-05,2.75e-06,9.52628e-08,1.6214e-05,1.72212e-09,2.64935e-09,0.005,0.00807754,5.41483,6.19,1.00005,5.41484,1.46815e+07,1.91859e+07,2.36534e+06,3.09103e+06,2.40238e-58,8.09326e-45
5,10,100,1000,0.01,100 MHz,0.335178,0.00807754,0.0180775,2.75e-05,2.75e-06,9.52628e-08,1.6214e-05,1.72212e-09,2.64935e-09,0.005,0.00807754,0.0541483,6.19,1.00005,0.0549753,1513.34,1.91859e+07,243.814,3.09103e+06,2.40238e-58,0.98959
5,10,100,1000,0.01,1 GHz,0.0335178,0.00807754,0.0180775,2.75e-05,2.75e-06,9.52628e-08,1.6214e-05,1.72212e-09,2.64935e-09,0.005,0.00807754,0.00541483,6.19,1.00005,0.0109347,59.8708,1.91859e+07,9.64577,3.09103e+06,2.40238e-58,0.999586
5,50,1,50,0.001,1 MHz (plan spec),33.5178,0.00807754,0.0580775,2.75e-05,2.75e-06,9.52628e-08,1.6214e-05,5.53263e-09,2.73449e-08,0.00025,8.07754e-06,0.0541483,30.95,0.0500006,0.0541489,1468.18,4.79647e+08,236.539,7.72759e+07,0,0.989899
5,50,1,50,0.001,100 MHz,0.335178,0.00807754,0.0580775,2.75e-05,2.75e-06,9.52628e-08,1.6214e-05,5.53263e-09,2.73449e-08,0.00025,8.07754e-06,0.000541483,30.95,0.0500006,0.000597098,0.178522,4.79647e+08,0.0287616,7.72759e+07,0,0.999999
5,50,1,50,0.001,1 GHz,0.0335178,0.00807754,0.0580775,2.75e-05,2.75e-06,9.52628e-08,1.6214e-05,5.53263e-09,2.73449e-08,0.00025,8.07754e-06,5.41483e-05,30.95,0.0500006,0.000257398,0.0331749,4.79647e+08,0.0053448,7.72759e+07,0,1
5,50,1,50,0.01,1 MHz (plan spec),33.5178,0.00807754,0.0580775,2.75e-05,2.75e-06,9.52628e-08,1.6214e-05,5.53263e-09,2.73449e-08,0.00025,8.07754e-05,0.0541483,30.95,0.0500007,0.054149,1468.18,4.79647e+08,236.539,7.72759e+07,0,0.989899
5,50,1,50,0.01,100 MHz,0.335178,0.00807754,0.0580775,2.75e-05,2.75e-06,9.52628e-08,1.6214e-05,5.53263e-09,2.73449e-08,0.00025,8.07754e-05,0.000541483,30.95,0.0500007,0.000602482,0.181756,4.79647e+08,0.0292827,7.72759e+07,0,0.999999
5,50,1,50,0.01,1 GHz,0.0335178,0.00807754,0.0580775,2.75e-05,2.75e-06,9.52628e-08,1.6214e-05,5.53263e-09,2.73449e-08,0.00025,8.07754e-05,5.41483e-05,30.95,0.0500007,0.000269653,0.0364093,4.79647e+08,0.0058659,7.72759e+07,0,1
5,50,1,200,0.001,1 MHz (plan spec),33.5178,0.00807754,0.0580775,2.75e-05,2.75e-06,9.52628e-08,1.6214e-05,5.53263e-09,2.73449e-08,0.001,8.07754e-06,0.0541483,30.95,0.05001,0.0541576,1468.65,4.79647e+08,236.614,7.72759e+07,0,0.989895
5,50,1,200,0.001,100 MHz,0.335178,0.00807754,0.0580775,2.75e-05,2.75e-06,9.52628e-08,1.6214e-05,5.53263e-09,2.73449e-08,0.001,8.07754e-06,0.000541483,30.95,0.05001,0.00113755,0.647952,4.79647e+08,0.104392,7.72759e+07,0,0.999996
5,50,1,200,0.001,1 GHz,0.0335178,0.00807754,0.0580775,2.75e-05,2.75e-06,9.52628e-08,1.6214e-05,5.53263e-09,2.73449e-08,0.001,8.07754e-06,5.41483e-05,30.95,0.05001,0.00100188,0.502606,4.79647e+08,0.0809747,7.72759e+07,0,0.999997
5,50,1,200,0.01,1 MHz (plan spec),33.5178,0.00807754,0.0580775,2.75e-05,2.75e-06,9.52628e-08,1.6214e-05,5.53263e-09,2.73449e-08,0.001,8.07754e-05,0.0541483,30.95,0.0500101,0.0541576,1468.65,4.79647e+08,236.615,7.72759e+07,0,0.989895
5,50,1,200,0.01,100 MHz,0.335178,0.00807754,0.0580775,2.75e-05,2.75e-06,9.52628e-08,1.6214e-05,5.53263e-09,2.73449e-08,0.001,8.07754e-05,0.000541483,30.95,0.0500101,0.00114039,0.651187,4.79647e+08,0.104913,7.72759e+07,0,0.999995
5,50,1,200,0.01,1 GHz,0.0335178,0.00807754,0.0580775,2.75e-05,2.75e-06,9.52628e-08,1.6214e-05,5.53263e-09,2.73449e-08,0.001,8.07754e-05,5.41483e-05,30.95,0.0500101,0.00100509,0.50584,4.79647e+08,0.0814958,7.72759e+07,0,0.999997
5,50,1,1000,0.001,1 MHz (plan spec),33.5178,0.00807754,0.0580775,2.75e-05,2.75e-06,9.52628e-08,1.6214e-05,5.53263e-09,2.73449e-08,0.005,8.07754e-06,0.0541483,30.95,0.0502494,0.0543787,1480.67,4.79647e+08,238.55,7.72759e+07,0,0.989813
5,50,1,1000,0.001,100 MHz,0.335178,0.00807754,0.0580775,2.75e-05,2.75e-06,9.52628e-08,1.6214e-05,5.53263e-09,2.73449e-08,0.005,8.07754e-06,0.000541483,30.95,0.0502494,0.00502932,12.6654,4.79647e+08,2.04052,7.72759e+07,0,0.999912
5,50,1,1000,0.001,1 GHz,0.0335178,0.00807754,0.0580775,2.75e-05,2.75e-06,9.52628e-08,1.6214e-05,5.53263e-09,2.73449e-08,0.005,8.07754e-06,5.41483e-05,30.95,0.0502494,0.00500038,12.52,4.79647e+08,2.0171,7.72759e+07,0,0.999913
5,50,1,1000,0.01,1 MHz (plan spec),33.5178,0.00807754,0.0580775,2.75e-05,2.75e-06,9.52628e-08,1.6214e-05,5.53263e-09,2.73449e-08,0.005,8.07754e-05,0.0541483,30.95,0.0502495,0.0543788,1480.67,4.79647e+08,238.551,7.72759e+07,0,0.989813
5,50,1,1000,0.01,100 MHz,0.335178,0.00807754,0.0580775,2.75e-05,2.75e-06,9.52628e-08,1.6214e-05,5.53263e-09,2.73449e-08,0.005,8.07754e-05,0.000541483,30.95,0.0502495,0.00502996,12.6686,4.79647e+08,2.04104,7.72759e+07,0,0.999912
5,50,1,1000,0.01,1 GHz,0.0335178,0.00807754,0.0580775,2.75e-05,2.75e-06,9.52628e-08,1.6214e-05,5.53263e-09,2.73449e-08,0.005,8.07754e-05,5.41483e-05,30.95,0.0502495,0.00500102,12.5233,4.79647e+08,2.01762,7.72759e+07,0,0.999913
5,50,10,50,0.001,1 MHz (plan spec),33.5178,0.00807754,0.0580775,2.75e-05,2.75e-06,9.52628e-08,1.6214e-05,5.53263e-09,2.73449e-08,0.00025,8.07754e-05,0.541483,30.95,0.5,0.541483,146815,4.79647e+08,23653.4,7.72759e+07,0,0.362312
5,50,10,50,0.001,100 MHz,0.335178,0.00807754,0.0580775,2.75e-05,2.75e-06,9.52628e-08,1.6214e-05,5.53263e-09,2.73449e-08,0.00025,8.07754e-05,0.00541483,30.95,0.5,0.00542127,14.7164,4.79647e+08,2.37096,7.72759e+07,0,0.999898
5,50,10,50,0.001,1 GHz,0.0335178,0.00807754,0.0580775,2.75e-05,2.75e-06,9.52628e-08,1.6214e-05,5.53263e-09,2.73449e-08,0.00025,8.07754e-05,0.000541483,30.95,0.5,0.000602482,0.181756,4.79647e+08,0.0292827,7.72759e+07,0,0.999999
5,50,10,50,0.01,1 MHz (plan spec),33.5178,0.00807754,0.0580775,2.75e-05,2.75e-06,9.52628e-08,1.6214e-05,5.53263e-09,2.73449e-08,0.00025,0.000807754,0.541483,30.95,0.500001,0.541484,146815,4.79647e+08,23653.4,7.72759e+07,0,0.362311
5,50,10,50,0.01,100 MHz,0.335178,0.00807754,0.0580775,2.75e-05,2.75e-06,9.52628e-08,1.6214e-05,5.53263e-09,2.73449e-08,0.00025,0.000807754,0.00541483,30.95,0.500001,0.00548052,15.0399,4.79647e+08,2.42307,7.72759e+07,0,0.999896
5,50,10,50,0.01,1 GHz,0.0335178,0.00807754,0.0580775,2.75e-05,2.75e-06,9.52628e-08,1.6214e-05,5.53263e-09,2.73449e-08,0.00025,0.000807754,0.000541483,30.95,0.500001,0.00100445,0.505196,4.79647e+08,0.0813922,7.72759e+07,0,0.999997
5,50,10,200,0.001,1 MHz (plan spec),33.5178,0.00807754,0.0580775,2.75e-05,2.75e-06,9.52628e-08,1.6214e-05,5.53263e-09,2.73449e-08,0.001,8.07754e-05,0.541483,30.95,0.500001,0.541484,146815,4.79647e+08,23653.4,7.72759e+07,0,0.362311
5,50,10,200,0.001,100 MHz,0.335178,0.00807754,0.0580775,2.75e-05,2.75e-06,9.52628e-08,1.6214e-05,5.53263e-09,2.73449e-08,0.001,8.07754e-05,0.00541483,30.95,0.500001,0.00550706,15.1859,4.79647e+08,2.44659,7.72759e+07,0,0.999895
5,50,10,200,0.001,1 GHz,0.0335178,0.00807754,0.0580775,2.75e-05,2.75e-06,9.52628e-08,1.6214e-05,5.53263e-09,2.73449e-08,0.001,8.07754e-05,0.000541483,30.95,0.500001,0.00114039,0.651187,4.79647e+08,0.104913,7.72759e+07,0,0.999995
5,50,10,200,0.01,1 MHz (plan spec),33.5178,0.00807754,0.0580775,2.75e-05,2.75e-06,9.52628e-08,1.6214e-05,5.53263e-09,2.73449e-08,0.001,0.000807754,0.541483,30.95,0.500002,0.541485,146816,4.79647e+08,23653.5,7.72759e+07,0,0.36231
5,50,10,200,0.01,100 MHz,0.335178,0.00807754,0.0580775,2.75e-05,2.75e-06,9.52628e-08,1.6214e-05,5.53263e-09,2.73449e-08,0.001,0.000807754,0.00541483,30.95,0.500002,0.0055654,15.5093,4.79647e+08,2.4987,7.72759e+07,0,0.999893
5,50,10,200,0.01,1 GHz,0.0335178,0.00807754,0.0580775,2.75e-05,2.75e-06,9.52628e-08,1.6214e-05,5.53263e-09,2.73449e-08,0.001,0.000807754,0.000541483,30.95,0.500002,0.00139514,0.974627,4.79647e+08,0.157022,7.72759e+07,0,0.999993
5,50,10,1000,0.001,1 MHz (plan spec),33.5178,0.00807754,0.0580775,2.75e-05,2.75e-06,9.52628e-08,1.6214e-05,5.53263e-09,2.73449e-08,0.005,8.07754e-05,0.541483,30.95,0.500025,0.541506,146827,4.79647e+08,23655.4,7.72759e+07,0,0.362281
5,50,10,1000,0.001,100 MHz,0.335178,0.00807754,0.0580775,2.75e-05,2.75e-06,9.52628e-08,1.6214e-05,5.53263e-09,2.73449e-08,0.005,8.07754e-05,0.00541483,30.95,0.500025,0.00737073,27.2033,4.79647e+08,4.38272,7.72759e+07,0,0.999812
5,50,10,1000,0.001,1 GHz,0.0335178,0.00807754,0.0580775,2.75e-05,2.75e-06,9.52628e-08,1.6214e-05,5.53263e-09,2.73449e-08,0.005,8.07754e-05,0.000541483,30.95,0.500025,0.00502996,12.6686,4.79647e+08,2.04104,7.72759e+07,0,0.999912
5,50,10,1000,0.01,1 MHz (plan spec),33.5178,0.00807754,0.0580775,2.75e-05,2.75e-06,9.52628e-08,1.6214e-05,5.53263e-09,2.73449e-08,0.005,0.000807754,0.541483,30.95,0.500026,0.541507,146828,4.79647e+08,23655.4,7.72759e+07,0,0.36228
5,50,10,1000,0.01,100 MHz,0.335178,0.00807754,0.0580775,2.75e-05,2.75e-06,9.52628e-08,1.6214e-05,5.53263e-09,2.73449e-08,0.005,0.000807754,0.00541483,30.95,0.500026,0.00741442,27.5267,4.79647e+08,4.43483,7.72759e+07,0,0.99981
5,50,10,1000,0.01,1 GHz,0.0335178,0.00807754,0.0580775,2.75e-05,2.75e-06,9.52628e-08,1.6214e-05,5.53263e-09,2.73449e-08,0.005,0.000807754,0.000541483,30.95,0.500026,0.00509376,12.9921,4.79647e+08,2.09315,7.72759e+07,0,0.99991
5,50,50,50,0.001,1 MHz (plan spec),33.5178,0.00807754,0.0580775,2.75e-05,2.75e-06,9.52628e-08,1.6214e-05,5.53263e-09,2.73449e-08,0.00025,0.000403877,2.70742,30.95,2.5,2.70742,3.67037e+06,4.79647e+08,591334,7.72759e+07,0,9.48559e-12
5,50,50,50,0.001,100 MHz,0.335178,0.00807754,0.0580775,2.75e-05,2.75e-06,9.52628e-08,1.6214e-05,5.53263e-09,2.73449e-08,0.00025,0.000403877,0.0270742,30.95,2.5,0.0270783,367.151,4.79647e+08,59.1516,7.72759e+07,0,0.997464
5,50,50,50,0.001,1 GHz,0.0335178,0.00807754,0.0580775,2.75e-05,2.75e-06,9.52628e-08,1.6214e-05,5.53263e-09,2.73449e-08,0.00025,0.000403877,0.00270742,30.95,2.5,0.0027489,3.78372,4.79647e+08,0.609596,7.72759e+07,0,0.999974
5,50,50,50,0.01,1 MHz (plan spec),33.5178,0.00807754,0.0580775,2.75e-05,2.75e-06,9.52628e-08,1.6214e-05,5.53263e-09,2.73449e-08,0.00025,0.00403877,2.70742,30.95,2.5,2.70742,3.67038e+06,4.79647e+08,591335,7.72759e+07,0,9.48506e-12
5,50,50,50,0.01,100 MHz,0.335178,0.00807754,0.0580775,2.75e-05,2.75e-06,9.52628e-08,1.6214e-05,5.53263e-09,2.73449e-08,0.00025,0.00403877,0.0270742,30.95,2.5,0.0273749,375.237,4.79647e+08,60.4544,7.72759e+07,0,0.997409
5,50,50,50,0.01,1 GHz,0.0335178,0.00807754,0.0580775,2.75e-05,2.75e-06,9.52628e-08,1.6214e-05,5.53263e-09,2.73449e-08,0.00025,0.00403877,0.00270742,30.95,2.5,0.00486878,11.8697,4.79647e+08,1.91233,7.72759e+07,0,0.999918
5,50,50,200,0.001,1 MHz (plan spec),33.5178,0.00807754,0.0580775,2.75e-05,2.75e-06,9.52628e-08,1.6214e-05,5.53263e-09,2.73449e-08,0.001,0.000403877,2.70742,30.95,2.5,2.70742,3.67037e+06,4.79647e+08,591334,7.72759e+07,0,9.48556e-12
5,50,50,200,0.001,100 MHz,0.335178,0.00807754,0.0580775,2.75e-05,2.75e-06,9.52628e-08,1.6214e-05,5.53263e-09,2.73449e-08,0.001,0.000403877,0.0270742,30.95,2.5,0.0270957,367.62,4.79647e+08,59.2273,7.72759e+07,0,0.997461
5,50,50,200,0.001,1 GHz,0.0335178,0.00807754,0.0580775,2.75e-05,2.75e-06,9.52628e-08,1.6214e-05,5.53263e-09,2.73449e-08,0.001,0.000403877,0.00270742,30.95,2.5,0.00291444,4.25316,4.79647e+08,0.685226,7.72759e+07,0,0.999971
5,50,50,200,0.01,1 MHz (plan spec),33.5178,0.00807754,0.0580775,2.75e-05,2.75e-06,9.52628e-08,1.6214e-05,5.53263e-09,2.73449e-08,0.001,0.00403877,2.70742,30.95,2.5,2.70742,3.67038e+06,4.79647e+08,591335,7.72759e+07,0,9.48503e-12
5,50,50,200,0.01,100 MHz,0.335178,0.00807754,0.0580775,2.75e-05,2.75e-06,9.52628e-08,1.6214e-05,5.53263e-09,2.73449e-08,0.001,0.00403877,0.0270742,30.95,2.5,0.027392,375.706,4.79647e+08,60.53,7.72759e+07,0,0.997405
5,50,50,200,0.01,1 GHz,0.0335178,0.00807754,0.0580775,2.75e-05,2.75e-06,9.52628e-08,1.6214e-05,5.53263e-09,2.73449e-08,0.001,0.00403877,0.00270742,30.95,2.5,0.00496413,12.3392,4.79647e+08,1.98796,7.72759e+07,0,0.999915
5,50,50,1000,0.001,1 MHz (plan spec),33.5178,0.00807754,0.0580775,2.75e-05,2.75e-06,9.52628e-08,1.6214e-05,5.53263e-09,2.73449e-08,0.005,0.000403877,2.70742,30.95,2.50001,2.70742,3.67039e+06,4.79647e+08,591336,7.72759e+07,0,9.48477e-12
5,50,50,1000,0.001,100 MHz,0.335178,0.00807754,0.0580775,2.75e-05,2.75e-06,9.52628e-08,1.6214e-05,5.53263e-09,2.73449e-08,0.005,0.000403877,0.0270742,30.95,2.50001,0.027535,379.638,4.79647e+08,61.1634,7.72759e+07,0,0.997378
5,50,50,1000,0.001,1 GHz,0.0335178,0.00807754,0.0580775,2.75e-05,2.75e-06,9.52628e-08,1.6214e-05,5.53263e-09,2.73449e-08,0.005,0.000403877,0.00270742,30.95,2.50001,0.00570035,16.2706,4.79647e+08,2.62135,7.72759e+07,0,0.999887
5,50,50,1000,0.01,1 MHz (plan spec),33.5178,0.00807754,0.0580775,2.75e-05,2.75e-06,9.52628e-08,1.6214e-05,5.53263e-09,2.73449e-08,0.005,0.00403877,2.70742,30.95,2.50001,2.70742,3.67039e+06,4.79647e+08,591337,7.72759e+07,0,9.48424e-12
5,50,50,1000,0.01,100 MHz,0.335178,0.00807754,0.0580775,2.75e-05,2.75e-06,9.52628e-08,1.6214e-05,5.53263e-09,2.73449e-08,0.005,0.00403877,0.0270742,30.95,2.50001,0.0278267,387.724,4.79647e+08,62.4661,7.72759e+07,0,0.997322
5,50,50,1000,0.01,1 GHz,0.0335178,0.00807754,0.0580775,2.75e-05,2.75e-06,9.52628e-08,1.6214e-05,5.53263e-09,2.73449e-08,0.005,0.00403877,0.00270742,30.95,2.50001,0.00697442,24.3566,4.79647e+08,3.92409,7.72759e+07,0,0.999832
5,50,100,50,0.001,1 MHz (plan spec),33.5178,0.00807754,0.0580775,2.75e-05,2.75e-06,9.52628e-08,1.6214e-05,5.53263e-09,2.73449e-08,0.00025,0.000807754,5.41483,30.95,5,5.41483,1.46815e+07,4.79647e+08,2.36533e+06,7.72759e+07,0,8.09577e-45
5,50,100,50,0.001,100 MHz,0.335178,0.00807754,0.0580775,2.75e-05,2.75e-06,9.52628e-08,1.6214e-05,5.53263e-09,2.73449e-08,0.00025,0.000807754,0.0541483,30.95,5,0.0541549,1468.51,4.79647e+08,236.591,7.72759e+07,0,0.989896
5,50,100,50,0.001,1 GHz,0.0335178,0.00807754,0.0580775,2.75e-05,2.75e-06,9.52628e-08,1.6214e-05,5.53263e-09,2.73449e-08,0.00025,0.000807754,0.00541483,30.95,5,0.00548052,15.0399,4.79647e+08,2.42307,7.72759e+07,0,0.999896
5,50,100,50,0.01,1 MHz (plan spec),33.5178,0.00807754,0.0580775,2.75e-05,2.75e-06,9.52628e-08,1.6214e-05,5.53263e-09,2.73449e-08,0.00025,0.00807754,5.41483,30.95,5.00001,5.41484,1.46815e+07,4.79647e+08,2.36534e+06,7.72759e+07,0,8.09396e-45
5,50,100,50,0.01,100 MHz,0.335178,0.00807754,0.0580775,2.75e-05,2.75e-06,9.52628e-08,1.6214e-05,5.53263e-09,2.73449e-08,0.00025,0.00807754,0.0541483,30.95,5.00001,0.0547481,1500.85,4.79647e+08,241.802,7.72759e+07,0,0.989675
5,50,100,50,0.01,1 GHz,0.0335178,0.00807754,0.0580775,2.75e-05,2.75e-06,9.52628e-08,1.6214e-05,5.53263e-09,2.73449e-08,0.00025,0.00807754,0.00541483,30.95,5.00001,0.00972782,47.3839,4.79647e+08,7.63402,7.72759e+07,0,0.999672
5,50,100,200,0.001,1 MHz (plan spec),33.5178,0.00807754,0.0580775,2.75e-05,2.75e-06,9.52628e-08,1.6214e-05,5.53263e-09,2.73449e-08,0.001,0.000807754,5.41483,30.95,5,5.41483,1.46815e+07,4.79647e+08,2.36533e+06,7.72759e+07,0,8.09575e-45
5,50,100,200,0.001,100 MHz,0.335178,0.00807754,0.0580775,2.75e-05,2.75e-06,9.52628e-08,1.6214e-05,5.53263e-09,2.73449e-08,0.001,0.000807754,0.0541483,30.95,5,0.0541636,1468.98,4.79647e+08,236.667,7.72759e+07,0,0.989893
5,50,100,200,0.001,1 GHz,0.0335178,0.00807754,0.0580775,2.75e-05,2.75e-06,9.52628e-08,1.6214e-05,5.53263e-09,2.73449e-08,0.001,0.000807754,0.00541483,30.95,5,0.0055654,15.5093,4.79647e+08,2.4987,7.72759e+07,0,0.999893
5,50,100,200,0.01,1 MHz (plan spec),33.5178,0.00807754,0.0580775,2.75e-05,2.75e-06,9.52628e-08,1.6214e-05,5.53263e-09,2.73449e-08,0.001,0.00807754,5.41483,30.95,5.00001,5.41484,1.46815e+07,4.79647e+08,2.36534e+06,7.72759e+07,0,8.09394e-45
5,50,100,200,0.01,100 MHz,0.335178,0.00807754,0.0580775,2.75e-05,2.75e-06,9.52628e-08,1.6214e-05,5.53263e-09,2.73449e-08,0.001,0.00807754,0.0541483,30.95,5.00001,0.0547566,1501.32,4.79647e+08,241.878,7.72759e+07,0,0.989672
5,50,100,200,0.01,1 GHz,0.0335178,0.00807754,0.0580775,2.75e-05,2.75e-06,9.52628e-08,1.6214e-05,5.53263e-09,2.73449e-08,0.001,0.00807754,0.00541483,30.95,5.00001,0.00977588,47.8533,4.79647e+08,7.70965,7.72759e+07,0,0.999669
5,50,100,1000,0.001,1 MHz (plan spec),33.5178,0.00807754,0.0580775,2.75e-05,2.75e-06,9.52628e-08,1.6214e-05,5.53263e-09,2.73449e-08,0.005,0.000807754,5.41483,30.95,5,5.41484,1.46815e+07,4.79647e+08,2.36534e+06,7.72759e+07,0,8.09507e-45
5,50,100,1000,0.001,100 MHz,0.335178,0.00807754,0.0580775,2.75e-05,2.75e-06,9.52628e-08,1.6214e-05,5.53263e-09,2.73449e-08,0.005,0.000807754,0.0541483,30.95,5,0.0543847,1480.99,4.79647e+08,238.603,7.72759e+07,0,0.989811
5,50,100,1000,0.001,1 GHz,0.0335178,0.00807754,0.0580775,2.75e-05,2.75e-06,9.52628e-08,1.6214e-05,5.53263e-09,2.73449e-08,0.005,0.000807754,0.00541483,30.95,5,0.00741442,27.5267,4.79647e+08,4.43483,7.72759e+07,0,0.99981
5,50,100,1000,0.01,1 MHz (plan spec),33.5178,0.00807754,0.0580775,2.75e-05,2.75e-06,9.52628e-08,1.6214e-05,5.53263e-09,2.73449e-08,0.005,0.00807754,5.41483,30.95,5.00001,5.41484,1.46815e+07,4.79647e+08,2.36534e+06,7.72759e+07,0,8.09326e-45
5,50,100,1000,0.01,100 MHz,0.335178,0.00807754,0.0580775,2.75e-05,2.75e-06,9.52628e-08,1.6214e-05,5.53263e-09,2.73449e-08,0.005,0.00807754,0.0541483,30.95,5.00001,0.0549753,1513.34,4.79647e+08,243.814,7.72759e+07,0,0.98959
5,50,100,1000,0.01,1 GHz,0.0335178,0.00807754,0.0580775,2.75e-05,2.75e-06,9.52628e-08,1.6214e-05,5.53263e-09,2.73449e-08,0.005,0.00807754,0.00541483,30.95,5.00001,0.0109347,59.8708,4.79647e+08,9.64577,7.72759e+07,0,0.999586
5,100,1,50,0.001,1 MHz (plan spec),33.5178,0.00807754,0.108078,2.75e-05,2.75e-06,9.52628e-08,1.6214e-05,1.02958e-08,9.46958e-08,0.00025,8.07754e-06,0.0541483,61.9,0.1,0.0541489,1468.18,1.91859e+09,236.539,3.09103e+08,0,0.989899
5,100,1,50,0.001,100 MHz,0.335178,0.00807754,0.108078,2.75e-05,2.75e-06,9.52628e-08,1.6214e-05,1.02958e-08,9.46958e-08,0.00025,8.07754e-06,0.000541483,61.9,0.1,0.000597098,0.178522,1.91859e+09,0.0287616,3.09103e+08,0,0.999999
5,100,1,50,0.001,1 GHz,0.0335178,0.00807754,0.108078,2.75e-05,2.75e-06,9.52628e-08,1.6214e-05,1.02958e-08,9.46958e-08,0.00025,8.07754e-06,5.41483e-05,61.9,0.1,0.000257398,0.0331749,1.91859e+09,0.0053448,3.09103e+08,0,1
5,100,1,50,0.01,1 MHz (plan spec),33.5178,0.00807754,0.108078,2.75e-05,2.75e-06,9.52628e-08,1.6214e-05,1.02958e-08,9.46958e-08,0.00025,8.07754e-05,0.0541483,61.9,0.1,0.054149,1468.18,1.91859e+09,236.539,3.09103e+08,0,0.989899
5,100,1,50,0.01,100 MHz,0.335178,0.00807754,0.108078,2.75e-05,2.75e-06,9.52628e-08,1.6214e-05,1.02958e-08,9.46958e-08,0.00025,8.07754e-05,0.000541483,61.9,0.1,0.000602482,0.181756,1.91859e+09,0.0292827,3.09103e+08,0,0.999999
5,100,1,50,0.01,1 GHz,0.0335178,0.00807754,0.108078,2.75e-05,2.75e-06,9.52628e-08,1.6214e-05,1.02958e-08,9.46958e-08,0.00025,8.07754e-05,5.41483e-05,61.9,0.1,0.000269653,0.0364093,1.91859e+09,0.0058659,3.09103e+08,0,1
5,100,1,200,0.001,1 MHz (plan spec),33.5178,0.00807754,0.108078,2.75e-05,2.75e-06,9.52628e-08,1.6214e-05,1.02958e-08,9.46958e-08,0.001,8.07754e-06,0.0541483,61.9,0.100005,0.0541576,1468.65,1.91859e+09,236.614,3.09103e+08,0,0.989895
5,100,1,200,0.001,100 MHz,0.335178,0.00807754,0.108078,2.75e-05,2.75e-06,9.52628e-08,1.6214e-05,1.02958e-08,9.46958e-08,0.001,8.07754e-06,0.000541483,61.9,0.100005,0.00113755,0.647952,1.91859e+09,0.104392,3.09103e+08,0,0.999996
5,100,1,200,0.001,1 GHz,0.0335178,0.00807754,0.108078,2.75e-05,2.75e-06,9.52628e-08,1.6214e-05,1.02958e-08,9.46958e-08,0.001,8.07754e-06,5.41483e-05,61.9,0.100005,0.00100188,0.502606,1.91859e+09,0.0809747,3.09103e+08,0,0.999997
5,100,1,200,0.01,1 MHz (plan spec),33.5178,0.00807754,0.108078,2.75e-05,2.75e-06,9.52628e-08,1.6214e-05,1.02958e-08,9.46958e-08,0.001,8.07754e-05,0.0541483,61.9,0.100005,0.0541576,1468.65,1.91859e+09,236.615,3.09103e+08,0,0.989895
5,100,1,200,0.01,100 MHz,0.335178,0.00807754,0.108078,2.75e-05,2.75e-06,9.52628e-08,1.6214e-05,1.02958e-08,9.46958e-08,0.001,8.07754e-05,0.000541483,61.9,0.100005,0.00114039,0.651187,1.91859e+09,0.104913,3.09103e+08,0,0.999995
5,100,1,200,0.01,1 GHz,0.0335178,0.00807754,0.108078,2.75e-05,2.75e-06,9.52628e-08,1.6214e-05,1.02958e-08,9.46958e-08,0.001,8.07754e-05,5.41483e-05,61.9,0.100005,0.00100509,0.50584,1.91859e+09,0.0814958,3.09103e+08,0,0.999997
5,100,1,1000,0.001,1 MHz (plan spec),33.5178,0.00807754,0.108078,2.75e-05,2.75e-06,9.52628e-08,1.6214e-05,1.02958e-08,9.46958e-08,0.005,8.07754e-06,0.0541483,61.9,0.100125,0.0543787,1480.67,1.91859e+09,238.55,3.09103e+08,0,0.989813
5,100,1,1000,0.001,100 MHz,0.335178,0.00807754,0.108078,2.75e-05,2.75e-06,9.52628e-08,1.6214e-05,1.02958e-08,9.46958e-08,0.005,8.07754e-06,0.000541483,61.9,0.100125,0.00502932,12.6654,1.91859e+09,2.04052,3.09103e+08,0,0.999912
5,100,1,1000,0.001,1 GHz,0.0335178,0.00807754,0.108078,2.75e-05,2.75e-06,9.52628e-08,1.6214e-05,1.02958e-08,9.46958e-08,0.005,8.07754e-06,5.41483e-05,61.9,0.100125,0.00500038,12.52,1.91859e+09,2.0171,3.09103e+08,0,0.999913
5,100,1,1000,0.01,1 MHz (plan spec),33.5178,0.00807754,0.108078,2.75e-05,2.75e-06,9.52628e-08,1.6214e-05,1.02958e-08,9.46958e-08,0.005,8.07754e-05,0.0541483,61.9,0.100125,0.0543788,1480.67,1.91859e+09,238.551,3.09103e+08,0,0.989813
5,100,1,1000,0.01,100 MHz,0.335178,0.00807754,0.108078,2.75e-05,2.75e-06,9.52628e-08,1.6214e-05,1.02958e-08,9.46958e-08,0.005,8.07754e-05,0.000541483,61.9,0.100125,0.00502996,12.6686,1.91859e+09,2.04104,3.09103e+08,0,0.999912
5,100,1,1000,0.01,1 GHz,0.0335178,0.00807754,0.108078,2.75e-05,2.75e-06,9.52628e-08,1.6214e-05,1.02958e-08,9.46958e-08,0.005,8.07754e-05,5.41483e-05,61.9,0.100125,0.00500102,12.5233,1.91859e+09,2.01762,3.09103e+08,0,0.999913
5,100,10,50,0.001,1 MHz (plan spec),33.5178,0.00807754,0.108078,2.75e-05,2.75e-06,9.52628e-08,1.6214e-05,1.02958e-08,9.46958e-08,0.00025,8.07754e-05,0.541483,61.9,1,0.541483,146815,1.91859e+09,23653.4,3.09103e+08,0,0.362312
5,100,10,50,0.001,100 MHz,0.335178,0.00807754,0.108078,2.75e-05,2.75e-06,9.52628e-08,1.6214e-05,1.02958e-08,9.46958e-08,0.00025,8.07754e-05,0.00541483,61.9,1,0.00542127,14.7164,1.91859e+09,2.37096,3.09103e+08,0,0.999898
5,100,10,50,0.001,1 GHz,0.0335178,0.00807754,0.108078,2.75e-05,2.75e-06,9.52628e-08,1.6214e-05,1.02958e-08,9.46958e-08,0.00025,8.07754e-05,0.000541483,61.9,1,0.000602482,0.181756,1.91859e+09,0.0292827,3.09103e+08,0,0.999999
5,100,10,50,0.01,1 MHz (plan spec),33.5178,0.00807754,0.108078,2.75e-05,2.75e-06,9.52628e-08,1.6214e-05,1.02958e-08,9.46958e-08,0.00025,0.000807754,0.541483,61.9,1,0.541484,146815,1.91859e+09,23653.4,3.09103e+08,0,0.362311
5,100,10,50,0.01,100 MHz,0.335178,0.00807754,0.108078,2.75e-05,2.75e-06,9.52628e-08,1.6214e-05,1.02958e-08,9.46958e-08,0.00025,0.000807754,0.00541483,61.9,1,0.00548052,15.0399,1.91859e+09,2.42307,3.09103e+08,0,0.999896
5,100,10,50,0.01,1 GHz,0.0335178,0.00807754,0.108078,2.75e-05,2.75e-06,9.52628e-08,1.6214e-05,1.02958e-08,9.46958e-08,0.00025,0.000807754,0.000541483,61.9,1,0.00100445,0.505196,1.91859e+09,0.0813922,3.09103e+08,0,0.999997
5,100,10,200,0.001,1 MHz (plan spec),33.5178,0.00807754,0.108078,2.75e-05,2.75e-06,9.52628e-08,1.6214e-05,1.02958e-08,9.46958e-08,0.001,8.07754e-05,0.541483,61.9,1,0.541484,146815,1.91859e+09,23653.4,3.09103e+08,0,0.362311
5,100,10,200,0.001,100 MHz,0.335178,0.00807754,0.108078,2.75e-05,2.75e-06,9.52628e-08,1.6214e-05,1.02958e-08,9.46958e-08,0.001,8.07754e-05,0.00541483,61.9,1,0.00550706,15.1859,1.91859e+09,2.44659,3.09103e+08,0,0.999895
5,100,10,200,0.001,1 GHz,0.0335178,0.00807754,0.108078,2.75e-05,2.75e-06,9.52628e-08,1.6214e-05,1.02958e-08,9.46958e-08,0.001,8.07754e-05,0.000541483,61.9,1,0.00114039,0.651187,1.91859e+09,0.104913,3.09103e+08,0,0.999995
5,100,10,200,0.01,1 MHz (plan spec),33.5178,0.00807754,0.108078,2.75e-05,2.75e-06,9.52628e-08,1.6214e-05,1.02958e-08,9.46958e-08,0.001,0.000807754,0.541483,61.9,1,0.541485,146816,1.91859e+09,23653.5,3.09103e+08,0,0.36231
5,100,10,200,0.01,100 MHz,0.335178,0.00807754,0.108078,2.75e-05,2.75e-06,9.52628e-08,1.6214e-05,1.02958e-08,9.46958e-08,0.001,0.000807754,0.00541483,61.9,1,0.0055654,15.5093,1.91859e+09,2.4987,3.09103e+08,0,0.999893
5,100,10,200,0.01,1 GHz,0.0335178,0.00807754,0.108078,2.75e-05,2.75e-06,9.52628e-08,1.6214e-05,1.02958e-08,9.46958e-08,0.001,0.000807754,0.000541483,61.9,1,0.00139514,0.974627,1.91859e+09,0.157022,3.09103e+08,0,0.999993
5,100,10,1000,0.001,1 MHz (plan spec),33.5178,0.00807754,0.108078,2.75e-05,2.75e-06,9.52628e-08,1.6214e-05,1.02958e-08,9.46958e-08,0.005,8.07754e-05,0.541483,61.9,1.00001,0.541506,146827,1.91859e+09,23655.4,3.09103e+08,0,0.362281
5,100,10,1000,0.001,100 MHz,0.335178,0.00807754,0.108078,2.75e-05,2.75e-06,9.52628e-08,1.6214e-05,1.02958e-08,9.46958e-08,0.005,8.07754e-05,0.00541483,61.9,1.00001,0.00737073,27.2033,1.91859e+09,4.38272,3.09103e+08,0,0.999812
5,100,10,1000,0.001,1 GHz,0.0335178,0.00807754,0.108078,2.75e-05,2.75e-06,9.52628e-08,1.6214e-05,1.02958e-08,9.46958e-08,0.005,8.07754e-05,0.000541483,61.9,1.00001,0.00502996,12.6686,1.91859e+09,2.04104,3.09103e+08,0,0.999912
5,100,10,1000,0.01,1 MHz (plan spec),33.5178,0.00807754,0.108078,2.75e-05,2.75e-06,9.52628e-08,1.6214e-05,1.02958e-08,9.46958e-08,0.005,0.000807754,0.541483,61.9,1.00001,0.541507,146828,1.91859e+09,23655.4,3.09103e+08,0,0.36228
5,100,10,1000,0.01,100 MHz,0.335178,0.00807754,0.108078,2.75e-05,2.75e-06,9.52628e-08,1.6214e-05,1.02958e-08,9.46958e-08,0.005,0.000807754,0.00541483,61.9,1.00001,0.00741442,27.5267,1.91859e+09,4.43483,3.09103e+08,0,0.99981
5,100,10,1000,0.01,1 GHz,0.0335178,0.00807754,0.108078,2.75e-05,2.75e-06,9.52628e-08,1.6214e-05,1.02958e-08,9.46958e-08,0.005,0.000807754,0.000541483,61.9,1.00001,0.00509376,12.9921,1.91859e+09,2.09315,3.09103e+08,0,0.99991
5,100,50,50,0.001,1 MHz (plan spec),33.5178,0.00807754,0.108078,2.75e-05,2.75e-06,9.52628e-08,1.6214e-05,1.02958e-08,9.46958e-08,0.00025,0.000403877,2.70742,61.9,5,2.70742,3.67037e+06,1.91859e+09,591334,3.09103e+08,0,9.48559e-12
5,100,50,50,0.001,100 MHz,0.335178,0.00807754,0.108078,2.75e-05,2.75e-06,9.52628e-08,1.6214e-05,1.02958e-08,9.46958e-08,0.00025,0.000403877,0.0270742,61.9,5,0.0270783,367.151,1.91859e+09,59.1516,3.09103e+08,0,0.997464
5,100,50,50,0.001,1 GHz,0.0335178,0.00807754,0.108078,2.75e-05,2.75e-06,9.52628e-08,1.6214e-05,1.02958e-08,9.46958e-08,0.00025,0.000403877,0.00270742,61.9,5,0.0027489,3.78372,1.91859e+09,0.609596,3.09103e+08,0,0.999974
5,100,50,50,0.01,1 MHz (plan spec),33.5178,0.00807754,0.108078,2.75e-05,2.75e-06,9.52628e-08,1.6214e-05,1.02958e-08,9.46958e-08,0.00025,0.00403877,2.70742,61.9,5,2.70742,3.67038e+06,1.91859e+09,591335,3.09103e+08,0,9.48506e-12
5,100,50,50,0.01,100 MHz,0.335178,0.00807754,0.108078,2.75e-05,2.75e-06,9.52628e-08,1.6214e-05,1.02958e-08,9.46958e-08,0.00025,0.00403877,0.0270742,61.9,5,0.0273749,375.237,1.91859e+09,60.4544,3.09103e+08,0,0.997409
5,100,50,50,0.01,1 GHz,0.0335178,0.00807754,0.108078,2.75e-05,2.75e-06,9.52628e-08,1.6214e-05,1.02958e-08,9.46958e-08,0.00025,0.00403877,0.00270742,61.9,5,0.00486878,11.8697,1.91859e+09,1.91233,3.09103e+08,0,0.999918
5,100,50,200,0.001,1 MHz (plan spec),33.5178,0.00807754,0.108078,2.75e-05,2.75e-06,9.52628e-08,1.6214e-05,1.02958e-08,9.46958e-08,0.001,0.000403877,2.70742,61.9,5,2.70742,3.67037e+06,1.91859e+09,591334,3.09103e+08,0,9.48556e-12
5,100,50,200,0.001,100 MHz,0.335178,0.00807754,0.108078,2.75e-05,2.75e-06,9.52628e-08,1.6214e-05,1.02958e-08,9.46958e-08,0.001,0.000403877,0.0270742,61.9,5,0.0270957,367.62,1.91859e+09,59.2273,3.09103e+08,0,0.997461
5,100,50,200,0.001,1 GHz,0.0335178,0.00807754,0.108078,2.75e-05,2.75e-06,9.52628e-08,1.6214e-05,1.02958e-08,9.46958e-08,0.001,0.000403877,0.00270742,61.9,5,0.00291444,4.25316,1.91859e+09,0.685226,3.09103e+08,0,0.999971
5,100,50,200,0.01,1 MHz (plan spec),33.5178,0.00807754,0.108078,2.75e-05,2.75e-06,9.52628e-08,1.6214e-05,1.02958e-08,9.46958e-08,0.001,0.00403877,2.70742,61.9,5,2.70742,3.67038e+06,1.91859e+09,591335,3.09103e+08,0,9.48503e-12
5,100,50,200,0.01,100 MHz,0.335178,0.00807754,0.108078,2.75e-05,2.75e-06,9.52628e-08,1.6214e-05,1.02958e-08,9.46958e-08,0.001,0.00403877,0.0270742,61.9,5,0.027392,375.706,1.91859e+09,60.53,3.09103e+08,0,0.997405
5,100,50,200,0.01,1 GHz,0.0335178,0.00807754,0.108078,2.75e-05,2.75e-06,9.52628e-08,1.6214e-05,1.02958e-08,9.46958e-08,0.001,0.00403877,0.00270742,61.9,5,0.00496413,12.3392,1.91859e+09,1.98796,3.09103e+08,0,0.999915
5,100,50,1000,0.001,1 MHz (plan spec),33.5178,0.00807754,0.108078,2.75e-05,2.75e-06,9.52628e-08,1.6214e-05,1.02958e-08,9.46958e-08,0.005,0.000403877,2.70742,61.9,5,2.70742,3.67039e+06,1.91859e+09,591336,3.09103e+08,0,9.48477e-12
5,100,50,1000,0.001,100 MHz,0.335178,0.00807754,0.108078,2.75e-05,2.75e-06,9.52628e-08,1.6214e-05,1.02958e-08,9.46958e-08,0.005,0.000403877,0.0270742,61.9,5,0.027535,379.638,1.91859e+09,61.1634,3.09103e+08,0,0.997378
5,100,50,1000,0.001,1 GHz,0.0335178,0.00807754,0.108078,2.75e-05,2.75e-06,9.52628e-08,1.6214e-05,1.02958e-08,9.46958e-08,0.005,0.000403877,0.00270742,61.9,5,0.00570035,16.2706,1.91859e+09,2.62135,3.09103e+08,0,0.999887
5,100,50,1000,0.01,1 MHz (plan spec),33.5178,0.00807754,0.108078,2.75e-05,2.75e-06,9.52628e-08,1.6214e-05,1.02958e-08,9.46958e-08,0.005,0.00403877,2.70742,61.9,5,2.70742,3.67039e+06,1.91859e+09,591337,3.09103e+08,0,9.48424e-12
5,100,50,1000,0.01,100 MHz,0.335178,0.00807754,0.108078,2.75e-05,2.75e-06,9.52628e-08,1.6214e-05,1.02958e-08,9.46958e-08,0.005,0.00403877,0.0270742,61.9,5,0.0278267,387.724,1.91859e+09,62.4661,3.09103e+08,0,0.997322
5,100,50,1000,0.01,1 GHz,0.0335178,0.00807754,0.108078,2.75e-05,2.75e-06,9.52628e-08,1.6214e-05,1.02958e-08,9.46958e-08,0.005,0.00403877,0.00270742,61.9,5,0.00697442,24.3566,1.91859e+09,3.92409,3.09103e+08,0,0.999832
5,100,100,50,0.001,1 MHz (plan spec),33.5178,0.00807754,0.108078,2.75e-05,2.75e-06,9.52628e-08,1.6214e-05,1.02958e-08,9.46958e-08,0.00025,0.000807754,5.41483,61.9,10,5.41483,1.46815e+07,1.91859e+09,2.36533e+06,3.09103e+08,0,8.09577e-45
5,100,100,50,0.001,100 MHz,0.335178,0.00807754,0.108078,2.75e-05,2.75e-06,9.52628e-08,1.6214e-05,1.02958e-08,9.46958e-08,0.00025,0.000807754,0.0541483,61.9,10,0.0541549,1468.51,1.91859e+09,236.591,3.09103e+08,0,0.989896
5,100,100,50,0.001,1 GHz,0.0335178,0.00807754,0.108078,2.75e-05,2.75e-06,9.52628e-08,1.6214e-05,1.02958e-08,9.46958e-08,0.00025,0.000807754,0.00541483,61.9,10,0.00548052,15.0399,1.91859e+09,2.42307,3.09103e+08,0,0.999896
5,100,100,50,0.01,1 MHz (plan spec),33.5178,0.00807754,0.108078,2.75e-05,2.75e-06,9.52628e-08,1.6214e-05,1.02958e-08,9.46958e-08,0.00025,0.00807754,5.41483,61.9,10,5.41484,1.46815e+07,1.91859e+09,2.36534e+06,3.09103e+08,0,8.09396e-45
5,100,100,50,0.01,100 MHz,0.335178,0.00807754,0.108078,2.75e-05,2.75e-06,9.52628e-08,1.6214e-05,1.02958e-08,9.46958e-08,0.00025,0.00807754,0.0541483,61.9,10,0.0547481,1500.85,1.91859e+09,241.802,3.09103e+08,0,0.989675
5,100,100,50,0.01,1 GHz,0.0335178,0.00807754,0.108078,2.75e-05,2.75e-06,9.52628e-08,1.6214e-05,1.02958e-08,9.46958e-08,0.00025,0.00807754,0.00541483,61.9,10,0.00972782,47.3839,1.91859e+09,7.63402,3.09103e+08,0,0.999672
5,100,100,200,0.001,1 MHz (plan spec),33.5178,0.00807754,0.108078,2.75e-05,2.75e-06,9.52628e-08,1.6214e-05,1.02958e-08,9.46958e-08,0.001,0.000807754,5.41483,61.9,10,5.41483,1.46815e+07,1.91859e+09,2.36533e+06,3.09103e+08,0,8.09575e-45
5,100,100,200,0.001,100 MHz,0.335178,0.00807754,0.108078,2.75e-05,2.75e-06,9.52628e-08,1.6214e-05,1.02958e-08,9.46958e-08,0.001,0.000807754,0.0541483,61.9,10,0.0541636,1468.98,1.91859e+09,236.667,3.09103e+08,0,0.989893
5,100,100,200,0.001,1 GHz,0.0335178,0.00807754,0.108078,2.75e-05,2.75e-06,9.52628e-08,1.6214e-05,1.02958e-08,9.46958e-08,0.001,0.000807754,0.00541483,61.9,10,0.0055654,15.5093,1.91859e+09,2.4987,3.09103e+08,0,0.999893
5,100,100,200,0.01,1 MHz (plan spec),33.5178,0.00807754,0.108078,2.75e-05,2.75e-06,9.52628e-08,1.6214e-05,1.02958e-08,9.46958e-08,0.001,0.00807754,5.41483,61.9,10,5.41484,1.46815e+07,1.91859e+09,2.36534e+06,3.09103e+08,0,8.09394e-45
5,100,100,200,0.01,100 MHz,0.335178,0.00807754,0.108078,2.75e-05,2.75e-06,9.52628e-08,1.6214e-05,1.02958e-08,9.46958e-08,0.001,0.00807754,0.0541483,61.9,10,0.0547566,1501.32,1.91859e+09,241.878,3.09103e+08,0,0.989672
5,100,100,200,0.01,1 GHz,0.0335178,0.00807754,0.108078,2.75e-05,2.75e-06,9.52628e-08,1.6214e-05,1.02958e-08,9.46958e-08,0.001,0.00807754,0.00541483,61.9,10,0.00977588,47.8533,1.91859e+09,7.70965,3.09103e+08,0,0.999669
5,100,100,1000,0.001,1 MHz (plan spec),33.5178,0.00807754,0.108078,2.75e-05,2.75e-06,9.52628e-08,1.6214e-05,1.02958e-08,9.46958e-08,0.005,0.000807754,5.41483,61.9,10,5.41484,1.46815e+07,1.91859e+09,2.36534e+06,3.09103e+08,0,8.09507e-45
5,100,100,1000,0.001,100 MHz,0.335178,0.00807754,0.108078,2.75e-05,2.75e-06,9.52628e-08,1.6214e-05,1.02958e-08,9.46958e-08,0.005,0.000807754,0.0541483,61.9,10,0.0543847,1480.99,1.91859e+09,238.603,3.09103e+08,0,0.989811
5,100,100,1000,0.001,1 GHz,0.0335178,0.00807754,0.108078,2.75e-05,2.75e-06,9.52628e-08,1.6214e-05,1.02958e-08,9.46958e-08,0.005,0.000807754,0.00541483,61.9,10,0.00741442,27.5267,1.91859e+09,4.43483,3.09103e+08,0,0.99981
5,100,100,1000,0.01,1 MHz (plan spec),33.5178,0.00807754,0.108078,2.75e-05,2.75e-06,9.52628e-08,1.6214e-05,1.02958e-08,9.46958e-08,0.005,0.00807754,5.41483,61.9,10,5.41484,1.46815e+07,1.91859e+09,2.36534e+06,3.09103e+08,0,8.09326e-45
5,100,100,1000,0.01,100 MHz,0.335178,0.00807754,0.108078,2.75e-05,2.75e-06,9.52628e-08,1.6214e-05,1.02958e-08,9.46958e-08,0.005,0.00807754,0.0541483,61.9,10,0.0549753,1513.34,1.91859e+09,243.814,3.09103e+08,0,0.98959
5,100,100,1000,0.01,1 GHz,0.0335178,0.00807754,0.108078,2.75e-05,2.75e-06,9.52628e-08,1.6214e-05,1.02958e-08,9.46958e-08,0.005,0.00807754,0.00541483,61.9,10,0.0109347,59.8708,1.91859e+09,9.64577,3.09103e+08,0,0.999586
10,0.1,1,50,0.001,1 MHz (plan spec),33.5178,0.0161551,0.0162551,5.5e-05,5.5e-06,1.90526e-07,3.2428e-05,3.09701e-09,4.28419e-09,0.0005,1.61551e-05,0.0541483,0.0619,0.000513114,0.0541507,1468.28,1918.59,236.554,309.104,0.98682,0.989898
10,0.1,1,50,0.001,100 MHz,0.335178,0.0161551,0.0162551,5.5e-05,5.5e-06,1.90526e-07,3.2428e-05,3.09701e-09,4.28419e-09,0.0005,1.61551e-05,0.000541483,0.0619,0.000513114,0.00073925,0.273642,1918.59,0.0440864,309.104,0.98682,0.999998
10,0.1,1,50,0.001,1 GHz,0.0335178,0.0161551,0.0162551,5.5e-05,5.5e-06,1.90526e-07,3.2428e-05,3.09701e-09,4.28419e-09,0.0005,1.61551e-05,5.41483e-05,0.0619,0.000513114,0.00050618,0.128295,1918.59,0.0206696,309.104,0.98682,0.999999
10,0.1,1,50,0.01,1 MHz (plan spec),33.5178,0.0161551,0.0162551,5.5e-05,5.5e-06,1.90526e-07,3.2428e-05,3.09701e-09,4.28419e-09,0.0005,0.000161551,0.0541483,0.0619,0.000537702,0.0541509,1468.29,1918.59,236.556,309.104,0.98682,0.989898
10,0.1,1,50,0.01,100 MHz,0.335178,0.0161551,0.0162551,5.5e-05,5.5e-06,1.90526e-07,3.2428e-05,3.09701e-09,4.28419e-09,0.0005,0.000161551,0.000541483,0.0619,0.000537702,0.000756524,0.286579,1918.59,0.0461708,309.104,0.98682,0.999998
10,0.1,1,50,0.01,1 GHz,0.0335178,0.0161551,0.0162551,5.5e-05,5.5e-06,1.90526e-07,3.2428e-05,3.09701e-09,4.28419e-09,0.0005,0.000161551,5.41483e-05,0.0619,0.000537702,0.000531089,0.141233,1918.59,0.022754,309.104,0.98682,0.999999
10,0.1,1,200,0.001,1 MHz (plan spec),33.5178,0.0161551,0.0162551,5.5e-05,5.5e-06,1.90526e-07,3.2428e-05,3.09701e-09,4.28419e-09,0.002,1.61551e-05,0.0541483,0.0619,0.00200332,0.0541853,1470.15,1918.59,236.856,309.104,0.98682,0.989885
10,0.1,1,200,0.001,100 MHz,0.335178,0.0161551,0.0162551,5.5e-05,5.5e-06,1.90526e-07,3.2428e-05,3.09701e-09,4.28419e-09,0.002,1.61551e-05,0.000541483,0.0619,0.00200332,0.0020728,2.15136,1918.59,0.346606,309.104,0.98682,0.999985
10,0.1,1,200,0.001,1 GHz,0.0335178,0.0161551,0.0162551,5.5e-05,5.5e-06,1.90526e-07,3.2428e-05,3.09701e-09,4.28419e-09,0.002,1.61551e-05,5.41483e-05,0.0619,0.00200332,0.00200155,2.00602,1918.59,0.323189,309.104,0.98682,0.999986
10,0.1,1,200,0.01,1 MHz (plan spec),33.5178,0.0161551,0.0162551,5.5e-05,5.5e-06,1.90526e-07,3.2428e-05,3.09701e-09,4.28419e-09,0.002,0.000161551,0.0541483,0.0619,0.00200976,0.0541855,1470.17,1918.59,236.859,309.104,0.98682,0.989885
10,0.1,1,200,0.01,100 MHz,0.335178,0.0161551,0.0162551,5.5e-05,5.5e-06,1.90526e-07,3.2428e-05,3.09701e-09,4.28419e-09,0.002,0.000161551,0.000541483,0.0619,0.00200976,0.00207902,2.1643,1918.59,0.348691,309.104,0.98682,0.999985
10,0.1,1,200,0.01,1 GHz,0.0335178,0.0161551,0.0162551,5.5e-05,5.5e-06,1.90526e-07,3.2428e-05,3.09701e-09,4.28419e-09,0.002,0.000161551,5.41483e-05,0.0619,0.00200976,0.002008,2.01896,1918.59,0.325274,309.104,0.98682,0.999986
10,0.1,1,1000,0.001,1 MHz (plan spec),33.5178,0.0161551,0.0162551,5.5e-05,5.5e-06,1.90526e-07,3.2428e-05,3.09701e-09,4.28419e-09,0.01,1.61551e-05,0.0541483,0.0619,0.0100007,0.055064,1518.22,1918.59,244.601,309.104,0.98682,0.989556
10,0.1,1,1000,0.001,100 MHz,0.335178,0.0161551,0.0162551,5.5e-05,5.5e-06,1.90526e-07,3.2428e-05,3.09701e-09,4.28419e-09,0.01,1.61551e-05,0.000541483,0.0619,0.0100007,0.0100148,50.2211,1918.59,8.09111,309.104,0.98682,0.999653
10,0.1,1,1000,0.001,1 GHz,0.0335178,0.0161551,0.0162551,5.5e-05,5.5e-06,1.90526e-07,3.2428e-05,3.09701e-09,4.28419e-09,0.01,1.61551e-05,5.41483e-05,0.0619,0.0100007,0.0100003,50.0757,1918.59,8.0677,309.104,0.98682,0.999654
10,0.1,1,1000,0.01,1 MHz (plan spec),33.5178,0.0161551,0.0162551,5.5e-05,5.5e-06,1.90526e-07,3.2428e-05,3.09701e-09,4.28419e-09,0.01,0.000161551,0.0541483,0.0619,0.010002,0.0550642,1518.24,1918.59,244.603,309.104,0.98682,0.989556
10,0.1,1,1000,0.01,100 MHz,0.335178,0.0161551,0.0162551,5.5e-05,5.5e-06,1.90526e-07,3.2428e-05,3.09701e-09,4.28419e-09,0.01,0.000161551,0.000541483,0.0619,0.010002,0.0100161,50.234,1918.59,8.0932,309.104,0.98682,0.999653
10,0.1,1,1000,0.01,1 GHz,0.0335178,0.0161551,0.0162551,5.5e-05,5.5e-06,1.90526e-07,3.2428e-05,3.09701e-09,4.28419e-09,0.01,0.000161551,5.41483e-05,0.0619,0.010002,0.0100016,50.0887,1918.59,8.06978,309.104,0.98682,0.999654
10,0.1,10,50,0.001,1 MHz (plan spec),33.5178,0.0161551,0.0162551,5.5e-05,5.5e-06,1.90526e-07,3.2428e-05,3.09701e-09,4.28419e-09,0.0005,0.000161551,0.541483,0.0619,0.00113098,0.541484,146815,1918.59,23653.4,309.104,0.98682,0.362312
10,0.1,10,50,0.001,100 MHz,0.335178,0.0161551,0.0162551,5.5e-05,5.5e-06,1.90526e-07,3.2428e-05,3.09701e-09,4.28419e-09,0.0005,0.000161551,0.00541483,0.0619,0.00113098,0.00544055,14.8213,1918.59,2.38785,309.104,0.98682,0.999898
10,0.1,10,50,0.001,1 GHz,0.0335178,0.0161551,0.0162551,5.5e-05,5.5e-06,1.90526e-07,3.2428e-05,3.09701e-09,4.28419e-09,0.0005,0.000161551,0.000541483,0.0619,0.00113098,0.000756524,0.286579,1918.59,0.0461708,309.104,0.98682,0.999998
10,0.1,10,50,0.01,1 MHz (plan spec),33.5178,0.0161551,0.0162551,5.5e-05,5.5e-06,1.90526e-07,3.2428e-05,3.09701e-09,4.28419e-09,0.0005,0.00161551,0.541483,0.0619,0.00196542,0.541486,146816,1918.59,23653.6,309.104,0.98682,0.362308
10,0.1,10,50,0.01,100 MHz,0.335178,0.0161551,0.0162551,5.5e-05,5.5e-06,1.90526e-07,3.2428e-05,3.09701e-09,4.28419e-09,0.0005,0.00161551,0.00541483,0.0619,0.00196542,0.00567303,16.115,1918.59,2.59629,309.104,0.98682,0.999889
10,0.1,10,50,0.01,1 GHz,0.0335178,0.0161551,0.0162551,5.5e-05,5.5e-06,1.90526e-07,3.2428e-05,3.09701e-09,4.28419e-09,0.0005,0.00161551,0.000541483,0.0619,0.00196542,0.00177654,1.58034,1918.59,0.254609,309.104,0.98682,0.999989
10,0.1,10,200,0.001,1 MHz (plan spec),33.5178,0.0161551,0.0162551,5.5e-05,5.5e-06,1.90526e-07,3.2428e-05,3.09701e-09,4.28419e-09,0.002,0.000161551,0.541483,0.0619,0.00224257,0.541487,146817,1918.59,23653.7,309.104,0.98682,0.362307
10,0.1,10,200,0.001,100 MHz,0.335178,0.0161551,0.0162551,5.5e-05,5.5e-06,1.90526e-07,3.2428e-05,3.09701e-09,4.28419e-09,0.002,0.000161551,0.00541483,0.0619,0.00224257,0.00577491,16.699,1918.59,2.69037,309.104,0.98682,0.999885
10,0.1,10,200,0.001,1 GHz,0.0335178,0.0161551,0.0162551,5.5e-05,5.5e-06,1.90526e-07,3.2428e-05,3.09701e-09,4.28419e-09,0.002,0.000161551,0.000541483,0.0619,0.00224257,0.00207902,2.1643,1918.59,0.348691,309.104,0.98682,0.999985
10,0.1,10,200,0.01,1 MHz (plan spec),33.5178,0.0161551,0.0162551,5.5e-05,5.5e-06,1.90526e-07,3.2428e-05,3.09701e-09,4.28419e-09,0.002,0.00161551,0.541483,0.0619,0.00275915,0.541489,146818,1918.59,23653.9,309.104,0.98682,0.362304
10,0.1,10,200,0.01,100 MHz,0.335178,0.0161551,0.0162551,5.5e-05,5.5e-06,1.90526e-07,3.2428e-05,3.09701e-09,4.28419e-09,0.002,0.00161551,0.00541483,0.0619,0.00275915,0.00599444,17.9927,1918.59,2.89881,309.104,0.98682,0.999876
10,0.1,10,200,0.01,1 GHz,0.0335178,0.0161551,0.0162551,5.5e-05,5.5e-06,1.90526e-07,3.2428e-05,3.09701e-09,4.28419e-09,0.002,0.00161551,0.000541483,0.0619,0.00275915,0.00262795,3.45806,1918.59,0.557128,309.104,0.98682,0.999976
10,0.1,10,1000,0.001,1 MHz (plan spec),33.5178,0.0161551,0.0162551,5.5e-05,5.5e-06,1.90526e-07,3.2428e-05,3.09701e-09,4.28419e-09,0.01,0.000161551,0.541483,0.0619,0.0100513,0.541576,146865,1918.59,23661.4,309.104,0.98682,0.362186
10,0.1,10,1000,0.001,100 MHz,0.335178,0.0161551,0.0162551,5.5e-05,5.5e-06,1.90526e-07,3.2428e-05,3.09701e-09,4.28419e-09,0.01,0.000161551,0.00541483,0.0619,0.0100513,0.0113732,64.7687,1918.59,10.4349,309.104,0.98682,0.999552
10,0.1,10,1000,0.001,1 GHz,0.0335178,0.0161551,0.0162551,5.5e-05,5.5e-06,1.90526e-07,3.2428e-05,3.09701e-09,4.28419e-09,0.01,0.000161551,0.000541483,0.0619,0.0100513,0.0100161,50.234,1918.59,8.0932,309.104,0.98682,0.999653
10,0.1,10,1000,0.01,1 MHz (plan spec),33.5178,0.0161551,0.0162551,5.5e-05,5.5e-06,1.90526e-07,3.2428e-05,3.09701e-09,4.28419e-09,0.01,0.00161551,0.541483,0.0619,0.010179,0.541578,146866,1918.59,23661.6,309.104,0.98682,0.362183
10,0.1,10,1000,0.01,100 MHz,0.335178,0.0161551,0.0162551,5.5e-05,5.5e-06,1.90526e-07,3.2428e-05,3.09701e-09,4.28419e-09,0.01,0.00161551,0.00541483,0.0619,0.010179,0.0114862,66.0624,1918.59,10.6433,309.104,0.98682,0.999543
10,0.1,10,1000,0.01,1 GHz,0.0335178,0.0161551,0.0162551,5.5e-05,5.5e-06,1.90526e-07,3.2428e-05,3.09701e-09,4.28419e-09,0.01,0.00161551,0.000541483,0.0619,0.010179,0.0101443,51.5278,1918.59,8.30163,309.104,0.98682,0.999644
10,0.1,50,50,0.001,1 MHz (plan spec),33.5178,0.0161551,0.0162551,5.5e-05,5.5e-06,1.90526e-07,3.2428e-05,3.09701e-09,4.28419e-09,0.0005,0.000807754,2.70742,0.0619,0.00508974,2.70742,3.67037e+06,1918.59,591334,309.104,0.98682,9.48557e-12
10,0.1,50,50,0.001,100 MHz,0.335178,0.0161551,0.0162551,5.5e-05,5.5e-06,1.90526e-07,3.2428e-05,3.09701e-09,4.28419e-09,0.0005,0.000807754,0.0270742,0.0619,0.00508974,0.0270909,367.491,1918.59,59.2064,309.104,0.98682,0.997462
10,0.1,50,50,0.001,1 GHz,0.0335178,0.0161551,0.0162551,5.5e-05,5.5e-06,1.90526e-07,3.2428e-05,3.09701e-09,4.28419e-09,0.0005,0.000807754,0.00270742,0.0619,0.00508974,0.00286977,4.12378,1918.59,0.664382,309.104,0.98682,0.999971
10,0.1,50,50,0.01,1 MHz (plan spec),33.5178,0.0161551,0.0162551,5.5e-05,5.5e-06,1.90526e-07,3.2428e-05,3.09701e-09,4.28419e-09,0.0005,0.00807754,2.70742,0.0619,0.00951314,2.70743,3.67041e+06,1918.59,591339,309.104,0.98682,9.48345e-12
10,0.1,50,50,0.01,100 MHz,0.335178,0.0161551,0.0162551,5.5e-05,5.5e-06,1.90526e-07,3.2428e-05,3.09701e-09,4.28419e-09,0.0005,0.00807754,0.0270742,0.0619,0.00951314,0.0282579,399.835,1918.59,64.4174,309.104,0.98682,0.997239
10,0.1,50,50,0.01,1 GHz,0.0335178,0.0161551,0.0162551,5.5e-05,5.5e-06,1.90526e-07,3.2428e-05,3.09701e-09,4.28419e-09,0.0005,0.00807754,0.00270742,0.0619,0.00951314,0.00853404,36.4678,1918.59,5.87533,309.104,0.98682,0.999748
10,0.1,50,200,0.001,1 MHz (plan spec),33.5178,0.0161551,0.0162551,5.5e-05,5.5e-06,1.90526e-07,3.2428e-05,3.09701e-09,4.28419e-09,0.002,0.000807754,2.70742,0.0619,0.00544569,2.70742,3.67038e+06,1918.59,591334,309.104,0.98682,9.48545e-12
10,0.1,50,200,0.001,100 MHz,0.335178,0.0161551,0.0162551,5.5e-05,5.5e-06,1.90526e-07,3.2428e-05,3.09701e-09,4.28419e-09,0.002,0.000807754,0.0270742,0.0619,0.00544569,0.02716,369.368,1918.59,59.5089,309.104,0.98682,0.997449
10,0.1,50,200,0.001,1 GHz,0.0335178,0.0161551,0.0162551,5.5e-05,5.5e-06,1.90526e-07,3.2428e-05,3.09701e-09,4.28419e-09,0.002,0.000807754,0.00270742,0.0619,0.00544569,0.00346202,6.0015,1918.59,0.966901,309.104,0.98682,0.999958
10,0.1,50,200,0.01,1 MHz (plan spec),33.5178,0.0161551,0.0162551,5.5e-05,5.5e-06,1.90526e-07,3.2428e-05,3.09701e-09,4.28419e-09,0.002,0.00807754,2.70742,0.0619,0.00970823,2.70743,3.67041e+06,1918.59,591339,309.104,0.98682,9.48333e-12
10,0.1,50,200,0.01,100 MHz,0.335178,0.0161551,0.0162551,5.5e-05,5.5e-06,1.90526e-07,3.2428e-05,3.09701e-09,4.28419e-09,0.002,0.00807754,0.0270742,0.0619,0.00970823,0.0283242,401.713,1918.59,64.7199,309.104,0.98682,0.997226
10,0.1,50,200,0.01,1 GHz,0.0335178,0.0161551,0.0162551,5.5e-05,5.5e-06,1.90526e-07,3.2428e-05,3.09701e-09,4.28419e-09,0.002,0.00807754,0.00270742,0.0619,0.00970823,0.00875099,38.3455,1918.59,6.17785,309.104,0.98682,0.999735
10,0.1,50,1000,0.001,1 MHz (plan spec),33.5178,0.0161551,0.0162551,5.5e-05,5.5e-06,1.90526e-07,3.2428e-05,3.09701e-09,4.28419e-09,0.01,0.000807754,2.70742,0.0619,0.0112096,2.70744,3.67042e+06,1918.59,591342,309.104,0.98682,9.4823e-12
10,0.1,50,1000,0.001,100 MHz,0.335178,0.0161551,0.0162551,5.5e-05,5.5e-06,1.90526e-07,3.2428e-05,3.09701e-09,4.28419e-09,0.01,0.000807754,0.0270742,0.0619,0.0112096,0.0288733,417.438,1918.59,67.2534,309.104,0.98682,0.997118
10,0.1,50,1000,0.001,1 GHz,0.0335178,0.0161551,0.0162551,5.5e-05,5.5e-06,1.90526e-07,3.2428e-05,3.09701e-09,4.28419e-09,0.01,0.000807754,0.00270742,0.0619,0.0112096,0.0103916,54.0712,1918.59,8.71141,309.104,0.98682,0.999626
10,0.1,50,1000,0.01,1 MHz (plan spec),33.5178,0.0161551,0.0162551,5.5e-05,5.5e-06,1.90526e-07,3.2428e-05,3.09701e-09,4.28419e-09,0.01,0.00807754,2.70742,0.0619,0.0137931,2.70745,3.67046e+06,1918.59,591347,309.104,0.98682,9.48018e-12
10,0.1,50,1000,0.01,100 MHz,0.335178,0.0161551,0.0162551,5.5e-05,5.5e-06,1.90526e-07,3.2428e-05,3.09701e-09,4.28419e-09,0.01,0.00807754,0.0270742,0.0619,0.0137931,0.029971,449.782,1918.59,72.4644,309.104,0.98682,0.996895
10,0.1,50,1000,0.01,1 GHz,0.0335178,0.0161551,0.0162551,5.5e-05,5.5e-06,1.90526e-07,3.2428e-05,3.09701e-09,4.28419e-09,0.01,0.00807754,0.00270742,0.0619,0.0137931,0.013137,86.4152,1918.59,13.9224,309.104,0.98682,0.999403
10,0.1,100,50,0.001,1 MHz (plan spec),33.5178,0.0161551,0.0162551,5.5e-05,5.5e-06,1.90526e-07,3.2428e-05,3.09701e-09,4.28419e-09,0.0005,0.00161551,5.41483,0.0619,0.0101421,5.41483,1.46815e+07,1918.59,2.36534e+06,309.104,0.98682,8.09571e-45
10,0.1,100,50,0.001,100 MHz,0.335178,0.0161551,0.0162551,5.5e-05,5.5e-06,1.90526e-07,3.2428e-05,3.09701e-09,4.28419e-09,0.0005,0.00161551,0.0541483,0.0619,0.0101421,0.0541748,1469.58,1918.59,236.764,309.104,0.98682,0.989889
10,0.1,100,50,0.001,1 GHz,0.0335178,0.0161551,0.0162551,5.5e-05,5.5e-06,1.90526e-07,3.2428e-05,3.09701e-09,4.28419e-09,0.0005,0.00161551,0.00541483,0.0619,0.0101421,0.00567303,16.115,1918.59,2.59629,309.104,0.98682,0.999889
10,0.1,100,50,0.01,1 MHz (plan spec),33.5178,0.0161551,0.0162551,5.5e-05,5.5e-06,1.90526e-07,3.2428e-05,3.09701e-09,4.28419e-09,0.0005,0.0161551,5.41483,0.0619,0.0190063,5.41486,1.46816e+07,1918.59,2.36536e+06,309.104,0.98682,8.08847e-45
10,0.1,100,50,0.01,100 MHz,0.335178,0.0161551,0.0162551,5.5e-05,5.5e-06,1.90526e-07,3.2428e-05,3.09701e-09,4.28419e-09,0.0005,0.0161551,0.0541483,0.0619,0.0190063,0.0565091,1598.96,1918.59,257.608,309.104,0.98682,0.989004
10,0.1,100,50,0.01,1 GHz,0.0335178,0.0161551,0.0162551,5.5e-05,5.5e-06,1.90526e-07,3.2428e-05,3.09701e-09,4.28419e-09,0.0005,0.0161551,0.00541483,0.0619,0.0190063,0.0170458,145.491,1918.59,23.4401,309.104,0.98682,0.998994
10,0.1,100,200,0.001,1 MHz (plan spec),33.5178,0.0161551,0.0162551,5.5e-05,5.5e-06,1.90526e-07,3.2428e-05,3.09701e-09,4.28419e-09,0.002,0.00161551,5.41483,0.0619,0.0103254,5.41483,1.46815e+07,1918.59,2.36534e+06,309.104,0.98682,8.09561e-45
10,0.1,100,200,0.001,100 MHz,0.335178,0.0161551,0.0162551,5.5e-05,5.5e-06,1.90526e-07,3.2428e-05,3.09701e-09,4.28419e-09,0.002,0.00161551,0.0541483,0.0619,0.0103254,0.0542094,1471.46,1918.59,237.067,309.104,0.98682,0.989876
10,0.1,100,200,0.001,1 GHz,0.0335178,0.0161551,0.0162551,5.5e-05,5.5e-06,1.90526e-07,3.2428e-05,3.09701e-09,4.28419e-09,0.002,0.00161551,0.00541483,0.0619,0.0103254,0.00599444,17.9927,1918.59,2.89881,309.104,0.98682,0.999876
10,0.1,100,200,0.01,1 MHz (plan spec),33.5178,0.0161551,0.0162551,5.5e-05,5.5e-06,1.90526e-07,3.2428e-05,3.09701e-09,4.28419e-09,0.002,0.0161551,5.41483,0.0619,0.0191047,5.41486,1.46816e+07,1918.59,2.36536e+06,309.104,0.98682,8.08837e-45
10,0.1,100,200,0.01,100 MHz,0.335178,0.0161551,0.0162551,5.5e-05,5.5e-06,1.90526e-07,3.2428e-05,3.09701e-09,4.28419e-09,0.002,0.0161551,0.0541483,0.0619,0.0191047,0.0565423,1600.84,1918.59,257.911,309.104,0.98682,0.988991
10,0.1,100,200,0.01,1 GHz,0.0335178,0.0161551,0.0162551,5.5e-05,5.5e-06,1.90526e-07,3.2428e-05,3.09701e-09,4.28419e-09,0.002,0.0161551,0.00541483,0.0619,0.0191047,0.0171555,147.369,1918.59,23.7426,309.104,0.98682,0.998981
10,0.1,100,1000,0.001,1 MHz (plan spec),33.5178,0.0161551,0.0162551,5.5e-05,5.5e-06,1.90526e-07,3.2428e-05,3.09701e-09,4.28419e-09,0.01,0.00161551,5.41483,0.0619,0.0142342,5.41484,1.46815e+07,1918.59,2.36534e+06,309.104,0.98682,8.09292e-45
10,0.1,100,1000,0.001,100 MHz,0.335178,0.0161551,0.0162551,5.5e-05,5.5e-06,1.90526e-07,3.2428e-05,3.09701e-09,4.28419e-09,0.01,0.00161551,0.0541483,0.0619,0.0142342,0.0550877,1519.53,1918.59,244.811,309.104,0.98682,0.989547
10,0.1,100,1000,0.001,1 GHz,0.0335178,0.0161551,0.0162551,5.5e-05,5.5e-06,1.90526e-07,3.2428e-05,3.09701e-09,4.28419e-09,0.01,0.00161551,0.00541483,0.0619,0.0142342,0.0114862,66.0624,1918.59,10.6433,309.104,0.98682,0.999543
10,0.1,100,1000,0.01,1 MHz (plan spec),33.5178,0.0161551,0.0162551,5.5e-05,5.5e-06,1.90526e-07,3.2428e-05,3.09701e-09,4.28419e-09,0.01,0.0161551,5.41483,0.0619,0.0214707,5.41487,1.46817e+07,1918.59,2.36536e+06,309.104,0.98682,8.08568e-45
10,0.1,100,1000,0.01,100 MHz,0.335178,0.0161551,0.0162551,5.5e-05,5.5e-06,1.90526e-07,3.2428e-05,3.09701e-09,4.28419e-09,0.01,0.0161551,0.0541483,0.0619,0.0214707,0.0573849,1648.91,1918.59,265.655,309.104,0.98682,0.988662
10,0.1,100,1000,0.01,1 GHz,0.0335178,0.0161551,0.0162551,5.5e-05,5.5e-06,1.90526e-07,3.2428e-05,3.09701e-09,4.28419e-09,0.01,0.0161551,0.00541483,0.0619,0.0214707,0.0197563,195.439,1918.59,31.4871,309.104,0.98682,0.998649
10,1,1,50,0.001,1 MHz (plan spec),33.5178,0.0161551,0.0171551,5.5e-05,5.5e-06,1.90526e-07,3.2428e-05,3.26848e-09,4.77173e-09,0.0005,1.61551e-05,0.0541483,0.619,0.0011195,0.0541507,1468.28,191859,236.554,30910.3,0.265342,0.989898
10,1,1,50,0.001,100 MHz,0.335178,0.0161551,0.0171551,5.5e-05,5.5e-06,1.90526e-07,3.2428e-05,3.26848e-09,4.77173e-09,0.0005,1.61551e-05,0.000541483,0.619,0.0011195,0.00073925,0.273642,191859,0.0440864,30910.3,0.265342,0.999998
10,1,1,50,0.001,1 GHz,0.0335178,0.0161551,0.0171551,5.5e-05,5.5e-06,1.90526e-07,3.2428e-05,3.26848e-09,4.77173e-09,0.0005,1.61551e-05,5.41483e-05,0.619,0.0011195,0.00050618,0.128295,191859,0.0206696,30910.3,0.265342,0.999999
10,1,1,50,0.01,1 MHz (plan spec),33.5178,0.0161551,0.0171551,5.5e-05,5.5e-06,1.90526e-07,3.2428e-05,3.26848e-09,4.77173e-09,0.0005,0.000161551,0.0541483,0.619,0.00113098,0.0541509,1468.29,191859,236.556,30910.3,0.265342,0.989898
10,1,1,50,0.01,100 MHz,0.335178,0.0161551,0.0171551,5.5e-05,5.5e-06,1.90526e-07,3.2428e-05,3.26848e-09,4.77173e-09,0.0005,0.000161551,0.000541483,0.619,0.00113098,0.000756524,0.286579,191859,0.0461708,30910.3,0.265342,0.999998
10,1,1,50,0.01,1 GHz,0.0335178,0.0161551,0.0171551,5.5e-05,5.5e-06,1.90526e-07,3.2428e-05,3.26848e-09,4.77173e-09,0.0005,0.000161551,5.41483e-05,0.619,0.00113098,0.000531089,0.141233,191859,0.022754,30910.3,0.265342,0.999999
10,1,1,200,0.001,1 MHz (plan spec),33.5178,0.0161551,0.0171551,5.5e-05,5.5e-06,1.90526e-07,3.2428e-05,3.26848e-09,4.77173e-09,0.002,1.61551e-05,0.0541483,0.619,0.0022368,0.0541853,1470.15,191859,236.856,30910.3,0.265342,0.989885
10,1,1,200,0.001,100 MHz,0.335178,0.0161551,0.0171551,5.5e-05,5.5e-06,1.90526e-07,3.2428e-05,3.26848e-09,4.77173e-09,0.002,1.61551e-05,0.000541483,0.619,0.0022368,0.0020728,2.15136,191859,0.346606,30910.3,0.265342,0.999985
10,1,1,200,0.001,1 GHz,0.0335178,0.0161551,0.0171551,5.5e-05,5.5e-06,1.90526e-07,3.2428e-05,3.26848e-09,4.77173e-09,0.002,1.61551e-05,5.41483e-05,0.619,0.0022368,0.00200155,2.00602,191859,0.323189,30910.3,0.265342,0.999986
10,1,1,200,0.01,1 MHz (plan spec),33.5178,0.0161551,0.0171551,5.5e-05,5.5e-06,1.90526e-07,3.2428e-05,3.26848e-09,4.77173e-09,0.002,0.000161551,0.0541483,0.619,0.00224257,0.0541855,1470.17,191859,236.859,30910.3,0.265342,0.989885
10,1,1,200,0.01,100 MHz,0.335178,0.0161551,0.0171551,5.5e-05,5.5e-06,1.90526e-07,3.2428e-05,3.26848e-09,4.77173e-09,0.002,0.000161551,0.000541483,0.619,0.00224257,0.00207902,2.1643,191859,0.348691,30910.3,0.265342,0.999985
10,1,1,200,0.01,1 GHz,0.0335178,0.0161551,0.0171551,5.5e-05,5.5e-06,1.90526e-07,3.2428e-05,3.26848e-09,4.77173e-09,0.002,0.000161551,5.41483e-05,0.619,0.00224257,0.002008,2.01896,191859,0.325274,30910.3,0.265342,0.999986
10,1,1,1000,0.001,1 MHz (plan spec),33.5178,0.0161551,0.0171551,5.5e-05,5.5e-06,1.90526e-07,3.2428e-05,3.26848e-09,4.77173e-09,0.01,1.61551e-05,0.0541483,0.619,0.01005,0.055064,1518.22,191859,244.601,30910.3,0.265342,0.989556
10,1,1,1000,0.001,100 MHz,0.335178,0.0161551,0.0171551,5.5e-05,5.5e-06,1.90526e-07,3.2428e-05,3.26848e-09,4.77173e-09,0.01,1.61551e-05,0.000541483,0.619,0.01005,0.0100148,50.2211,191859,8.09111,30910.3,0.265342,0.999653
10,1,1,1000,0.001,1 GHz,0.0335178,0.0161551,0.0171551,5.5e-05,5.5e-06,1.90526e-07,3.2428e-05,3.26848e-09,4.77173e-09,0.01,1.61551e-05,5.41483e-05,0.619,0.01005,0.0100003,50.0757,191859,8.0677,30910.3,0.265342,0.999654
10,1,1,1000,0.01,1 MHz (plan spec),33.5178,0.0161551,0.0171551,5.5e-05,5.5e-06,1.90526e-07,3.2428e-05,3.26848e-09,4.77173e-09,0.01,0.000161551,0.0541483,0.619,0.0100513,0.0550642,1518.24,191859,244.603,30910.3,0.265342,0.989556
10,1,1,1000,0.01,100 MHz,0.335178,0.0161551,0.0171551,5.5e-05,5.5e-06,1.90526e-07,3.2428e-05,3.26848e-09,4.77173e-09,0.01,0.000161551,0.000541483,0.619,0.0100513,0.0100161,50.234,191859,8.0932,30910.3,0.265342,0.999653
10,1,1,1000,0.01,1 GHz,0.0335178,0.0161551,0.0171551,5.5e-05,5.5e-06,1.90526e-07,3.2428e-05,3.26848e-09,4.77173e-09,0.01,0.000161551,5.41483e-05,0.619,0.0100513,0.0100016,50.0887,191859,8.06978,30910.3,0.265342,0.999654
10,1,10,50,0.001,1 MHz (plan spec),33.5178,0.0161551,0.0171551,5.5e-05,5.5e-06,1.90526e-07,3.2428e-05,3.26848e-09,4.77173e-09,0.0005,0.000161551,0.541483,0.619,0.0100139,0.541484,146815,191859,23653.4,30910.3,0.265342,0.362312
10,1,10,50,0.001,100 MHz,0.335178,0.0161551,0.0171551,5.5e-05,5.5e-06,1.90526e-07,3.2428e-05,3.26848e-09,4.77173e-09,0.0005,0.000161551,0.00541483,0.619,0.0100139,0.00544055,14.8213,191859,2.38785,30910.3,0.265342,0.999898
10,1,10,50,0.001,1 GHz,0.0335178,0.0161551,0.0171551,5.5e-05,5.5e-06,1.90526e-07,3.2428e-05,3.26848e-09,4.77173e-09,0.0005,0.000161551,0.000541483,0.619,0.0100139,0.000756524,0.286579,191859,0.0461708,30910.3,0.265342,0.999998
10,1,10,50,0.01,1 MHz (plan spec),33.5178,0.0161551,0.0171551,5.5e-05,5.5e-06,1.90526e-07,3.2428e-05,3.26848e-09,4.77173e-09,0.0005,0.00161551,0.541483,0.619,0.0101421,0.541486,146816,191859,23653.6,30910.3,0.265342,0.362308
10,1,10,50,0.01,100 MHz,0.335178,0.0161551,0.0171551,5.5e-05,5.5e-06,1.90526e-07,3.2428e-05,3.26848e-09,4.77173e-09,0.0005,0.00161551,0.00541483,0.619,0.0101421,0.00567303,16.115,191859,2.59629,30910.3,0.265342,0.999889
10,1,10,50,0.01,1 GHz,0.0335178,0.0161551,0.0171551,5.5e-05,5.5e-06,1.90526e-07,3.2428e-05,3.26848e-09,4.77173e-09,0.0005,0.00161551,0.000541483,0.619,0.0101421,0.00177654,1.58034,191859,0.254609,30910.3,0.265342,0.999989
10,1,10,200,0.001,1 MHz (plan spec),33.5178,0.0161551,0.0171551,5.5e-05,5.5e-06,1.90526e-07,3.2428e-05,3.26848e-09,4.77173e-09,0.002,0.000161551,0.541483,0.619,0.0101995,0.541487,146817,191859,23653.7,30910.3,0.265342,0.362307
10,1,10,200,0.001,100 MHz,0.335178,0.0161551,0.0171551,5.5e-05,5.5e-06,1.90526e-07,3.2428e-05,3.26848e-09,4.77173e-09,0.002,0.000161551,0.00541483,0.619,0.0101995,0.00577491,16.699,191859,2.69037,30910.3,0.265342,0.999885
10,1,10,200,0.001,1 GHz,0.0335178,0.0161551,0.0171551,5.5e-05,5.5e-06,1.90526e-07,3.2428e-05,3.26848e-09,4.77173e-09,0.002,0.000161551,0.000541483,0.619,0.0101995,0.00207902,2.1643,191859,0.348691,30910.3,0.265342,0.999985
10,1,10,200,0.01,1 MHz (plan spec),33.5178,0.0161551,0.0171551,5.5e-05,5.5e-06,1.90526e-07,3.2428e-05,3.26848e-09,4.77173e-09,0.002,0.00161551,0.541483,0.619,0.0103254,0.541489,146818,191859,23653.9,30910.3,0.265342,0.362304
10,1,10,200,0.01,100 MHz,0.335178,0.0161551,0.0171551,5.5e-05,5.5e-06,1.90526e-07,3.2428e-05,3.26848e-09,4.77173e-09,0.002,0.00161551,0.00541483,0.619,0.0103254,0.00599444,17.9927,191859,2.89881,30910.3,0.265342,0.999876
10,1,10,200,0.01,1 GHz,0.0335178,0.0161551,0.0171551,5.5e-05,5.5e-06,1.90526e-07,3.2428e-05,3.26848e-09,4.77173e-09,0.002,0.00161551,0.000541483,0.619,0.0103254,0.00262795,3.45806,191859,0.557128,30910.3,0.265342,0.999976
10,1,10,1000,0.001,1 MHz (plan spec),33.5178,0.0161551,0.0171551,5.5e-05,5.5e-06,1.90526e-07,3.2428e-05,3.26848e-09,4.77173e-09,0.01,0.000161551,0.541483,0.619,0.0141432,0.541576,146865,191859,23661.4,30910.3,0.265342,0.362186
10,1,10,1000,0.001,100 MHz,0.335178,0.0161551,0.0171551,5.5e-05,5.5e-06,1.90526e-07,3.2428e-05,3.26848e-09,4.77173e-09,0.01,0.000161551,0.00541483,0.619,0.0141432,0.0113732,64.7687,191859,10.4349,30910.3,0.265342,0.999552
10,1,10,1000,0.001,1 GHz,0.0335178,0.0161551,0.0171551,5.5e-05,5.5e-06,1.90526e-07,3.2428e-05,3.26848e-09,4.77173e-09,0.01,0.000161551,0.000541483,0.619,0.0141432,0.0100161,50.234,191859,8.0932,30910.3,0.265342,0.999653
10,1,10,1000,0.01,1 MHz (plan spec),33.5178,0.0161551,0.0171551,5.5e-05,5.5e-06,1.90526e-07,3.2428e-05,3.26848e-09,4.77173e-09,0.01,0.00161551,0.541483,0.619,0.0142342,0.541578,146866,191859,23661.6,30910.3,0.265342,0.362183
10,1,10,1000,0.01,100 MHz,0.335178,0.0161551,0.0171551,5.5e-05,5.5e-06,1.90526e-07,3.2428e-05,3.26848e-09,4.77173e-09,0.01,0.00161551,0.00541483,0.619,0.0142342,0.0114862,66.0624,191859,10.6433,30910.3,0.265342,0.999543
10,1,10,1000,0.01,1 GHz,0.0335178,0.0161551,0.0171551,5.5e-05,5.5e-06,1.90526e-07,3.2428e-05,3.26848e-09,4.77173e-09,0.01,0.00161551,0.000541483,0.619,0.0142342,0.0101443,51.5278,191859,8.30163,30910.3,0.265342,0.999644
10,1,50,50,0.001,1 MHz (plan spec),33.5178,0.0161551,0.0171551,5.5e-05,5.5e-06,1.90526e-07,3.2428e-05,3.26848e-09,4.77173e-09,0.0005,0.000807754,2.70742,0.619,0.0500091,2.70742,3.67037e+06,191859,591334,30910.3,0.265342,9.48557e-12
10,1,50,50,0.001,100 MHz,0.335178,0.0161551,0.0171551,5.5e-05,5.5e-06,1.90526e-07,3.2428e-05,3.26848e-09,4.77173e-09,0.0005,0.000807754,0.0270742,0.619,0.0500091,0.0270909,367.491,191859,59.2064,30910.3,0.265342,0.997462
10,1,50,50,0.001,1 GHz,0.0335178,0.0161551,0.0171551,5.5e-05,5.5e-06,1.90526e-07,3.2428e-05,3.26848e-09,4.77173e-09,0.0005,0.000807754,0.00270742,0.619,0.0500091,0.00286977,4.12378,191859,0.664382,30910.3,0.265342,0.999971
10,1,50,50,0.01,1 MHz (plan spec),33.5178,0.0161551,0.0171551,5.5e-05,5.5e-06,1.90526e-07,3.2428e-05,3.26848e-09,4.77173e-09,0.0005,0.00807754,2.70742,0.619,0.0506508,2.70743,3.67041e+06,191859,591339,30910.3,0.265342,9.48345e-12
10,1,50,50,0.01,100 MHz,0.335178,0.0161551,0.0171551,5.5e-05,5.5e-06,1.90526e-07,3.2428e-05,3.26848e-09,4.77173e-09,0.0005,0.00807754,0.0270742,0.619,0.0506508,0.0282579,399.835,191859,64.4174,30910.3,0.265342,0.997239
10,1,50,50,0.01,1 GHz,0.0335178,0.0161551,0.0171551,5.5e-05,5.5e-06,1.90526e-07,3.2428e-05,3.26848e-09,4.77173e-09,0.0005,0.00807754,0.00270742,0.619,0.0506508,0.00853404,36.4678,191859,5.87533,30910.3,0.265342,0.999748
10,1,50,200,0.001,1 MHz (plan spec),33.5178,0.0161551,0.0171551,5.5e-05,5.5e-06,1.90526e-07,3.2428e-05,3.26848e-09,4.77173e-09,0.002,0.000807754,2.70742,0.619,0.0500465,2.70742,3.67038e+06,191859,591334,30910.3,0.265342,9.48545e-12
10,1,50,200,0.001,100 MHz,0.335178,0.0161551,0.0171551,5.5e-05,5.5e-06,1.90526e-07,3.2428e-05,3.26848e-09,4.77173e-09,0.002,0.000807754,0.0270742,0.619,0.0500465,0.02716,369.368,191859,59.5089,30910.3,0.265342,0.997449
10,1,50,200,0.001,1 GHz,0.0335178,0.0161551,0.0171551,5.5e-05,5.5e-06,1.90526e-07,3.2428e-05,3.26848e-09,4.77173e-09,0.002,0.000807754,0.00270742,0.619,0.0500465,0.00346202,6.0015,191859,0.966901,30910.3,0.265342,0.999958
10,1,50,200,0.01,1 MHz (plan spec),33.5178,0.0161551,0.0171551,5.5e-05,5.5e-06,1.90526e-07,3.2428e-05,3.26848e-09,4.77173e-09,0.002,0.00807754,2.70742,0.619,0.0506878,2.70743,3.67041e+06,191859,591339,30910.3,0.265342,9.48333e-12
10,1,50,200,0.01,100 MHz,0.335178,0.0161551,0.0171551,5.5e-05,5.5e-06,1.90526e-07,3.2428e-05,3.26848e-09,4.77173e-09,0.002,0.00807754,0.0270742,0.619,0.0506878,0.0283242,401.713,191859,64.7199,30910.3,0.265342,0.997226
10,1,50,200,0.01,1 GHz,0.0335178,0.0161551,0.0171551,5.5e-05,5.5e-06,1.90526e-07,3.2428e-05,3.26848e-09,4.77173e-09,0.002,0.00807754,0.00270742,0.619,0.0506878,0.00875099,38.3455,191859,6.17785,30910.3,0.265342,0.999735
10,1,50,1000,0.001,1 MHz (plan spec),33.5178,0.0161551,0.0171551,5.5e-05,5.5e-06,1.90526e-07,3.2428e-05,3.26848e-09,4.77173e-09,0.01,0.000807754,2.70742,0.619,0.0509966,2.70744,3.67042e+06,191859,591342,30910.3,0.265342,9.4823e-12
10,1,50,1000,0.001,100 MHz,0.335178,0.0161551,0.0171551,5.5e-05,5.5e-06,1.90526e-07,3.2428e-05,3.26848e-09,4.77173e-09,0.01,0.000807754,0.0270742,0.619,0.0509966,0.0288733,417.438,191859,67.2534,30910.3,0.265342,0.997118
10,1,50,1000,0.001,1 GHz,0.0335178,0.0161551,0.0171551,5.5e-05,5.5e-06,1.90526e-07,3.2428e-05,3.26848e-09,4.77173e-09,0.01,0.000807754,0.00270742,0.619,0.0509966,0.0103916,54.0712,191859,8.71141,30910.3,0.265342,0.999626
10,1,50,1000,0.01,1 MHz (plan spec),33.5178,0.0161551,0.0171551,5.5e-05,5.5e-06,1.90526e-07,3.2428e-05,3.26848e-09,4.77173e-09,0.01,0.00807754,2.70742,0.619,0.0516261,2.70745,3.67046e+06,191859,591347,30910.3,0.265342,9.48018e-12
10,1,50,1000,0.01,100 MHz,0.335178,0.0161551,0.0171551,5.5e-05,5.5e-06,1.90526e-07,3.2428e-05,3.26848e-09,4.77173e-09,0.01,0.00807754,0.0270742,0.619,0.0516261,0.029971,449.782,191859,72.4644,30910.3,0.265342,0.996895
10,1,50,1000,0.01,1 GHz,0.0335178,0.0161551,0.0171551,5.5e-05,5.5e-06,1.90526e-07,3.2428e-05,3.26848e-09,4.77173e-09,0.01,0.00807754,0.00270742,0.619,0.0516261,0.013137,86.4152,191859,13.9224,30910.3,0.265342,0.999403
10,1,100,50,0.001,1 MHz (plan spec),33.5178,0.0161551,0.0171551,5.5e-05,5.5e-06,1.90526e-07,3.2428e-05,3.26848e-09,4.77173e-09,0.0005,0.00161551,5.41483,0.619,0.100014,5.41483,1.46815e+07,191859,2.36534e+06,30910.3,0.265342,8.09571e-45
10,1,100,50,0.001,100 MHz,0.335178,0.0161551,0.0171551,5.5e-05,5.5e-06,1.90526e-07,3.2428e-05,3.26848e-09,4.77173e-09,0.0005,0.00161551,0.0541483,0.619,0.100014,0.0541748,1469.58,191859,236.764,30910.3,0.265342,0.989889
10,1,100,50,0.001,1 GHz,0.0335178,0.0161551,0.0171551,5.5e-05,5.5e-06,1.90526e-07,3.2428e-05,3.26848e-09,4.77173e-09,0.0005,0.00161551,0.00541483,0.619,0.100014,0.00567303,16.115,191859,2.59629,30910.3,0.265342,0.999889
10,1,100,50,0.01,1 MHz (plan spec),33.5178,0.0161551,0.0171551,5.5e-05,5.5e-06,1.90526e-07,3.2428e-05,3.26848e-09,4.77173e-09,0.0005,0.0161551,5.41483,0.619,0.101298,5.41486,1.46816e+07,191859,2.36536e+06,30910.3,0.265342,8.08847e-45
10,1,100,50,0.01,100 MHz,0.335178,0.0161551,0.0171551,5.5e-05,5.5e-06,1.90526e-07,3.2428e-05,3.26848e-09,4.77173e-09,0.0005,0.0161551,0.0541483,0.619,0.101298,0.0565091,1598.96,191859,257.608,30910.3,0.265342,0.989004
10,1,100,50,0.01,1 GHz,0.0335178,0.0161551,0.0171551,5.5e-05,5.5e-06,1.90526e-07,3.2428e-05,3.26848e-09,4.77173e-09,0.0005,0.0161551,0.00541483,0.619,0.101298,0.0170458,145.491,191859,23.4401,30910.3,0.265342,0.998994
10,1,100,200,0.001,1 MHz (plan spec),33.5178,0.0161551,0.0171551,5.5e-05,5.5e-06,1.90526e-07,3.2428e-05,3.26848e-09,4.77173e-09,0.002,0.00161551,5.41483,0.619,0.100033,5.41483,1.46815e+07,191859,2.36534e+06,30910.3,0.265342,8.09561e-45
10,1,100,200,0.001,100 MHz,0.335178,0.0161551,0.0171551,5.5e-05,5.5e-06,1.90526e-07,3.2428e-05,3.26848e-09,4.77173e-09,0.002,0.00161551,0.0541483,0.619,0.100033,0.0542094,1471.46,191859,237.067,30910.3,0.265342,0.989876
10,1,100,200,0.001,1 GHz,0.0335178,0.0161551,0.0171551,5.5e-05,5.5e-06,1.90526e-07,3.2428e-05,3.26848e-09,4.77173e-09,0.002,0.00161551,0.00541483,0.619,0.100033,0.00599444,17.9927,191859,2.89881,30910.3,0.265342,0.999876
10,1,100,200,0.01,1 MHz (plan spec),33.5178,0.0161551,0.0171551,5.5e-05,5.5e-06,1.90526e-07,3.2428e-05,3.26848e-09,4.77173e-09,0.002,0.0161551,5.41483,0.619,0.101316,5.41486,1.46816e+07,191859,2.36536e+06,30910.3,0.265342,8.08837e-45
10,1,100,200,0.01,100 MHz,0.335178,0.0161551,0.0171551,5.5e-05,5.5e-06,1.90526e-07,3.2428e-05,3.26848e-09,4.77173e-09,0.002,0.0161551,0.0541483,0.619,0.101316,0.0565423,1600.84,191859,257.911,30910.3,0.265342,0.988991
10,1,100,200,0.01,1 GHz,0.0335178,0.0161551,0.0171551,5.5e-05,5.5e-06,1.90526e-07,3.2428e-05,3.26848e-09,4.77173e-09,0.002,0.0161551,0.00541483,0.619,0.101316,0.0171555,147.369,191859,23.7426,30910.3,0.265342,0.998981
10,1,100,1000,0.001,1 MHz (plan spec),33.5178,0.0161551,0.0171551,5.5e-05,5.5e-06,1.90526e-07,3.2428e-05,3.26848e-09,4.77173e-09,0.01,0.00161551,5.41483,0.619,0.100512,5.41484,1.46815e+07,191859,2.36534e+06,30910.3,0.265342,8.09292e-45
10,1,100,1000,0.001,100 MHz,0.335178,0.0161551,0.0171551,5.5e-05,5.5e-06,1.90526e-07,3.2428e-05,3.26848e-09,4.77173e-09,0.01,0.00161551,0.0541483,0.619,0.100512,0.0550877,1519.53,191859,244.811,30910.3,0.265342,0.989547
10,1,100,1000,0.001,1 GHz,0.0335178,0.0161551,0.0171551,5.5e-05,5.5e-06,1.90526e-07,3.2428e-05,3.26848e-09,4.77173e-09,0.01,0.00161551,0.00541483,0.619,0.100512,0.0114862,66.0624,191859,10.6433,30910.3,0.265342,0.999543
10,1,100,1000,0.01,1 MHz (plan spec),33.5178,0.0161551,0.0171551,5.5e-05,5.5e-06,1.90526e-07,3.2428e-05,3.26848e-09,4.77173e-09,0.01,0.0161551,5.41483,0.619,0.101789,5.41487,1.46817e+07,191859,2.36536e+06,30910.3,0.265342,8.08568e-45
10,1,100,1000,0.01,100 MHz,0.335178,0.0161551,0.0171551,5.5e-05,5.5e-06,1.90526e-07,3.2428e-05,3.26848e-09,4.77173e-09,0.01,0.0161551,0.0541483,0.619,0.101789,0.0573849,1648.91,191859,265.655,30910.3,0.265342,0.988662
10,1,100,1000,0.01,1 GHz,0.0335178,0.0161551,0.0171551,5.5e-05,5.5e-06,1.90526e-07,3.2428e-05,3.26848e-09,4.77173e-09,0.01,0.0161551,0.00541483,0.619,0.101789,0.0197563,195.439,191859,31.4871,30910.3,0.265342,0.998649
10,5,1,50,0.001,1 MHz (plan spec),33.5178,0.0161551,0.0211551,5.5e-05,5.5e-06,1.90526e-07,3.2428e-05,4.03059e-09,7.25637e-09,0.0005,1.61551e-05,0.0541483,3.095,0.00502526,0.0541507,1468.28,4.79647e+06,236.554,772759,3.93695e-15,0.989898
10,5,1,50,0.001,100 MHz,0.335178,0.0161551,0.0211551,5.5e-05,5.5e-06,1.90526e-07,3.2428e-05,4.03059e-09,7.25637e-09,0.0005,1.61551e-05,0.000541483,3.095,0.00502526,0.00073925,0.273642,4.79647e+06,0.0440864,772759,3.93695e-15,0.999998
10,5,1,50,0.001,1 GHz,0.0335178,0.0161551,0.0211551,5.5e-05,5.5e-06,1.90526e-07,3.2428e-05,4.03059e-09,7.25637e-09,0.0005,1.61551e-05,5.41483e-05,3.095,0.00502526,0.00050618,0.128295,4.79647e+06,0.0206696,772759,3.93695e-15,0.999999
10,5,1,50,0.01,1 MHz (plan spec),33.5178,0.0161551,0.0211551,5.5e-05,5.5e-06,1.90526e-07,3.2428e-05,4.03059e-09,7.25637e-09,0.0005,0.000161551,0.0541483,3.095,0.00502783,0.0541509,1468.29,4.79647e+06,236.556,772759,3.93695e-15,0.989898
10,5,1,50,0.01,100 MHz,0.335178,0.0161551,0.0211551,5.5e-05,5.5e-06,1.90526e-07,3.2428e-05,4.03059e-09,7.25637e-09,0.0005,0.000161551,0.000541483,3.095,0.00502783,0.000756524,0.286579,4.79647e+06,0.0461708,772759,3.93695e-15,0.999998
10,5,1,50,0.01,1 GHz,0.0335178,0.0161551,0.0211551,5.5e-05,5.5e-06,1.90526e-07,3.2428e-05,4.03059e-09,7.25637e-09,0.0005,0.000161551,5.41483e-05,3.095,0.00502783,0.000531089,0.141233,4.79647e+06,0.022754,772759,3.93695e-15,0.999999
10,5,1,200,0.001,1 MHz (plan spec),33.5178,0.0161551,0.0211551,5.5e-05,5.5e-06,1.90526e-07,3.2428e-05,4.03059e-09,7.25637e-09,0.002,1.61551e-05,0.0541483,3.095,0.00538547,0.0541853,1470.15,4.79647e+06,236.856,772759,3.93695e-15,0.989885
10,5,1,200,0.001,100 MHz,0.335178,0.0161551,0.0211551,5.5e-05,5.5e-06,1.90526e-07,3.2428e-05,4.03059e-09,7.25637e-09,0.002,1.61551e-05,0.000541483,3.095,0.00538547,0.0020728,2.15136,4.79647e+06,0.346606,772759,3.93695e-15,0.999985
10,5,1,200,0.001,1 GHz,0.0335178,0.0161551,0.0211551,5.5e-05,5.5e-06,1.90526e-07,3.2428e-05,4.03059e-09,7.25637e-09,0.002,1.61551e-05,5.41483e-05,3.095,0.00538547,0.00200155,2.00602,4.79647e+06,0.323189,772759,3.93695e-15,0.999986
10,5,1,200,0.01,1 MHz (plan spec),33.5178,0.0161551,0.0211551,5.5e-05,5.5e-06,1.90526e-07,3.2428e-05,4.03059e-09,7.25637e-09,0.002,0.000161551,0.0541483,3.095,0.00538787,0.0541855,1470.17,4.79647e+06,236.859,772759,3.93695e-15,0.989885
10,5,1,200,0.01,100 MHz,0.335178,0.0161551,0.0211551,5.5e-05,5.5e-06,1.90526e-07,3.2428e-05,4.03059e-09,7.25637e-09,0.002,0.000161551,0.000541483,3.095,0.00538787,0.00207902,2.1643,4.79647e+06,0.348691,772759,3.93695e-15,0.999985
10,5,1,200,0.01,1 GHz,0.0335178,0.0161551,0.0211551,5.5e-05,5.5e-06,1.90526e-07,3.2428e-05,4.03059e-09,7.25637e-09,0.002,0.000161551,5.41483e-05,3.095,0.00538787,0.002008,2.01896,4.79647e+06,0.325274,772759,3.93695e-15,0.999986
10,5,1,1000,0.001,1 MHz (plan spec),33.5178,0.0161551,0.0211551,5.5e-05,5.5e-06,1.90526e-07,3.2428e-05,4.03059e-09,7.25637e-09,0.01,1.61551e-05,0.0541483,3.095,0.0111805,0.055064,1518.22,4.79647e+06,244.601,772759,3.93695e-15,0.989556
10,5,1,1000,0.001,100 MHz,0.335178,0.0161551,0.0211551,5.5e-05,5.5e-06,1.90526e-07,3.2428e-05,4.03059e-09,7.25637e-09,0.01,1.61551e-05,0.000541483,3.095,0.0111805,0.0100148,50.2211,4.79647e+06,8.09111,772759,3.93695e-15,0.999653
10,5,1,1000,0.001,1 GHz,0.0335178,0.0161551,0.0211551,5.5e-05,5.5e-06,1.90526e-07,3.2428e-05,4.03059e-09,7.25637e-09,0.01,1.61551e-05,5.41483e-05,3.095,0.0111805,0.0100003,50.0757,4.79647e+06,8.0677,772759,3.93695e-15,0.999654
10,5,1,1000,0.01,1 MHz (plan spec),33.5178,0.0161551,0.0211551,5.5e-05,5.5e-06,1.90526e-07,3.2428e-05,4.03059e-09,7.25637e-09,0.01,0.000161551,0.0541483,3.095,0.0111816,0.0550642,1518.24,4.79647e+06,244.603,772759,3.93695e-15,0.989556
10,5,1,1000,0.01,100 MHz,0.335178,0.0161551,0.0211551,5.5e-05,5.5e-06,1.90526e-07,3.2428e-05,4.03059e-09,7.25637e-09,0.01,0.000161551,0.000541483,3.095,0.0111816,0.0100161,50.234,4.79647e+06,8.0932,772759,3.93695e-15,0.999653
10,5,1,1000,0.01,1 GHz,0.0335178,0.0161551,0.0211551,5.5e-05,5.5e-06,1.90526e-07,3.2428e-05,4.03059e-09,7.25637e-09,0.01,0.000161551,5.41483e-05,3.095,0.0111816,0.0100016,50.0887,4.79647e+06,8.06978,772759,3.93695e-15,0.999654
10,5,10,50,0.001,1 MHz (plan spec),33.5178,0.0161551,0.0211551,5.5e-05,5.5e-06,1.90526e-07,3.2428e-05,4.03059e-09,7.25637e-09,0.0005,0.000161551,0.541483,3.095,0.0500028,0.541484,146815,4.79647e+06,23653.4,772759,3.93695e-15,0.362312
10,5,10,50,0.001,100 MHz,0.335178,0.0161551,0.0211551,5.5e-05,5.5e-06,1.90526e-07,3.2428e-05,4.03059e-09,7.25637e-09,0.0005,0.000161551,0.00541483,3.095,0.0500028,0.00544055,14.8213,4.79647e+06,2.38785,772759,3.93695e-15,0.999898
10,5,10,50,0.001,1 GHz,0.0335178,0.0161551,0.0211551,5.5e-05,5.5e-06,1.90526e-07,3.2428e-05,4.03059e-09,7.25637e-09,0.0005,0.000161551,0.000541483,3.095,0.0500028,0.000756524,0.286579,4.79647e+06,0.0461708,772759,3.93695e-15,0.999998
10,5,10,50,0.01,1 MHz (plan spec),33.5178,0.0161551,0.0211551,5.5e-05,5.5e-06,1.90526e-07,3.2428e-05,4.03059e-09,7.25637e-09,0.0005,0.00161551,0.541483,3.095,0.0500286,0.541486,146816,4.79647e+06,23653.6,772759,3.93695e-15,0.362308
10,5,10,50,0.01,100 MHz,0.335178,0.0161551,0.0211551,5.5e-05,5.5e-06,1.90526e-07,3.2428e-05,4.03059e-09,7.25637e-09,0.0005,0.00161551,0.00541483,3.095,0.0500286,0.00567303,16.115,4.79647e+06,2.59629,772759,3.93695e-15,0.999889
10,5,10,50,0.01,1 GHz,0.0335178,0.0161551,0.0211551,5.5e-05,5.5e-06,1.90526e-07,3.2428e-05,4.03059e-09,7.25637e-09,0.0005,0.00161551,0.000541483,3.095,0.0500286,0.00177654,1.58034,4.79647e+06,0.254609,772759,3.93695e-15,0.999989
10,5,10,200,0.001,1 MHz (plan spec),33.5178,0.0161551,0.0211551,5.5e-05,5.5e-06,1.90526e-07,3.2428e-05,4.03059e-09,7.25637e-09,0.002,0.000161551,0.541483,3.095,0.0500403,0.541487,146817,4.79647e+06,23653.7,772759,3.93695e-15,0.362307
10,5,10,200,0.001,100 MHz,0.335178,0.0161551,0.0211551,5.5e-05,5.5e-06,1.90526e-07,3.2428e-05,4.03059e-09,7.25637e-09,0.002,0.000161551,0.00541483,3.095,0.0500403,0.00577491,16.699,4.79647e+06,2.69037,772759,3.93695e-15,0.999885
10,5,10,200,0.001,1 GHz,0.0335178,0.0161551,0.0211551,5.5e-05,5.5e-06,1.90526e-07,3.2428e-05,4.03059e-09,7.25637e-09,0.002,0.000161551,0.000541483,3.095,0.0500403,0.00207902,2.1643,4.79647e+06,0.348691,772759,3.93695e-15,0.999985
10,5,10,200,0.01,1 MHz (plan spec),33.5178,0.0161551,0.0211551,5.5e-05,5.5e-06,1.90526e-07,3.2428e-05,4.03059e-09,7.25637e-09,0.002,0.00161551,0.541483,3.095,0.0500661,0.541489,146818,4.79647e+06,23653.9,772759,3.93695e-15,0.362304
10,5,10,200,0.01,100 MHz,0.335178,0.0161551,0.0211551,5.5e-05,5.5e-06,1.90526e-07,3.2428e-05,4.03059e-09,7.25637e-09,0.002,0.00161551,0.00541483,3.095,0.0500661,0.00599444,17.9927,4.79647e+06,2.89881,772759,3.93695e-15,0.999876
10,5,10,200,0.01,1 GHz,0.0335178,0.0161551,0.0211551,5.5e-05,5.5e-06,1.90526e-07,3.2428e-05,4.03059e-09,7.25637e-09,0.002,0.00161551,0.000541483,3.095,0.0500661,0.00262795,3.45806,4.79647e+06,0.557128,772759,3.93695e-15,0.999976
10,5,10,1000,0.001,1 MHz (plan spec),33.5178,0.0161551,0.0211551,5.5e-05,5.5e-06,1.90526e-07,3.2428e-05,4.03059e-09,7.25637e-09,0.01,0.000161551,0.541483,3.095,0.0509905,0.541576,146865,4.79647e+06,23661.4,772759,3.93695e-15,0.362186
10,5,10,1000,0.001,100 MHz,0.335178,0.0161551,0.0211551,5.5e-05,5.5e-06,1.90526e-07,3.2428e-05,4.03059e-09,7.25637e-09,0.01,0.000161551,0.00541483,3.095,0.0509905,0.0113732,64.7687,4.79647e+06,10.4349,772759,3.93695e-15,0.999552
10,5,10,1000,0.001,1 GHz,0.0335178,0.0161551,0.0211551,5.5e-05,5.5e-06,1.90526e-07,3.2428e-05,4.03059e-09,7.25637e-09,0.01,0.000161551,0.000541483,3.095,0.0509905,0.0100161,50.234,4.79647e+06,8.0932,772759,3.93695e-15,0.999653
10,5,10,1000,0.01,1 MHz (plan spec),33.5178,0.0161551,0.0211551,5.5e-05,5.5e-06,1.90526e-07,3.2428e-05,4.03059e-09,7.25637e-09,0.01,0.00161551,0.541483,3.095,0.0510158,0.541578,146866,4.79647e+06,23661.6,772759,3.93695e-15,0.362183
10,5,10,1000,0.01,100 MHz,0.335178,0.0161551,0.0211551,5.5e-05,5.5e-06,1.90526e-07,3.2428e-05,4.03059e-09,7.25637e-09,0.01,0.00161551,0.00541483,3.095,0.0510158,0.0114862,66.0624,4.79647e+06,10.6433,772759,3.93695e-15,0.999543
10,5,10,1000,0.01,1 GHz,0.0335178,0.0161551,0.0211551,5.5e-05,5.5e-06,1.90526e-07,3.2428e-05,4.03059e-09,7.25637e-09,0.01,0.00161551,0.000541483,3.095,0.0510158,0.0101443,51.5278,4.79647e+06,8.30163,772759,3.93695e-15,0.999644
10,5,50,50,0.001,1 MHz (plan spec),33.5178,0.0161551,0.0211551,5.5e-05,5.5e-06,1.90526e-07,3.2428e-05,4.03059e-09,7.25637e-09,0.0005,0.000807754,2.70742,3.095,0.250002,2.70742,3.67037e+06,4.79647e+06,591334,772759,3.93695e-15,9.48557e-12
10,5,50,50,0.001,100 MHz,0.335178,0.0161551,0.0211551,5.5e-05,5.5e-06,1.90526e-07,3.2428e-05,4.03059e-09,7.25637e-09,0.0005,0.000807754,0.0270742,3.095,0.250002,0.0270909,367.491,4.79647e+06,59.2064,772759,3.93695e-15,0.997462
10,5,50,50,0.001,1 GHz,0.0335178,0.0161551,0.0211551,5.5e-05,5.5e-06,1.90526e-07,3.2428e-05,4.03059e-09,7.25637e-09,0.0005,0.000807754,0.00270742,3.095,0.250002,0.00286977,4.12378,4.79647e+06,0.664382,772759,3.93695e-15,0.999971
10,5,50,50,0.01,1 MHz (plan spec),33.5178,0.0161551,0.0211551,5.5e-05,5.5e-06,1.90526e-07,3.2428e-05,4.03059e-09,7.25637e-09,0.0005,0.00807754,2.70742,3.095,0.250131,2.70743,3.67041e+06,4.79647e+06,591339,772759,3.93695e-15,9.48345e-12
10,5,50,50,0.01,100 MHz,0.335178,0.0161551,0.0211551,5.5e-05,5.5e-06,1.90526e-07,3.2428e-05,4.03059e-09,7.25637e-09,0.0005,0.00807754,0.0270742,3.095,0.250131,0.0282579,399.835,4.79647e+06,64.4174,772759,3.93695e-15,0.997239
10,5,50,50,0.01,1 GHz,0.0335178,0.0161551,0.0211551,5.5e-05,5.5e-06,1.90526e-07,3.2428e-05,4.03059e-09,7.25637e-09,0.0005,0.00807754,0.00270742,3.095,0.250131,0.00853404,36.4678,4.79647e+06,5.87533,772759,3.93695e-15,0.999748
10,5,50,200,0.001,1 MHz (plan spec),33.5178,0.0161551,0.0211551,5.5e-05,5.5e-06,1.90526e-07,3.2428e-05,4.03059e-09,7.25637e-09,0.002,0.000807754,2.70742,3.095,0.250009,2.70742,3.67038e+06,4.79647e+06,591334,772759,3.93695e-15,9.48545e-12
10,5,50,200,0.001,100 MHz,0.335178,0.0161551,0.0211551,5.5e-05,5.5e-06,1.90526e-07,3.2428e-05,4.03059e-09,7.25637e-09,0.002,0.000807754,0.0270742,3.095,0.250009,0.02716,369.368,4.79647e+06,59.5089,772759,3.93695e-15,0.997449
10,5,50,200,0.001,1 GHz,0.0335178,0.0161551,0.0211551,5.5e-05,5.5e-06,1.90526e-07,3.2428e-05,4.03059e-09,7.25637e-09,0.002,0.000807754,0.00270742,3.095,0.250009,0.00346202,6.0015,4.79647e+06,0.966901,772759,3.93695e-15,0.999958
10,5,50,200,0.01,1 MHz (plan spec),33.5178,0.0161551,0.0211551,5.5e-05,5.5e-06,1.90526e-07,3.2428e-05,4.03059e-09,7.25637e-09,0.002,0.00807754,2.70742,3.095,0.250138,2.70743,3.67041e+06,4.79647e+06,591339,772759,3.93695e-15,9.48333e-12
10,5,50,200,0.01,100 MHz,0.335178,0.0161551,0.0211551,5.5e-05,5.5e-06,1.90526e-07,3.2428e-05,4.03059e-09,7.25637e-09,0.002,0.00807754,0.0270742,3.095,0.250138,0.0283242,401.713,4.79647e+06,64.7199,772759,3.93695e-15,0.997226
10,5,50,200,0.01,1 GHz,0.0335178,0.0161551,0.0211551,5.5e-05,5.5e-06,1.90526e-07,3.2428e-05,4.03059e-09,7.25637e-09,0.002,0.00807754,0.00270742,3.095,0.250138,0.00875099,38.3455,4.79647e+06,6.17785,772759,3.93695e-15,0.999735
10,5,50,1000,0.001,1 MHz (plan spec),33.5178,0.0161551,0.0211551,5.5e-05,5.5e-06,1.90526e-07,3.2428e-05,4.03059e-09,7.25637e-09,0.01,0.000807754,2.70742,3.095,0.250201,2.70744,3.67042e+06,4.79647e+06,591342,772759,3.93695e-15,9.4823e-12
10,5,50,1000,0.001,100 MHz,0.335178,0.0161551,0.0211551,5.5e-05,5.5e-06,1.90526e-07,3.2428e-05,4.03059e-09,7.25637e-09,0.01,0.000807754,0.0270742,3.095,0.250201,0.0288733,417.438,4.79647e+06,67.2534,772759,3.93695e-15,0.997118
10,5,50,1000,0.001,1 GHz,0.0335178,0.0161551,0.0211551,5.5e-05,5.5e-06,1.90526e-07,3.2428e-05,4.03059e-09,7.25637e-09,0.01,0.000807754,0.00270742,3.095,0.250201,0.0103916,54.0712,4.79647e+06,8.71141,772759,3.93695e-15,0.999626
10,5,50,1000,0.01,1 MHz (plan spec),33.5178,0.0161551,0.0211551,5.5e-05,5.5e-06,1.90526e-07,3.2428e-05,4.03059e-09,7.25637e-09,0.01,0.00807754,2.70742,3.095,0.25033,2.70745,3.67046e+06,4.79647e+06,591347,772759,3.93695e-15,9.48018e-12
10,5,50,1000,0.01,100 MHz,0.335178,0.0161551,0.0211551,5.5e-05,5.5e-06,1.90526e-07,3.2428e-05,4.03059e-09,7.25637e-09,0.01,0.00807754,0.0270742,3.095,0.25033,0.029971,449.782,4.79647e+06,72.4644,772759,3.93695e-15,0.996895
10,5,50,1000,0.01,1 GHz,0.0335178,0.0161551,0.0211551,5.5e-05,5.5e-06,1.90526e-07,3.2428e-05,4.03059e-09,7.25637e-09,0.01,0.00807754,0.00270742,3.095,0.25033,0.013137,86.4152,4.79647e+06,13.9224,772759,3.93695e-15,0.999403
10,5,100,50,0.001,1 MHz (plan spec),33.5178,0.0161551,0.0211551,5.5e-05,5.5e-06,1.90526e-07,3.2428e-05,4.03059e-09,7.25637e-09,0.0005,0.00161551,5.41483,3.095,0.500003,5.41483,1.46815e+07,4.79647e+06,2.36534e+06,772759,3.93695e-15,8.09571e-45
10,5,100,50,0.001,100 MHz,0.335178,0.0161551,0.0211551,5.5e-05,5.5e-06,1.90526e-07,3.2428e-05,4.03059e-09,7.25637e-09,0.0005,0.00161551,0.0541483,3.095,0.500003,0.0541748,1469.58,4.79647e+06,236.764,772759,3.93695e-15,0.989889
10,5,100,50,0.001,1 GHz,0.0335178,0.0161551,0.0211551,5.5e-05,5.5e-06,1.90526e-07,3.2428e-05,4.03059e-09,7.25637e-09,0.0005,0.00161551,0.00541483,3.095,0.500003,0.00567303,16.115,4.79647e+06,2.59629,772759,3.93695e-15,0.999889
10,5,100,50,0.01,1 MHz (plan spec),33.5178,0.0161551,0.0211551,5.5e-05,5.5e-06,1.90526e-07,3.2428e-05,4.03059e-09,7.25637e-09,0.0005,0.0161551,5.41483,3.095,0.500261,5.41486,1.46816e+07,4.79647e+06,2.36536e+06,772759,3.93695e-15,8.08847e-45
10,5,100,50,0.01,100 MHz,0.335178,0.0161551,0.0211551,5.5e-05,5.5e-06,1.90526e-07,3.2428e-05,4.03059e-09,7.25637e-09,0.0005,0.0161551,0.0541483,3.095,0.500261,0.0565091,1598.96,4.79647e+06,257.608,772759,3.93695e-15,0.989004
10,5,100,50,0.01,1 GHz,0.0335178,0.0161551,0.0211551,5.5e-05,5.5e-06,1.90526e-07,3.2428e-05,4.03059e-09,7.25637e-09,0.0005,0.0161551,0.00541483,3.095,0.500261,0.0170458,145.491,4.79647e+06,23.4401,772759,3.93695e-15,0.998994
10,5,100,200,0.001,1 MHz (plan spec),33.5178,0.0161551,0.0211551,5.5e-05,5.5e-06,1.90526e-07,3.2428e-05,4.03059e-09,7.25637e-09,0.002,0.00161551,5.41483,3.095,0.500007,5.41483,1.46815e+07,4.79647e+06,2.36534e+06,772759,3.93695e-15,8.09561e-45
10,5,100,200,0.001,100 MHz,0.335178,0.0161551,0.0211551,5.5e-05,5.5e-06,1.90526e-07,3.2428e-05,4.03059e-09,7.25637e-09,0.002,0.00161551,0.0541483,3.095,0.500007,0.0542094,1471.46,4.79647e+06,237.067,772759,3.93695e-15,0.989876
10,5,100,200,0.001,1 GHz,0.0335178,0.0161551,0.0211551,5.5e-05,5.5e-06,1.90526e-07,3.2428e-05,4.03059e-09,7.25637e-09,0.002,0.00161551,0.00541483,3.095,0.500007,0.00599444,17.9927,4.79647e+06,2.89881,772759,3.93695e-15,0.999876
10,5,100,200,0.01,1 MHz (plan spec),33.5178,0.0161551,0.0211551,5.5e-05,5.5e-06,1.90526e-07,3.2428e-05,4.03059e-09,7.25637e-09,0.002,0.0161551,5.41483,3.095,0.500265,5.41486,1.46816e+07,4.79647e+06,2.36536e+06,772759,3.93695e-15,8.08837e-45
10,5,100,200,0.01,100 MHz,0.335178,0.0161551,0.0211551,5.5e-05,5.5e-06,1.90526e-07,3.2428e-05,4.03059e-09,7.25637e-09,0.002,0.0161551,0.0541483,3.095,0.500265,0.0565423,1600.84,4.79647e+06,257.911,772759,3.93695e-15,0.988991
10,5,100,200,0.01,1 GHz,0.0335178,0.0161551,0.0211551,5.5e-05,5.5e-06,1.90526e-07,3.2428e-05,4.03059e-09,7.25637e-09,0.002,0.0161551,0.00541483,3.095,0.500265,0.0171555,147.369,4.79647e+06,23.7426,772759,3.93695e-15,0.998981
10,5,100,1000,0.001,1 MHz (plan spec),33.5178,0.0161551,0.0211551,5.5e-05,5.5e-06,1.90526e-07,3.2428e-05,4.03059e-09,7.25637e-09,0.01,0.00161551,5.41483,3.095,0.500103,5.41484,1.46815e+07,4.79647e+06,2.36534e+06,772759,3.93695e-15,8.09292e-45
10,5,100,1000,0.001,100 MHz,0.335178,0.0161551,0.0211551,5.5e-05,5.5e-06,1.90526e-07,3.2428e-05,4.03059e-09,7.25637e-09,0.01,0.00161551,0.0541483,3.095,0.500103,0.0550877,1519.53,4.79647e+06,244.811,772759,3.93695e-15,0.989547
10,5,100,1000,0.001,1 GHz,0.0335178,0.0161551,0.0211551,5.5e-05,5.5e-06,1.90526e-07,3.2428e-05,4.03059e-09,7.25637e-09,0.01,0.00161551,0.00541483,3.095,0.500103,0.0114862,66.0624,4.79647e+06,10.6433,772759,3.93695e-15,0.999543
10,5,100,1000,0.01,1 MHz (plan spec),33.5178,0.0161551,0.0211551,5.5e-05,5.5e-06,1.90526e-07,3.2428e-05,4.03059e-09,7.25637e-09,0.01,0.0161551,5.41483,3.095,0.500361,5.41487,1.46817e+07,4.79647e+06,2.36536e+06,772759,3.93695e-15,8.08568e-45
10,5,100,1000,0.01,100 MHz,0.335178,0.0161551,0.0211551,5.5e-05,5.5e-06,1.90526e-07,3.2428e-05,4.03059e-09,7.25637e-09,0.01,0.0161551,0.0541483,3.095,0.500361,0.0573849,1648.91,4.79647e+06,265.655,772759,3.93695e-15,0.988662
10,5,100,1000,0.01,1 GHz,0.0335178,0.0161551,0.0211551,5.5e-05,5.5e-06,1.90526e-07,3.2428e-05,4.03059e-09,7.25637e-09,0.01,0.0161551,0.00541483,3.095,0.500361,0.0197563,195.439,4.79647e+06,31.4871,772759,3.93695e-15,0.998649
10,10,1,50,0.001,1 MHz (plan spec),33.5178,0.0161551,0.0261551,5.5e-05,5.5e-06,1.90526e-07,3.2428e-05,4.98321e-09,1.10918e-08,0.0005,1.61551e-05,0.0541483,6.19,0.0100127,0.0541507,1468.28,1.91859e+07,236.554,3.09103e+06,2.40238e-58,0.989898
10,10,1,50,0.001,100 MHz,0.335178,0.0161551,0.0261551,5.5e-05,5.5e-06,1.90526e-07,3.2428e-05,4.98321e-09,1.10918e-08,0.0005,1.61551e-05,0.000541483,6.19,0.0100127,0.00073925,0.273642,1.91859e+07,0.0440864,3.09103e+06,2.40238e-58,0.999998
10,10,1,50,0.001,1 GHz,0.0335178,0.0161551,0.0261551,5.5e-05,5.5e-06,1.90526e-07,3.2428e-05,4.98321e-09,1.10918e-08,0.0005,1.61551e-05,5.41483e-05,6.19,0.0100127,0.00050618,0.128295,1.91859e+07,0.0206696,3.09103e+06,2.40238e-58,0.999999
10,10,1,50,0.01,1 MHz (plan spec),33.5178,0.0161551,0.0261551,5.5e-05,5.5e-06,1.90526e-07,3.2428e-05,4.98321e-09,1.10918e-08,0.0005,0.000161551,0.0541483,6.19,0.0100139,0.0541509,1468.29,1.91859e+07,236.556,3.09103e+06,2.40238e-58,0.989898
10,10,1,50,0.01,100 MHz,0.335178,0.0161551,0.0261551,5.5e-05,5.5e-06,1.90526e-07,3.2428e-05,4.98321e-09,1.10918e-08,0.0005,0.000161551,0.000541483,6.19,0.0100139,0.000756524,0.286579,1.91859e+07,0.0461708,3.09103e+06,2.40238e-58,0.999998
10,10,1,50,0.01,1 GHz,0.0335178,0.0161551,0.0261551,5.5e-05,5.5e-06,1.90526e-07,3.2428e-05,4.98321e-09,1.10918e-08,0.0005,0.000161551,5.41483e-05,6.19,0.0100139,0.000531089,0.141233,1.91859e+07,0.022754,3.09103e+06,2.40238e-58,0.999999
10,10,1,200,0.001,1 MHz (plan spec),33.5178,0.0161551,0.0261551,5.5e-05,5.5e-06,1.90526e-07,3.2428e-05,4.98321e-09,1.10918e-08,0.002,1.61551e-05,0.0541483,6.19,0.0101982,0.0541853,1470.15,1.91859e+07,236.856,3.09103e+06,2.40238e-58,0.989885
10,10,1,200,0.001,100 MHz,0.335178,0.0161551,0.0261551,5.5e-05,5.5e-06,1.90526e-07,3.2428e-05,4.98321e-09,1.10918e-08,0.002,1.61551e-05,0.000541483,6.19,0.0101982,0.0020728,2.15136,1.91859e+07,0.346606,3.09103e+06,2.40238e-58,0.999985
10,10,1,200,0.001,1 GHz,0.0335178,0.0161551,0.0261551,5.5e-05,5.5e-06,1.90526e-07,3.2428e-05,4.98321e-09,1.10918e-08,0.002,1.61551e-05,5.41483e-05,6.19,0.0101982,0.00200155,2.00602,1.91859e+07,0.323189,3.09103e+06,2.40238e-58,0.999986
10,10,1,200,0.01,1 MHz (plan spec),33.5178,0.0161551,0.0261551,5.5e-05,5.5e-06,1.90526e-07,3.2428e-05,4.98321e-09,1.10918e-08,0.002,0.000161551,0.0541483,6.19,0.0101995,0.0541855,1470.17,1.91859e+07,236.859,3.09103e+06,2.40238e-58,0.989885
10,10,1,200,0.01,100 MHz,0.335178,0.0161551,0.0261551,5.5e-05,5.5e-06,1.90526e-07,3.2428e-05,4.98321e-09,1.10918e-08,0.002,0.000161551,0.000541483,6.19,0.0101995,0.00207902,2.1643,1.91859e+07,0.348691,3.09103e+06,2.40238e-58,0.999985
10,10,1,200,0.01,1 GHz,0.0335178,0.0161551,0.0261551,5.5e-05,5.5e-06,1.90526e-07,3.2428e-05,4.98321e-09,1.10918e-08,0.002,0.000161551,5.41483e-05,6.19,0.0101995,0.002008,2.01896,1.91859e+07,0.325274,3.09103e+06,2.40238e-58,0.999986
10,10,1,1000,0.001,1 MHz (plan spec),33.5178,0.0161551,0.0261551,5.5e-05,5.5e-06,1.90526e-07,3.2428e-05,4.98321e-09,1.10918e-08,0.01,1.61551e-05,0.0541483,6.19,0.0141423,0.055064,1518.22,1.91859e+07,244.601,3.09103e+06,2.40238e-58,0.989556
10,10,1,1000,0.001,100 MHz,0.335178,0.0161551,0.0261551,5.5e-05,5.5e-06,1.90526e-07,3.2428e-05,4.98321e-09,1.10918e-08,0.01,1.61551e-05,0.000541483,6.19,0.0141423,0.0100148,50.2211,1.91859e+07,8.09111,3.09103e+06,2.40238e-58,0.999653
10,10,1,1000,0.001,1 GHz,0.0335178,0.0161551,0.0261551,5.5e-05,5.5e-06,1.90526e-07,3.2428e-05,4.98321e-09,1.10918e-08,0.01,1.61551e-05,5.41483e-05,6.19,0.0141423,0.0100003,50.0757,1.91859e+07,8.0677,3.09103e+06,2.40238e-58,0.999654
10,10,1,1000,0.01,1 MHz (plan spec),33.5178,0.0161551,0.0261551,5.5e-05,5.5e-06,1.90526e-07,3.2428e-05,4.98321e-09,1.10918e-08,0.01,0.000161551,0.0541483,6.19,0.0141432,0.0550642,1518.24,1.91859e+07,244.603,3.09103e+06,2.40238e-58,0.989556
10,10,1,1000,0.01,100 MHz,0.335178,0.0161551,0.0261551,5.5e-05,5.5e-06,1.90526e-07,3.2428e-05,4.98321e-09,1.10918e-08,0.01,0.000161551,0.000541483,6.19,0.0141432,0.0100161,50.234,1.91859e+07,8.0932,3.09103e+06,2.40238e-58,0.999653
10,10,1,1000,0.01,1 GHz,0.0335178,0.0161551,0.0261551,5.5e-05,5.5e-06,1.90526e-07,3.2428e-05,4.98321e-09,1.10918e-08,0.01,0.000161551,5.41483e-05,6.19,0.0141432,0.0100016,50.0887,1.91859e+07,8.06978,3.09103e+06,2.40238e-58,0.999654
10,10,10,50,0.001,1 MHz (plan spec),33.5178,0.0161551,0.0261551,5.5e-05,5.5e-06,1.90526e-07,3.2428e-05,4.98321e-09,1.10918e-08,0.0005,0.000161551,0.541483,6.19,0.100001,0.541484,146815,1.91859e+07,23653.4,3.09103e+06,2.40238e-58,0.362312
10,10,10,50,0.001,100 MHz,0.335178,0.0161551,0.0261551,5.5e-05,5.5e-06,1.90526e-07,3.2428e-05,4.98321e-09,1.10918e-08,0.0005,0.000161551,0.00541483,6.19,0.100001,0.00544055,14.8213,1.91859e+07,2.38785,3.09103e+06,2.40238e-58,0.999898
10,10,10,50,0.001,1 GHz,0.0335178,0.0161551,0.0261551,5.5e-05,5.5e-06,1.90526e-07,3.2428e-05,4.98321e-09,1.10918e-08,0.0005,0.000161551,0.000541483,6.19,0.100001,0.000756524,0.286579,1.91859e+07,0.0461708,3.09103e+06,2.40238e-58,0.999998
10,10,10,50,0.01,1 MHz (plan spec),33.5178,0.0161551,0.0261551,5.5e-05,5.5e-06,1.90526e-07,3.2428e-05,4.98321e-09,1.10918e-08,0.0005,0.00161551,0.541483,6.19,0.100014,0.541486,146816,1.91859e+07,23653.6,3.09103e+06,2.40238e-58,0.362308
10,10,10,50,0.01,100 MHz,0.335178,0.0161551,0.0261551,5.5e-05,5.5e-06,1.90526e-07,3.2428e-05,4.98321e-09,1.10918e-08,0.0005,0.00161551,0.00541483,6.19,0.100014,0.00567303,16.115,1.91859e+07,2.59629,3.09103e+06,2.40238e-58,0.999889
10,10,10,50,0.01,1 GHz,0.0335178,0.0161551,0.0261551,5.5e-05,5.5e-06,1.90526e-07,3.2428e-05,4.98321e-09,1.10918e-08,0.0005,0.00161551,0.000541483,6.19,0.100014,0.00177654,1.58034,1.91859e+07,0.254609,3.09103e+06,2.40238e-58,0.999989
10,10,10,200,0.001,1 MHz (plan spec),33.5178,0.0161551,0.0261551,5.5e-05,5.5e-06,1.90526e-07,3.2428e-05,4.98321e-09,1.10918e-08,0.002,0.000161551,0.541483,6.19,0.10002,0.541487,146817,1.91859e+07,23653.7,3.09103e+06,2.40238e-58,0.362307
10,10,10,200,0.001,100 MHz,0.335178,0.0161551,0.0261551,5.5e-05,5.5e-06,1.90526e-07,3.2428e-05,4.98321e-09,1.10918e-08,0.002,0.000161551,0.00541483,6.19,0.10002,0.00577491,16.699,1.91859e+07,2.69037,3.09103e+06,2.40238e-58,0.999885
10,10,10,200,0.001,1 GHz,0.0335178,0.0161551,0.0261551,5.5e-05,5.5e-06,1.90526e-07,3.2428e-05,4.98321e-09,1.10918e-08,0.002,0.000161551,0.000541483,6.19,0.10002,0.00207902,2.1643,1.91859e+07,0.348691,3.09103e+06,2.40238e-58,0.999985
10,10,10,200,0.01,1 MHz (plan spec),33.5178,0.0161551,0.0261551,5.5e-05,5.5e-06,1.90526e-07,3.2428e-05,4.98321e-09,1.10918e-08,0.002,0.00161551,0.541483,6.19,0.100033,0.541489,146818,1.91859e+07,23653.9,3.09103e+06,2.40238e-58,0.362304
10,10,10,200,0.01,100 MHz,0.335178,0.0161551,0.0261551,5.5e-05,5.5e-06,1.90526e-07,3.2428e-05,4.98321e-09,1.10918e-08,0.002,0.00161551,0.00541483,6.19,0.100033,0.00599444,17.9927,1.91859e+07,2.89881,3.09103e+06,2.40238e-58,0.999876
10,10,10,200,0.01,1 GHz,0.0335178,0.0161551,0.0261551,5.5e-05,5.5e-06,1.90526e-07,3.2428e-05,4.98321e-09,1.10918e-08,0.002,0.00161551,0.000541483,6.19,0.100033,0.00262795,3.45806,1.91859e+07,0.557128,3.09103e+06,2.40238e-58,0.999976
10,10,10,1000,0.001,1 MHz (plan spec),33.5178,0.0161551,0.0261551,5.5e-05,5.5e-06,1.90526e-07,3.2428e-05,4.98321e-09,1.10918e-08,0.01,0.000161551,0.541483,6.19,0.100499,0.541576,146865,1.91859e+07,23661.4,3.09103e+06,2.40238e-58,0.362186
10,10,10,1000,0.001,100 MHz,0.335178,0.0161551,0.0261551,5.5e-05,5.5e-06,1.90526e-07,3.2428e-05,4.98321e-09,1.10918e-08,0.01,0.000161551,0.00541483,6.19,0.100499,0.0113732,64.7687,1.91859e+07,10.4349,3.09103e+06,2.40238e-58,0.999552
10,10,10,1000,0.001,1 GHz,0.0335178,0.0161551,0.0261551,5.5e-05,5.5e-06,1.90526e-07,3.2428e-05,4.98321e-09,1.10918e-08,0.01,0.000161551,0.000541483,6.19,0.100499,0.0100161,50.234,1.91859e+07,8.0932,3.09103e+06,2.40238e-58,0.999653
10,10,10,1000,0.01,1 MHz (plan spec),33.5178,0.0161551,0.0261551,5.5e-05,5.5e-06,1.90526e-07,3.2428e-05,4.98321e-09,1.10918e-08,0.01,0.00161551,0.541483,6.19,0.100512,0.541578,146866,1.91859e+07,23661.6,3.09103e+06,2.40238e-58,0.362183
10,10,10,1000,0.01,100 MHz,0.335178,0.0161551,0.0261551,5.5e-05,5.5e-06,1.90526e-07,3.2428e-05,4.98321e-09,1.10918e-08,0.01,0.00161551,0.00541483,6.19,0.100512,0.0114862,66.0624,1.91859e+07,10.6433,3.09103e+06,2.40238e-58,0.999543
10,10,10,1000,0.01,1 GHz,0.0335178,0.0161551,0.0261551,5.5e-05,5.5e-06,1.90526e-07,3.2428e-05,4.98321e-09,1.10918e-08,0.01,0.00161551,0.000541483,6.19,0.100512,0.0101443,51.5278,1.91859e+07,8.30163,3.09103e+06,2.40238e-58,0.999644
10,10,50,50,0.001,1 MHz (plan spec),33.5178,0.0161551,0.0261551,5.5e-05,5.5e-06,1.90526e-07,3.2428e-05,4.98321e-09,1.10918e-08,0.0005,0.000807754,2.70742,6.19,0.500001,2.70742,3.67037e+06,1.91859e+07,591334,3.09103e+06,2.40238e-58,9.48557e-12
10,10,50,50,0.001,100 MHz,0.335178,0.0161551,0.0261551,5.5e-05,5.5e-06,1.90526e-07,3.2428e-05,4.98321e-09,1.10918e-08,0.0005,0.000807754,0.0270742,6.19,0.500001,0.0270909,367.491,1.91859e+07,59.2064,3.09103e+06,2.40238e-58,0.997462
10,10,50,50,0.001,1 GHz,0.0335178,0.0161551,0.0261551,5.5e-05,5.5e-06,1.90526e-07,3.2428e-05,4.98321e-09,1.10918e-08,0.0005,0.000807754,0.00270742,6.19,0.500001,0.00286977,4.12378,1.91859e+07,0.664382,3.09103e+06,2.40238e-58,0.999971
10,10,50,50,0.01,1 MHz (plan spec),33.5178,0.0161551,0.0261551,5.5e-05,5.5e-06,1.90526e-07,3.2428e-05,4.98321e-09,1.10918e-08,0.0005,0.00807754,2.70742,6.19,0.500065,2.70743,3.67041e+06,1.91859e+07,591339,3.09103e+06,2.40238e-58,9.48345e-12
10,10,50,50,0.01,100 MHz,0.335178,0.0161551,0.0261551,5.5e-05,5.5e-06,1.90526e-07,3.2428e-05,4.98321e-09,1.10918e-08,0.0005,0.00807754,0.0270742,6.19,0.500065,0.0282579,399.835,1.91859e+07,64.4174,3.09103e+06,2.40238e-58,0.997239
10,10,50,50,0.01,1 GHz,0.0335178,0.0161551,0.0261551,5.5e-05,5.5e-06,1.90526e-07,3.2428e-05,4.98321e-09,1.10918e-08,0.0005,0.00807754,0.00270742,6.19,0.500065,0.00853404,36.4678,1.91859e+07,5.87533,3.09103e+06,2.40238e-58,0.999748
10,10,50,200,0.001,1 MHz (plan spec),33.5178,0.0161551,0.0261551,5.5e-05,5.5e-06,1.90526e-07,3.2428e-05,4.98321e-09,1.10918e-08,0.002,0.000807754,2.70742,6.19,0.500005,2.70742,3.67038e+06,1.91859e+07,591334,3.09103e+06,2.40238e-58,9.48545e-12
10,10,50,200,0.001,100 MHz,0.335178,0.0161551,0.0261551,5.5e-05,5.5e-06,1.90526e-07,3.2428e-05,4.98321e-09,1.10918e-08,0.002,0.000807754,0.0270742,6.19,0.500005,0.02716,369.368,1.91859e+07,59.5089,3.09103e+06,2.40238e-58,0.997449
10,10,50,200,0.001,1 GHz,0.0335178,0.0161551,0.0261551,5.5e-05,5.5e-06,1.90526e-07,3.2428e-05,4.98321e-09,1.10918e-08,0.002,0.000807754,0.00270742,6.19,0.500005,0.00346202,6.0015,1.91859e+07,0.966901,3.09103e+06,2.40238e-58,0.999958
10,10,50,200,0.01,1 MHz (plan spec),33.5178,0.0161551,0.0261551,5.5e-05,5.5e-06,1.90526e-07,3.2428e-05,4.98321e-09,1.10918e-08,0.002,0.00807754,2.70742,6.19,0.500069,2.70743,3.67041e+06,1.91859e+07,591339,3.09103e+06,2.40238e-58,9.48333e-12
10,10,50,200,0.01,100 MHz,0.335178,0.0161551,0.0261551,5.5e-05,5.5e-06,1.90526e-07,3.2428e-05,4.98321e-09,1.10918e-08,0.002,0.00807754,0.0270742,6.19,0.500069,0.0283242,401.713,1.91859e+07,64.7199,3.09103e+06,2.40238e-58,0.997226
10,10,50,200,0.01,1 GHz,0.0335178,0.0161551,0.0261551,5.5e-05,5.5e-06,1.90526e-07,3.2428e-05,4.98321e-09,1.10918e-08,0.002,0.00807754,0.00270742,6.19,0.500069,0.00875099,38.3455,1.91859e+07,6.17785,3.09103e+06,2.40238e-58,0.999735
10,10,50,1000,0.001,1 MHz (plan spec),33.5178,0.0161551,0.0261551,5.5e-05,5.5e-06,1.90526e-07,3.2428e-05,4.98321e-09,1.10918e-08,0.01,0.000807754,2.70742,6.19,0.500101,2.70744,3.67042e+06,1.91859e+07,591342,3.09103e+06,2.40238e-58,9.4823e-12
10,10,50,1000,0.001,100 MHz,0.335178,0.0161551,0.0261551,5.5e-05,5.5e-06,1.90526e-07,3.2428e-05,4.98321e-09,1.10918e-08,0.01,0.000807754,0.0270742,6.19,0.500101,0.0288733,417.438,1.91859e+07,67.2534,3.09103e+06,2.40238e-58,0.997118
10,10,50,1000,0.001,1 GHz,0.0335178,0.0161551,0.0261551,5.5e-05,5.5e-06,1.90526e-07,3.2428e-05,4.98321e-09,1.10918e-08,0.01,0.000807754,0.00270742,6.19,0.500101,0.0103916,54.0712,1.91859e+07,8.71141,3.09103e+06,2.40238e-58,0.999626
10,10,50,1000,0.01,1 MHz (plan spec),33.5178,0.0161551,0.0261551,5.5e-05,5.5e-06,1.90526e-07,3.2428e-05,4.98321e-09,1.10918e-08,0.01,0.00807754,2.70742,6.19,0.500165,2.70745,3.67046e+06,1.91859e+07,591347,3.09103e+06,2.40238e-58,9.48018e-12
10,10,50,1000,0.01,100 MHz,0.335178,0.0161551,0.0261551,5.5e-05,5.5e-06,1.90526e-07,3.2428e-05,4.98321e-09,1.10918e-08,0.01,0.00807754,0.0270742,6.19,0.500165,0.029971,449.782,1.91859e+07,72.4644,3.09103e+06,2.40238e-58,0.996895
10,10,50,1000,0.01,1 GHz,0.0335178,0.0161551,0.0261551,5.5e-05,5.5e-06,1.90526e-07,3.2428e-05,4.98321e-09,1.10918e-08,0.01,0.00807754,0.00270742,6.19,0.500165,0.013137,86.4152,1.91859e+07,13.9224,3.09103e+06,2.40238e-58,0.999403
10,10,100,50,0.001,1 MHz (plan spec),33.5178,0.0161551,0.0261551,5.5e-05,5.5e-06,1.90526e-07,3.2428e-05,4.98321e-09,1.10918e-08,0.0005,0.00161551,5.41483,6.19,1,5.41483,1.46815e+07,1.91859e+07,2.36534e+06,3.09103e+06,2.40238e-58,8.09571e-45
10,10,100,50,0.001,100 MHz,0.335178,0.0161551,0.0261551,5.5e-05,5.5e-06,1.90526e-07,3.2428e-05,4.98321e-09,1.10918e-08,0.0005,0.00161551,0.0541483,6.19,1,0.0541748,1469.58,1.91859e+07,236.764,3.09103e+06,2.40238e-58,0.989889
10,10,100,50,0.001,1 GHz,0.0335178,0.0161551,0.0261551,5.5e-05,5.5e-06,1.90526e-07,3.2428e-05,4.98321e-09,1.10918e-08,0.0005,0.00161551,0.00541483,6.19,1,0.00567303,16.115,1.91859e+07,2.59629,3.09103e+06,2.40238e-58,0.999889
10,10,100,50,0.01,1 MHz (plan spec),33.5178,0.0161551,0.0261551,5.5e-05,5.5e-06,1.90526e-07,3.2428e-05,4.98321e-09,1.10918e-08,0.0005,0.0161551,5.41483,6.19,1.00013,5.41486,1.46816e+07,1.91859e+07,2.36536e+06,3.09103e+06,2.40238e-58,8.08847e-45
10,10,100,50,0.01,100 MHz,0.335178,0.0161551,0.0261551,5.5e-05,5.5e-06,1.90526e-07,3.2428e-05,4.98321e-09,1.10918e-08,0.0005,0.0161551,0.0541483,6.19,1.00013,0.0565091,1598.96,1.91859e+07,257.608,3.09103e+06,2.40238e-58,0.989004
10,10,100,50,0.01,1 GHz,0.0335178,0.0161551,0.0261551,5.5e-05,5.5e-06,1.90526e-07,3.2428e-05,4.98321e-09,1.10918e-08,0.0005,0.0161551,0.00541483,6.19,1.00013,0.0170458,145.491,1.91859e+07,23.4401,3.09103e+06,2.40238e-58,0.998994
10,10,100,200,0.001,1 MHz (plan spec),33.5178,0.0161551,0.0261551,5.5e-05,5.5e-06,1.90526e-07,3.2428e-05,4.98321e-09,1.10918e-08,0.002,0.00161551,5.41483,6.19,1,5.41483,1.46815e+07,1.91859e+07,2.36534e+06,3.09103e+06,2.40238e-58,8.09561e-45
10,10,100,200,0.001,100 MHz,0.335178,0.0161551,0.0261551,5.5e-05,5.5e-06,1.90526e-07,3.2428e-05,4.98321e-09,1.10918e-08,0.002,0.00161551,0.0541483,6.19,1,0.0542094,1471.46,1.91859e+07,237.067,3.09103e+06,2.40238e-58,0.989876
10,10,100,200,0.001,1 GHz,0.0335178,0.0161551,0.0261551,5.5e-05,5.5e-06,1.90526e-07,3.2428e-05,4.98321e-09,1.10918e-08,0.002,0.00161551,0.00541483,6.19,1,0.00599444,17.9927,1.91859e+07,2.89881,3.09103e+06,2.40238e-58,0.999876
10,10,100,200,0.01,1 MHz (plan spec),33.5178,0.0161551,0.0261551,5.5e-05,5.5e-06,1.90526e-07,3.2428e-05,4.98321e-09,1.10918e-08,0.002,0.0161551,5.41483,6.19,1.00013,5.41486,1.46816e+07,1.91859e+07,2.36536e+06,3.09103e+06,2.40238e-58,8.08837e-45
10,10,100,200,0.01,100 MHz,0.335178,0.0161551,0.0261551,5.5e-05,5.5e-06,1.90526e-07,3.2428e-05,4.98321e-09,1.10918e-08,0.002,0.0161551,0.0541483,6.19,1.00013,0.0565423,1600.84,1.91859e+07,257.911,3.09103e+06,2.40238e-58,0.988991
10,10,100,200,0.01,1 GHz,0.0335178,0.0161551,0.0261551,5.5e-05,5.5e-06,1.90526e-07,3.2428e-05,4.98321e-09,1.10918e-08,0.002,0.0161551,0.00541483,6.19,1.00013,0.0171555,147.369,1.91859e+07,23.7426,3.09103e+06,2.40238e-58,0.998981
10,10,100,1000,0.001,1 MHz (plan spec),33.5178,0.0161551,0.0261551,5.5e-05,5.5e-06,1.90526e-07,3.2428e-05,4.98321e-09,1.10918e-08,0.01,0.00161551,5.41483,6.19,1.00005,5.41484,1.46815e+07,1.91859e+07,2.36534e+06,3.09103e+06,2.40238e-58,8.09292e-45
10,10,100,1000,0.001,100 MHz,0.335178,0.0161551,0.0261551,5.5e-05,5.5e-06,1.90526e-07,3.2428e-05,4.98321e-09,1.10918e-08,0.01,0.00161551,0.0541483,6.19,1.00005,0.0550877,1519.53,1.91859e+07,244.811,3.09103e+06,2.40238e-58,0.989547
10,10,100,1000,0.001,1 GHz,0.0335178,0.0161551,0.0261551,5.5e-05,5.5e-06,1.90526e-07,3.2428e-05,4.98321e-09,1.10918e-08,0.01,0.00161551,0.00541483,6.19,1.00005,0.0114862,66.0624,1.91859e+07,10.6433,3.09103e+06,2.40238e-58,0.999543
10,10,100,1000,0.01,1 MHz (plan spec),33.5178,0.0161551,0.0261551,5.5e-05,5.5e-06,1.90526e-07,3.2428e-05,4.98321e-09,1.10918e-08,0.01,0.0161551,5.41483,6.19,1.00018,5.41487,1.46817e+07,1.91859e+07,2.36536e+06,3.09103e+06,2.40238e-58,8.08568e-45
10,10,100,1000,0.01,100 MHz,0.335178,0.0161551,0.0261551,5.5e-05,5.5e-06,1.90526e-07,3.2428e-05,4.98321e-09,1.10918e-08,0.01,0.0161551,0.0541483,6.19,1.00018,0.0573849,1648.91,1.91859e+07,265.655,3.09103e+06,2.40238e-58,0.988662
10,10,100,1000,0.01,1 GHz,0.0335178,0.0161551,0.0261551,5.5e-05,5.5e-06,1.90526e-07,3.2428e-05,4.98321e-09,1.10918e-08,0.01,0.0161551,0.00541483,6.19,1.00018,0.0197563,195.439,1.91859e+07,31.4871,3.09103e+06,2.40238e-58,0.998649
10,50,1,50,0.001,1 MHz (plan spec),33.5178,0.0161551,0.0661551,5.5e-05,5.5e-06,1.90526e-07,3.2428e-05,1.26042e-08,7.09605e-08,0.0005,1.61551e-05,0.0541483,30.95,0.0500025,0.0541507,1468.28,4.79647e+08,236.554,7.72759e+07,0,0.989898
10,50,1,50,0.001,100 MHz,0.335178,0.0161551,0.0661551,5.5e-05,5.5e-06,1.90526e-07,3.2428e-05,1.26042e-08,7.09605e-08,0.0005,1.61551e-05,0.000541483,30.95,0.0500025,0.00073925,0.273642,4.79647e+08,0.0440864,7.72759e+07,0,0.999998
10,50,1,50,0.001,1 GHz,0.0335178,0.0161551,0.0661551,5.5e-05,5.5e-06,1.90526e-07,3.2428e-05,1.26042e-08,7.09605e-08,0.0005,1.61551e-05,5.41483e-05,30.95,0.0500025,0.00050618,0.128295,4.79647e+08,0.0206696,7.72759e+07,0,0.999999
10,50,1,50,0.01,1 MHz (plan spec),33.5178,0.0161551,0.0661551,5.5e-05,5.5e-06,1.90526e-07,3.2428e-05,1.26042e-08,7.09605e-08,0.0005,0.000161551,0.0541483,30.95,0.0500028,0.0541509,1468.29,4.79647e+08,236.556,7.72759e+07,0,0.989898
10,50,1,50,0.01,100 MHz,0.335178,0.0161551,0.0661551,5.5e-05,5.5e-06,1.90526e-07,3.2428e-05,1.26042e-08,7.09605e-08,0.0005,0.000161551,0.000541483,30.95,0.0500028,0.000756524,0.286579,4.79647e+08,0.0461708,7.72759e+07,0,0.999998
10,50,1,50,0.01,1 GHz,0.0335178,0.0161551,0.0661551,5.5e-05,5.5e-06,1.90526e-07,3.2428e-05,1.26042e-08,7.09605e-08,0.0005,0.000161551,5.41483e-05,30.95,0.0500028,0.000531089,0.141233,4.79647e+08,0.022754,7.72759e+07,0,0.999999
10,50,1,200,0.001,1 MHz (plan spec),33.5178,0.0161551,0.0661551,5.5e-05,5.5e-06,1.90526e-07,3.2428e-05,1.26042e-08,7.09605e-08,0.002,1.61551e-05,0.0541483,30.95,0.05004,0.0541853,1470.15,4.79647e+08,236.856,7.72759e+07,0,0.989885
10,50,1,200,0.001,100 MHz,0.335178,0.0161551,0.0661551,5.5e-05,5.5e-06,1.90526e-07,3.2428e-05,1.26042e-08,7.09605e-08,0.002,1.61551e-05,0.000541483,30.95,0.05004,0.0020728,2.15136,4.79647e+08,0.346606,7.72759e+07,0,0.999985
10,50,1,200,0.001,1 GHz,0.0335178,0.0161551,0.0661551,5.5e-05,5.5e-06,1.90526e-07,3.2428e-05,1.26042e-08,7.09605e-08,0.002,1.61551e-05,5.41483e-05,30.95,0.05004,0.00200155,2.00602,4.79647e+08,0.323189,7.72759e+07,0,0.999986
10,50,1,200,0.01,1 MHz (plan spec),33.5178,0.0161551,0.0661551,5.5e-05,5.5e-06,1.90526e-07,3.2428e-05,1.26042e-08,7.09605e-08,0.002,0.000161551,0.0541483,30.95,0.0500403,0.0541855,1470.17,4.79647e+08,236.859,7.72759e+07,0,0.989885
10,50,1,200,0.01,100 MHz,0.335178,0.0161551,0.0661551,5.5e-05,5.5e-06,1.90526e-07,3.2428e-05,1.26042e-08,7.09605e-08,0.002,0.000161551,0.000541483,30.95,0.0500403,0.00207902,2.1643,4.79647e+08,0.348691,7.72759e+07,0,0.999985
10,50,1,200,0.01,1 GHz,0.0335178,0.0161551,0.0661551,5.5e-05,5.5e-06,1.90526e-07,3.2428e-05,1.26042e-08,7.09605e-08,0.002,0.000161551,5.41483e-05,30.95,0.0500403,0.002008,2.01896,4.79647e+08,0.325274,7.72759e+07,0,0.999986
10,50,1,1000,0.001,1 MHz (plan spec),33.5178,0.0161551,0.0661551,5.5e-05,5.5e-06,1.90526e-07,3.2428e-05,1.26042e-08,7.09605e-08,0.01,1.61551e-05,0.0541483,30.95,0.0509902,0.055064,1518.22,4.79647e+08,244.601,7.72759e+07,0,0.989556
10,50,1,1000,0.001,100 MHz,0.335178,0.0161551,0.0661551,5.5e-05,5.5e-06,1.90526e-07,3.2428e-05,1.26042e-08,7.09605e-08,0.01,1.61551e-05,0.000541483,30.95,0.0509902,0.0100148,50.2211,4.79647e+08,8.09111,7.72759e+07,0,0.999653
10,50,1,1000,0.001,1 GHz,0.0335178,0.0161551,0.0661551,5.5e-05,5.5e-06,1.90526e-07,3.2428e-05,1.26042e-08,7.09605e-08,0.01,1.61551e-05,5.41483e-05,30.95,0.0509902,0.0100003,50.0757,4.79647e+08,8.0677,7.72759e+07,0,0.999654
10,50,1,1000,0.01,1 MHz (plan spec),33.5178,0.0161551,0.0661551,5.5e-05,5.5e-06,1.90526e-07,3.2428e-05,1.26042e-08,7.09605e-08,0.01,0.000161551,0.0541483,30.95,0.0509905,0.0550642,1518.24,4.79647e+08,244.603,7.72759e+07,0,0.989556
10,50,1,1000,0.01,100 MHz,0.335178,0.0161551,0.0661551,5.5e-05,5.5e-06,1.90526e-07,3.2428e-05,1.26042e-08,7.09605e-08,0.01,0.000161551,0.000541483,30.95,0.0509905,0.0100161,50.234,4.79647e+08,8.0932,7.72759e+07,0,0.999653
10,50,1,1000,0.01,1 GHz,0.0335178,0.0161551,0.0661551,5.5e-05,5.5e-06,1.90526e-07,3.2428e-05,1.26042e-08,7.09605e-08,0.01,0.000161551,5.41483e-05,30.95,0.0509905,0.0100016,50.0887,4.79647e+08,8.06978,7.72759e+07,0,0.999654
10,50,10,50,0.001,1 MHz (plan spec),33.5178,0.0161551,0.0661551,5.5e-05,5.5e-06,1.90526e-07,3.2428e-05,1.26042e-08,7.09605e-08,0.0005,0.000161551,0.541483,30.95,0.5,0.541484,146815,4.79647e+08,23653.4,7.72759e+07,0,0.362312
10,50,10,50,0.001,100 MHz,0.335178,0.0161551,0.0661551,5.5e-05,5.5e-06,1.90526e-07,3.2428e-05,1.26042e-08,7.09605e-08,0.0005,0.000161551,0.00541483,30.95,0.5,0.00544055,14.8213,4.79647e+08,2.38785,7.72759e+07,0,0.999898
10,50,10,50,0.001,1 GHz,0.0335178,0.0161551,0.0661551,5.5e-05,5.5e-06,1.90526e-07,3.2428e-05,1.26042e-08,7.09605e-08,0.0005,0.000161551,0.000541483,30.95,0.5,0.000756524,0.286579,4.79647e+08,0.0461708,7.72759e+07,0,0.999998
10,50,10,50,0.01,1 MHz (plan spec),33.5178,0.0161551,0.0661551,5.5e-05,5.5e-06,1.90526e-07,3.2428e-05,1.26042e-08,7.09605e-08,0.0005,0.00161551,0.541483,30.95,0.500003,0.541486,146816,4.79647e+08,23653.6,7.72759e+07,0,0.362308
10,50,10,50,0.01,100 MHz,0.335178,0.0161551,0.0661551,5.5e-05,5.5e-06,1.90526e-07,3.2428e-05,1.26042e-08,7.09605e-08,0.0005,0.00161551,0.00541483,30.95,0.500003,0.00567303,16.115,4.79647e+08,2.59629,7.72759e+07,0,0.999889
10,50,10,50,0.01,1 GHz,0.0335178,0.0161551,0.0661551,5.5e-05,5.5e-06,1.90526e-07,3.2428e-05,1.26042e-08,7.09605e-08,0.0005,0.00161551,0.000541483,30.95,0.500003,0.00177654,1.58034,4.79647e+08,0.254609,7.72759e+07,0,0.999989
10,50,10,200,0.001,1 MHz (plan spec),33.5178,0.0161551,0.0661551,5.5e-05,5.5e-06,1.90526e-07,3.2428e-05,1.26042e-08,7.09605e-08,0.002,0.000161551,0.541483,30.95,0.500004,0.541487,146817,4.79647e+08,23653.7,7.72759e+07,0,0.362307
10,50,10,200,0.001,100 MHz,0.335178,0.0161551,0.0661551,5.5e-05,5.5e-06,1.90526e-07,3.2428e-05,1.26042e-08,7.09605e-08,0.002,0.000161551,0.00541483,30.95,0.500004,0.00577491,16.699,4.79647e+08,2.69037,7.72759e+07,0,0.999885
10,50,10,200,0.001,1 GHz,0.0335178,0.0161551,0.0661551,5.5e-05,5.5e-06,1.90526e-07,3.2428e-05,1.26042e-08,7.09605e-08,0.002,0.000161551,0.000541483,30.95,0.500004,0.00207902,2.1643,4.79647e+08,0.348691,7.72759e+07,0,0.999985
10,50,10,200,0.01,1 MHz (plan spec),33.5178,0.0161551,0.0661551,5.5e-05,5.5e-06,1.90526e-07,3.2428e-05,1.26042e-08,7.09605e-08,0.002,0.00161551,0.541483,30.95,0.500007,0.541489,146818,4.79647e+08,23653.9,7.72759e+07,0,0.362304
10,50,10,200,0.01,100 MHz,0.335178,0.0161551,0.0661551,5.5e-05,5.5e-06,1.90526e-07,3.2428e-05,1.26042e-08,7.09605e-08,0.002,0.00161551,0.00541483,30.95,0.500007,0.00599444,17.9927,4.79647e+08,2.89881,7.72759e+07,0,0.999876
10,50,10,200,0.01,1 GHz,0.0335178,0.0161551,0.0661551,5.5e-05,5.5e-06,1.90526e-07,3.2428e-05,1.26042e-08,7.09605e-08,0.002,0.00161551,0.000541483,30.95,0.500007,0.00262795,3.45806,4.79647e+08,0.557128,7.72759e+07,0,0.999976
10,50,10,1000,0.001,1 MHz (plan spec),33.5178,0.0161551,0.0661551,5.5e-05,5.5e-06,1.90526e-07,3.2428e-05,1.26042e-08,7.09605e-08,0.01,0.000161551,0.541483,30.95,0.5001,0.541576,146865,4.79647e+08,23661.4,7.72759e+07,0,0.362186
10,50,10,1000,0.001,100 MHz,0.335178,0.0161551,0.0661551,5.5e-05,5.5e-06,1.90526e-07,3.2428e-05,1.26042e-08,7.09605e-08,0.01,0.000161551,0.00541483,30.95,0.5001,0.0113732,64.7687,4.79647e+08,10.4349,7.72759e+07,0,0.999552
10,50,10,1000,0.001,1 GHz,0.0335178,0.0161551,0.0661551,5.5e-05,5.5e-06,1.90526e-07,3.2428e-05,1.26042e-08,7.09605e-08,0.01,0.000161551,0.000541483,30.95,0.5001,0.0100161,50.234,4.79647e+08,8.0932,7.72759e+07,0,0.999653
10,50,10,1000,0.01,1 MHz (plan spec),33.5178,0.0161551,0.0661551,5.5e-05,5.5e-06,1.90526e-07,3.2428e-05,1.26042e-08,7.09605e-08,0.01,0.00161551,0.541483,30.95,0.500103,0.541578,146866,4.79647e+08,23661.6,7.72759e+07,0,0.362183
10,50,10,1000,0.01,100 MHz,0.335178,0.0161551,0.0661551,5.5e-05,5.5e-06,1.90526e-07,3.2428e-05,1.26042e-08,7.09605e-08,0.01,0.00161551,0.00541483,30.95,0.500103,0.0114862,66.0624,4.79647e+08,10.6433,7.72759e+07,0,0.999543
10,50,10,1000,0.01,1 GHz,0.0335178,0.0161551,0.0661551,5.5e-05,5.5e-06,1.90526e-07,3.2428e-05,1.26042e-08,7.09605e-08,0.01,0.00161551,0.000541483,30.95,0.500103,0.0101443,51.5278,4.79647e+08,8.30163,7.72759e+07,0,0.999644
10,50,50,50,0.001,1 MHz (plan spec),33.5178,0.0161551,0.0661551,5.5e-05,5.5e-06,1.90526e-07,3.2428e-05,1.26042e-08,7.09605e-08,0.0005,0.000807754,2.70742,30.95,2.5,2.70742,3.67037e+06,4.79647e+08,591334,7.72759e+07,0,9.48557e-12
10,50,50,50,0.001,100 MHz,0.335178,0.0161551,0.0661551,5.5e-05,5.5e-06,1.90526e-07,3.2428e-05,1.26042e-08,7.09605e-08,0.0005,0.000807754,0.0270742,30.95,2.5,0.0270909,367.491,4.79647e+08,59.2064,7.72759e+07,0,0.997462
10,50,50,50,0.001,1 GHz,0.0335178,0.0161551,0.0661551,5.5e-05,5.5e-06,1.90526e-07,3.2428e-05,1.26042e-08,7.09605e-08,0.0005,0.000807754,0.00270742,30.95,2.5,0.00286977,4.12378,4.79647e+08,0.664382,7.72759e+07,0,0.999971
10,50,50,50,0.01,1 MHz (plan spec),33.5178,0.0161551,0.0661551,5.5e-05,5.5e-06,1.90526e-07,3.2428e-05,1.26042e-08,7.09605e-08,0.0005,0.00807754,2.70742,30.95,2.50001,2.70743,3.67041e+06,4.79647e+08,591339,7.72759e+07,0,9.48345e-12
10,50,50,50,0.01,100 MHz,0.335178,0.0161551,0.0661551,5.5e-05,5.5e-06,1.90526e-07,3.2428e-05,1.26042e-08,7.09605e-08,0.0005,0.00807754,0.0270742,30.95,2.50001,0.0282579,399.835,4.79647e+08,64.4174,7.72759e+07,0,0.997239
10,50,50,50,0.01,1 GHz,0.0335178,0.0161551,0.0661551,5.5e-05,5.5e-06,1.90526e-07,3.2428e-05,1.26042e-08,7.09605e-08,0.0005,0.00807754,0.00270742,30.95,2.50001,0.00853404,36.4678,4.79647e+08,5.87533,7.72759e+07,0,0.999748
10,50,50,200,0.001,1 MHz (plan spec),33.5178,0.0161551,0.0661551,5.5e-05,5.5e-06,1.90526e-07,3.2428e-05,1.26042e-08,7.09605e-08,0.002,0.000807754,2.70742,30.95,2.5,2.70742,3.67038e+06,4.79647e+08,591334,7.72759e+07,0,9.48545e-12
10,50,50,200,0.001,100 MHz,0.335178,0.0161551,0.0661551,5.5e-05,5.5e-06,1.90526e-07,3.2428e-05,1.26042e-08,7.09605e-08,0.002,0.000807754,0.0270742,30.95,2.5,0.02716,369.368,4.79647e+08,59.5089,7.72759e+07,0,0.997449
10,50,50,200,0.001,1 GHz,0.0335178,0.0161551,0.0661551,5.5e-05,5.5e-06,1.90526e-07,3.2428e-05,1.26042e-08,7.09605e-08,0.002,0.000807754,0.00270742,30.95,2.5,0.00346202,6.0015,4.79647e+08,0.966901,7.72759e+07,0,0.999958
10,50,50,200,0.01,1 MHz (plan spec),33.5178,0.0161551,0.0661551,5.5e-05,5.5e-06,1.90526e-07,3.2428e-05,1.26042e-08,7.09605e-08,0.002,0.00807754,2.70742,30.95,2.50001,2.70743,3.67041e+06,4.79647e+08,591339,7.72759e+07,0,9.48333e-12
10,50,50,200,0.01,100 MHz,0.335178,0.0161551,0.0661551,5.5e-05,5.5e-06,1.90526e-07,3.2428e-05,1.26042e-08,7.09605e-08,0.002,0.00807754,0.0270742,30.95,2.50001,0.0283242,401.713,4.79647e+08,64.7199,7.72759e+07,0,0.997226
10,50,50,200,0.01,1 GHz,0.0335178,0.0161551,0.0661551,5.5e-05,5.5e-06,1.90526e-07,3.2428e-05,1.26042e-08,7.09605e-08,0.002,0.00807754,0.00270742,30.95,2.50001,0.00875099,38.3455,4.79647e+08,6.17785,7.72759e+07,0,0.999735
10,50,50,1000,0.001,1 MHz (plan spec),33.5178,0.0161551,0.0661551,5.5e-05,5.5e-06,1.90526e-07,3.2428e-05,1.26042e-08,7.09605e-08,0.01,0.000807754,2.70742,30.95,2.50002,2.70744,3.67042e+06,4.79647e+08,591342,7.72759e+07,0,9.4823e-12
10,50,50,1000,0.001,100 MHz,0.335178,0.0161551,0.0661551,5.5e-05,5.5e-06,1.90526e-07,3.2428e-05,1.26042e-08,7.09605e-08,0.01,0.000807754,0.0270742,30.95,2.50002,0.0288733,417.438,4.79647e+08,67.2534,7.72759e+07,0,0.997118
10,50,50,1000,0.001,1 GHz,0.0335178,0.0161551,0.0661551,5.5e-05,5.5e-06,1.90526e-07,3.2428e-05,1.26042e-08,7.09605e-08,0.01,0.000807754,0.00270742,30.95,2.50002,0.0103916,54.0712,4.79647e+08,8.71141,7.72759e+07,0,0.999626
10,50,50,1000,0.01,1 MHz (plan spec),33.5178,0.0161551,0.0661551,5.5e-05,5.5e-06,1.90526e-07,3.2428e-05,1.26042e-08,7.09605e-08,0.01,0.00807754,2.70742,30.95,2.50003,2.70745,3.67046e+06,4.79647e+08,591347,7.72759e+07,0,9.48018e-12
10,50,50,1000,0.01,100 MHz,0.335178,0.0161551,0.0661551,5.5e-05,5.5e-06,1.90526e-07,3.2428e-05,1.26042e-08,7.09605e-08,0.01,0.00807754,0.0270742,30.95,2.50003,0.029971,449.782,4.79647e+08,72.4644,7.72759e+07,0,0.996895
10,50,50,1000,0.01,1 GHz,0.0335178,0.0161551,0.0661551,5.5e-05,5.5e-06,1.90526e-07,3.2428e-05,1.26042e-08,7.09605e-08,0.01,0.00807754,0.00270742,30.95,2.50003,0.013137,86.4152,4.79647e+08,13.9224,7.72759e+07,0,0.999403
10,50,100,50,0.001,1 MHz (plan spec),33.5178,0.0161551,0.0661551,5.5e-05,5.5e-06,1.90526e-07,3.2428e-05,1.26042e-08,7.09605e-08,0.0005,0.00161551,5.41483,30.95,5,5.41483,1.46815e+07,4.79647e+08,2.36534e+06,7.72759e+07,0,8.09571e-45
10,50,100,50,0.001,100 MHz,0.335178,0.0161551,0.0661551,5.5e-05,5.5e-06,1.90526e-07,3.2428e-05,1.26042e-08,7.09605e-08,0.0005,0.00161551,0.0541483,30.95,5,0.0541748,1469.58,4.79647e+08,236.764,7.72759e+07,0,0.989889
10,50,100,50,0.001,1 GHz,0.0335178,0.0161551,0.0661551,5.5e-05,5.5e-06,1.90526e-07,3.2428e-05,1.26042e-08,7.09605e-08,0.0005,0.00161551,0.00541483,30.95,5,0.00567303,16.115,4.79647e+08,2.59629,7.72759e+07,0,0.999889
10,50,100,50,0.01,1 MHz (plan spec),33.5178,0.0161551,0.0661551,5.5e-05,5.5e-06,1.90526e-07,3.2428e-05,1.26042e-08,7.09605e-08,0.0005,0.0161551,5.41483,30.95,5.00003,5.41486,1.46816e+07,4.79647e+08,2.36536e+06,7.72759e+07,0,8.08847e-45
10,50,100,50,0.01,100 MHz,0.335178,0.0161551,0.0661551,5.5e-05,5.5e-06,1.90526e-07,3.2428e-05,1.26042e-08,7.09605e-08,0.0005,0.0161551,0.0541483,30.95,5.00003,0.0565091,1598.96,4.79647e+08,257.608,7.72759e+07,0,0.989004
10,50,100,50,0.01,1 GHz,0.0335178,0.0161551,0.0661551,5.5e-05,5.5e-06,1.90526e-07,3.2428e-05,1.26042e-08,7.09605e-08,0.0005,0.0161551,0.00541483,30.95,5.00003,0.0170458,145.491,4.79647e+08,23.4401,7.72759e+07,0,0.998994
10,50,100,200,0.001,1 MHz (plan spec),33.5178,0.0161551,0.0661551,5.5e-05,5.5e-06,1.90526e-07,3.2428e-05,1.26042e-08,7.09605e-08,0.002,0.00161551,5.41483,30.95,5,5.41483,1.46815e+07,4.79647e+08,2.36534e+06,7.72759e+07,0,8.09561e-45
10,50,100,200,0.001,100 MHz,0.335178,0.0161551,0.0661551,5.5e-05,5.5e-06,1.90526e-07,3.2428e-05,1.26042e-08,7.09605e-08,0.002,0.00161551,0.0541483,30.95,5,0.0542094,1471.46,4.79647e+08,237.067,7.72759e+07,0,0.989876
10,50,100,200,0.001,1 GHz,0.0335178,0.0161551,0.0661551,5.5e-05,5.5e-06,1.90526e-07,3.2428e-05,1.26042e-08,7.09605e-08,0.002,0.00161551,0.00541483,30.95,5,0.00599444,17.9927,4.79647e+08,2.89881,7.72759e+07,0,0.999876
10,50,100,200,0.01,1 MHz (plan spec),33.5178,0.0161551,0.0661551,5.5e-05,5.5e-06,1.90526e-07,3.2428e-05,1.26042e-08,7.09605e-08,0.002,0.0161551,5.41483,30.95,5.00003,5.41486,1.46816e+07,4.79647e+08,2.36536e+06,7.72759e+07,0,8.08837e-45
10,50,100,200,0.01,100 MHz,0.335178,0.0161551,0.0661551,5.5e-05,5.5e-06,1.90526e-07,3.2428e-05,1.26042e-08,7.09605e-08,0.002,0.0161551,0.0541483,30.95,5.00003,0.0565423,1600.84,4.79647e+08,257.911,7.72759e+07,0,0.988991
10,50,100,200,0.01,1 GHz,0.0335178,0.0161551,0.0661551,5.5e-05,5.5e-06,1.90526e-07,3.2428e-05,1.26042e-08,7.09605e-08,0.002,0.0161551,0.00541483,30.95,5.00003,0.0171555,147.369,4.79647e+08,23.7426,7.72759e+07,0,0.998981
10,50,100,1000,0.001,1 MHz (plan spec),33.5178,0.0161551,0.0661551,5.5e-05,5.5e-06,1.90526e-07,3.2428e-05,1.26042e-08,7.09605e-08,0.01,0.00161551,5.41483,30.95,5.00001,5.41484,1.46815e+07,4.79647e+08,2.36534e+06,7.72759e+07,0,8.09292e-45
10,50,100,1000,0.001,100 MHz,0.335178,0.0161551,0.0661551,5.5e-05,5.5e-06,1.90526e-07,3.2428e-05,1.26042e-08,7.09605e-08,0.01,0.00161551,0.0541483,30.95,5.00001,0.0550877,1519.53,4.79647e+08,244.811,7.72759e+07,0,0.989547
10,50,100,1000,0.001,1 GHz,0.0335178,0.0161551,0.0661551,5.5e-05,5.5e-06,1.90526e-07,3.2428e-05,1.26042e-08,7.09605e-08,0.01,0.00161551,0.00541483,30.95,5.00001,0.0114862,66.0624,4.79647e+08,10.6433,7.72759e+07,0,0.999543
10,50,100,1000,0.01,1 MHz (plan spec),33.5178,0.0161551,0.0661551,5.5e-05,5.5e-06,1.90526e-07,3.2428e-05,1.26042e-08,7.09605e-08,0.01,0.0161551,5.41483,30.95,5.00004,5.41487,1.46817e+07,4.79647e+08,2.36536e+06,7.72759e+07,0,8.08568e-45
10,50,100,1000,0.01,100 MHz,0.335178,0.0161551,0.0661551,5.5e-05,5.5e-06,1.90526e-07,3.2428e-05,1.26042e-08,7.09605e-08,0.01,0.0161551,0.0541483,30.95,5.00004,0.0573849,1648.91,4.79647e+08,265.655,7.72759e+07,0,0.988662
10,50,100,1000,0.01,1 GHz,0.0335178,0.0161551,0.0661551,5.5e-05,5.5e-06,1.90526e-07,3.2428e-05,1.26042e-08,7.09605e-08,0.01,0.0161551,0.00541483,30.95,5.00004,0.0197563,195.439,4.79647e+08,31.4871,7.72759e+07,0,0.998649
10,100,1,50,0.001,1 MHz (plan spec),33.5178,0.0161551,0.116155,5.5e-05,5.5e-06,1.90526e-07,3.2428e-05,2.21305e-08,2.18759e-07,0.0005,1.61551e-05,0.0541483,61.9,0.100001,0.0541507,1468.28,1.91859e+09,236.554,3.09103e+08,0,0.989898
10,100,1,50,0.001,100 MHz,0.335178,0.0161551,0.116155,5.5e-05,5.5e-06,1.90526e-07,3.2428e-05,2.21305e-08,2.18759e-07,0.0005,1.61551e-05,0.000541483,61.9,0.100001,0.00073925,0.273642,1.91859e+09,0.0440864,3.09103e+08,0,0.999998
10,100,1,50,0.001,1 GHz,0.0335178,0.0161551,0.116155,5.5e-05,5.5e-06,1.90526e-07,3.2428e-05,2.21305e-08,2.18759e-07,0.0005,1.61551e-05,5.41483e-05,61.9,0.100001,0.00050618,0.128295,1.91859e+09,0.0206696,3.09103e+08,0,0.999999
10,100,1,50,0.01,1 MHz (plan spec),33.5178,0.0161551,0.116155,5.5e-05,5.5e-06,1.90526e-07,3.2428e-05,2.21305e-08,2.18759e-07,0.0005,0.000161551,0.0541483,61.9,0.100001,0.0541509,1468.29,1.91859e+09,236.556,3.09103e+08,0,0.989898
10,100,1,50,0.01,100 MHz,0.335178,0.0161551,0.116155,5.5e-05,5.5e-06,1.90526e-07,3.2428e-05,2.21305e-08,2.18759e-07,0.0005,0.000161551,0.000541483,61.9,0.100001,0.000756524,0.286579,1.91859e+09,0.0461708,3.09103e+08,0,0.999998
10,100,1,50,0.01,1 GHz,0.0335178,0.0161551,0.116155,5.5e-05,5.5e-06,1.90526e-07,3.2428e-05,2.21305e-08,2.18759e-07,0.0005,0.000161551,5.41483e-05,61.9,0.100001,0.000531089,0.141233,1.91859e+09,0.022754,3.09103e+08,0,0.999999
10,100,1,200,0.001,1 MHz (plan spec),33.5178,0.0161551,0.116155,5.5e-05,5.5e-06,1.90526e-07,3.2428e-05,2.21305e-08,2.18759e-07,0.002,1.61551e-05,0.0541483,61.9,0.10002,0.0541853,1470.15,1.91859e+09,236.856,3.09103e+08,0,0.989885
10,100,1,200,0.001,100 MHz,0.335178,0.0161551,0.116155,5.5e-05,5.5e-06,1.90526e-07,3.2428e-05,2.21305e-08,2.18759e-07,0.002,1.61551e-05,0.000541483,61.9,0.10002,0.0020728,2.15136,1.91859e+09,0.346606,3.09103e+08,0,0.999985
10,100,1,200,0.001,1 GHz,0.0335178,0.0161551,0.116155,5.5e-05,5.5e-06,1.90526e-07,3.2428e-05,2.21305e-08,2.18759e-07,0.002,1.61551e-05,5.41483e-05,61.9,0.10002,0.00200155,2.00602,1.91859e+09,0.323189,3.09103e+08,0,0.999986
10,100,1,200,0.01,1 MHz (plan spec),33.5178,0.0161551,0.116155,5.5e-05,5.5e-06,1.90526e-07,3.2428e-05,2.21305e-08,2.18759e-07,0.002,0.000161551,0.0541483,61.9,0.10002,0.0541855,1470.17,1.91859e+09,236.859,3.09103e+08,0,0.989885
10,100,1,200,0.01,100 MHz,0.335178,0.0161551,0.116155,5.5e-05,5.5e-06,1.90526e-07,3.2428e-05,2.21305e-08,2.18759e-07,0.002,0.000161551,0.000541483,61.9,0.10002,0.00207902,2.1643,1.91859e+09,0.348691,3.09103e+08,0,0.999985
10,100,1,200,0.01,1 GHz,0.0335178,0.0161551,0.116155,5.5e-05,5.5e-06,1.90526e-07,3.2428e-05,2.21305e-08,2.18759e-07,0.002,0.000161551,5.41483e-05,61.9,0.10002,0.002008,2.01896,1.91859e+09,0.325274,3.09103e+08,0,0.999986
10,100,1,1000,0.001,1 MHz (plan spec),33.5178,0.0161551,0.116155,5.5e-05,5.5e-06,1.90526e-07,3.2428e-05,2.21305e-08,2.18759e-07,0.01,1.61551e-05,0.0541483,61.9,0.100499,0.055064,1518.22,1.91859e+09,244.601,3.09103e+08,0,0.989556
10,100,1,1000,0.001,100 MHz,0.335178,0.0161551,0.116155,5.5e-05,5.5e-06,1.90526e-07,3.2428e-05,2.21305e-08,2.18759e-07,0.01,1.61551e-05,0.000541483,61.9,0.100499,0.0100148,50.2211,1.91859e+09,8.09111,3.09103e+08,0,0.999653
10,100,1,1000,0.001,1 GHz,0.0335178,0.0161551,0.116155,5.5e-05,5.5e-06,1.90526e-07,3.2428e-05,2.21305e-08,2.18759e-07,0.01,1.61551e-05,5.41483e-05,61.9,0.100499,0.0100003,50.0757,1.91859e+09,8.0677,3.09103e+08,0,0.999654
10,100,1,1000,0.01,1 MHz (plan spec),33.5178,0.0161551,0.116155,5.5e-05,5.5e-06,1.90526e-07,3.2428e-05,2.21305e-08,2.18759e-07,0.01,0.000161551,0.0541483,61.9,0.100499,0.0550642,1518.24,1.91859e+09,244.603,3.09103e+08,0,0.989556
10,100,1,1000,0.01,100 MHz,0.335178,0.0161551,0.116155,5.5e-05,5.5e-06,1.90526e-07,3.2428e-05,2.21305e-08,2.18759e-07,0.01,0.000161551,0.000541483,61.9,0.100499,0.0100161,50.234,1.91859e+09,8.0932,3.09103e+08,0,0.999653
10,100,1,1000,0.01,1 GHz,0.0335178,0.0161551,0.116155,5.5e-05,5.5e-06,1.90526e-07,3.2428e-05,2.21305e-08,2.18759e-07,0.01,0.000161551,5.41483e-05,61.9,0.100499,0.0100016,50.0887,1.91859e+09,8.06978,3.09103e+08,0,0.999654
10,100,10,50,0.001,1 MHz (plan spec),33.5178,0.0161551,0.116155,5.5e-05,5.5e-06,1.90526e-07,3.2428e-05,2.21305e-08,2.18759e-07,0.0005,0.000161551,0.541483,61.9,1,0.541484,146815,1.91859e+09,23653.4,3.09103e+08,0,0.362312
10,100,10,50,0.001,100 MHz,0.335178,0.0161551,0.116155,5.5e-05,5.5e-06,1.90526e-07,3.2428e-05,2.21305e-08,2.18759e-07,0.0005,0.000161551,0.00541483,61.9,1,0.00544055,14.8213,1.91859e+09,2.38785,3.09103e+08,0,0.999898
10,100,10,50,0.001,1 GHz,0.0335178,0.0161551,0.116155,5.5e-05,5.5e-06,1.90526e-07,3.2428e-05,2.21305e-08,2.18759e-07,0.0005,0.000161551,0.000541483,61.9,1,0.000756524,0.286579,1.91859e+09,0.0461708,3.09103e+08,0,0.999998
10,100,10,50,0.01,1 MHz (plan spec),33.5178,0.0161551,0.116155,5.5e-05,5.5e-06,1.90526e-07,3.2428e-05,2.21305e-08,2.18759e-07,0.0005,0.00161551,0.541483,61.9,1,0.541486,146816,1.91859e+09,23653.6,3.09103e+08,0,0.362308
10,100,10,50,0.01,100 MHz,0.335178,0.0161551,0.116155,5.5e-05,5.5e-06,1.90526e-07,3.2428e-05,2.21305e-08,2.18759e-07,0.0005,0.00161551,0.00541483,61.9,1,0.00567303,16.115,1.91859e+09,2.59629,3.09103e+08,0,0.999889
10,100,10,50,0.01,1 GHz,0.0335178,0.0161551,0.116155,5.5e-05,5.5e-06,1.90526e-07,3.2428e-05,2.21305e-08,2.18759e-07,0.0005,0.00161551,0.000541483,61.9,1,0.00177654,1.58034,1.91859e+09,0.254609,3.09103e+08,0,0.999989
10,100,10,200,0.001,1 MHz (plan spec),33.5178,0.0161551,0.116155,5.5e-05,5.5e-06,1.90526e-07,3.2428e-05,2.21305e-08,2.18759e-07,0.002,0.000161551,0.541483,61.9,1,0.541487,146817,1.91859e+09,23653.7,3.09103e+08,0,0.362307
10,100,10,200,0.001,100 MHz,0.335178,0.0161551,0.116155,5.5e-05,5.5e-06,1.90526e-07,3.2428e-05,2.21305e-08,2.18759e-07,0.002,0.000161551,0.00541483,61.9,1,0.00577491,16.699,1.91859e+09,2.69037,3.09103e+08,0,0.999885
10,100,10,200,0.001,1 GHz,0.0335178,0.0161551,0.116155,5.5e-05,5.5e-06,1.90526e-07,3.2428e-05,2.21305e-08,2.18759e-07,0.002,0.000161551,0.000541483,61.9,1,0.00207902,2.1643,1.91859e+09,0.348691,3.09103e+08,0,0.999985
10,100,10,200,0.01,1 MHz (plan spec),33.5178,0.0161551,0.116155,5.5e-05,5.5e-06,1.90526e-07,3.2428e-05,2.21305e-08,2.18759e-07,0.002,0.00161551,0.541483,61.9,1,0.541489,146818,1.91859e+09,23653.9,3.09103e+08,0,0.362304
10,100,10,200,0.01,100 MHz,0.335178,0.0161551,0.116155,5.5e-05,5.5e-06,1.90526e-07,3.2428e-05,2.21305e-08,2.18759e-07,0.002,0.00161551,0.00541483,61.9,1,0.00599444,17.9927,1.91859e+09,2.89881,3.09103e+08,0,0.999876
10,100,10,200,0.01,1 GHz,0.0335178,0.0161551,0.116155,5.5e-05,5.5e-06,1.90526e-07,3.2428e-05,2.21305e-08,2.18759e-07,0.002,0.00161551,0.000541483,61.9,1,0.00262795,3.45806,1.91859e+09,0.557128,3.09103e+08,0,0.999976
10,100,10,1000,0.001,1 MHz (plan spec),33.5178,0.0161551,0.116155,5.5e-05,5.5e-06,1.90526e-07,3.2428e-05,2.21305e-08,2.18759e-07,0.01,0.000161551,0.541483,61.9,1.00005,0.541576,146865,1.91859e+09,23661.4,3.09103e+08,0,0.362186
10,100,10,1000,0.001,100 MHz,0.335178,0.0161551,0.116155,5.5e-05,5.5e-06,1.90526e-07,3.2428e-05,2.21305e-08,2.18759e-07,0.01,0.000161551,0.00541483,61.9,1.00005,0.0113732,64.7687,1.91859e+09,10.4349,3.09103e+08,0,0.999552
10,100,10,1000,0.001,1 GHz,0.0335178,0.0161551,0.116155,5.5e-05,5.5e-06,1.90526e-07,3.2428e-05,2.21305e-08,2.18759e-07,0.01,0.000161551,0.000541483,61.9,1.00005,0.0100161,50.234,1.91859e+09,8.0932,3.09103e+08,0,0.999653
10,100,10,1000,0.01,1 MHz (plan spec),33.5178,0.0161551,0.116155,5.5e-05,5.5e-06,1.90526e-07,3.2428e-05,2.21305e-08,2.18759e-07,0.01,0.00161551,0.541483,61.9,1.00005,0.541578,146866,1.91859e+09,23661.6,3.09103e+08,0,0.362183
10,100,10,1000,0.01,100 MHz,0.335178,0.0161551,0.116155,5.5e-05,5.5e-06,1.90526e-07,3.2428e-05,2.21305e-08,2.18759e-07,0.01,0.00161551,0.00541483,61.9,1.00005,0.0114862,66.0624,1.91859e+09,10.6433,3.09103e+08,0,0.999543
10,100,10,1000,0.01,1 GHz,0.0335178,0.0161551,0.116155,5.5e-05,5.5e-06,1.90526e-07,3.2428e-05,2.21305e-08,2.18759e-07,0.01,0.00161551,0.000541483,61.9,1.00005,0.0101443,51.5278,1.91859e+09,8.30163,3.09103e+08,0,0.999644
10,100,50,50,0.001,1 MHz (plan spec),33.5178,0.0161551,0.116155,5.5e-05,5.5e-06,1.90526e-07,3.2428e-05,2.21305e-08,2.18759e-07,0.0005,0.000807754,2.70742,61.9,5,2.70742,3.67037e+06,1.91859e+09,591334,3.09103e+08,0,9.48557e-12
10,100,50,50,0.001,100 MHz,0.335178,0.0161551,0.116155,5.5e-05,5.5e-06,1.90526e-07,3.2428e-05,2.21305e-08,2.18759e-07,0.0005,0.000807754,0.0270742,61.9,5,0.0270909,367.491,1.91859e+09,59.2064,3.09103e+08,0,0.997462
10,100,50,50,0.001,1 GHz,0.0335178,0.0161551,0.116155,5.5e-05,5.5e-06,1.90526e-07,3.2428e-05,2.21305e-08,2.18759e-07,0.0005,0.000807754,0.00270742,61.9,5,0.00286977,4.12378,1.91859e+09,0.664382,3.09103e+08,0,0.999971
10,100,50,50,0.01,1 MHz (plan spec),33.5178,0.0161551,0.116155,5.5e-05,5.5e-06,1.90526e-07,3.2428e-05,2.21305e-08,2.18759e-07,0.0005,0.00807754,2.70742,61.9,5.00001,2.70743,3.67041e+06,1.91859e+09,591339,3.09103e+08,0,9.48345e-12
10,100,50,50,0.01,100 MHz,0.335178,0.0161551,0.116155,5.5e-05,5.5e-06,1.90526e-07,3.2428e-05,2.21305e-08,2.18759e-07,0.0005,0.00807754,0.0270742,61.9,5.00001,0.0282579,399.835,1.91859e+09,64.4174,3.09103e+08,0,0.997239
10,100,50,50,0.01,1 GHz,0.0335178,0.0161551,0.116155,5.5e-05,5.5e-06,1.90526e-07,3.2428e-05,2.21305e-08,2.18759e-07,0.0005,0.00807754,0.00270742,61.9,5.00001,0.00853404,36.4678,1.91859e+09,5.87533,3.09103e+08,0,0.999748
10,100,50,200,0.001,1 MHz (plan spec),33.5178,0.0161551,0.116155,5.5e-05,5.5e-06,1.90526e-07,3.2428e-05,2.21305e-08,2.18759e-07,0.002,0.000807754,2.70742,61.9,5,2.70742,3.67038e+06,1.91859e+09,591334,3.09103e+08,0,9.48545e-12
10,100,50,200,0.001,100 MHz,0.335178,0.0161551,0.116155,5.5e-05,5.5e-06,1.90526e-07,3.2428e-05,2.21305e-08,2.18759e-07,0.002,0.000807754,0.0270742,61.9,5,0.02716,369.368,1.91859e+09,59.5089,3.09103e+08,0,0.997449
10,100,50,200,0.001,1 GHz,0.0335178,0.0161551,0.116155,5.5e-05,5.5e-06,1.90526e-07,3.2428e-05,2.21305e-08,2.18759e-07,0.002,0.000807754,0.00270742,61.9,5,0.00346202,6.0015,1.91859e+09,0.966901,3.09103e+08,0,0.999958
10,100,50,200,0.01,1 MHz (plan spec),33.5178,0.0161551,0.116155,5.5e-05,5.5e-06,1.90526e-07,3.2428e-05,2.21305e-08,2.18759e-07,0.002,0.00807754,2.70742,61.9,5.00001,2.70743,3.67041e+06,1.91859e+09,591339,3.09103e+08,0,9.48333e-12
10,100,50,200,0.01,100 MHz,0.335178,0.0161551,0.116155,5.5e-05,5.5e-06,1.90526e-07,3.2428e-05,2.21305e-08,2.18759e-07,0.002,0.00807754,0.0270742,61.9,5.00001,0.0283242,401.713,1.91859e+09,64.7199,3.09103e+08,0,0.997226
10,100,50,200,0.01,1 GHz,0.0335178,0.0161551,0.116155,5.5e-05,5.5e-06,1.90526e-07,3.2428e-05,2.21305e-08,2.18759e-07,0.002,0.00807754,0.00270742,61.9,5.00001,0.00875099,38.3455,1.91859e+09,6.17785,3.09103e+08,0,0.999735
10,100,50,1000,0.001,1 MHz (plan spec),33.5178,0.0161551,0.116155,5.5e-05,5.5e-06,1.90526e-07,3.2428e-05,2.21305e-08,2.18759e-07,0.01,0.000807754,2.70742,61.9,5.00001,2.70744,3.67042e+06,1.91859e+09,591342,3.09103e+08,0,9.4823e-12
10,100,50,1000,0.001,100 MHz,0.335178,0.0161551,0.116155,5.5e-05,5.5e-06,1.90526e-07,3.2428e-05,2.21305e-08,2.18759e-07,0.01,0.000807754,0.0270742,61.9,5.00001,0.0288733,417.438,1.91859e+09,67.2534,3.09103e+08,0,0.997118
10,100,50,1000,0.001,1 GHz,0.0335178,0.0161551,0.116155,5.5e-05,5.5e-06,1.90526e-07,3.2428e-05,2.21305e-08,2.18759e-07,0.01,0.000807754,0.00270742,61.9,5.00001,0.0103916,54.0712,1.91859e+09,8.71141,3.09103e+08,0,0.999626
10,100,50,1000,0.01,1 MHz (plan spec),33.5178,0.0161551,0.116155,5.5e-05,5.5e-06,1.90526e-07,3.2428e-05,2.21305e-08,2.18759e-07,0.01,0.00807754,2.70742,61.9,5.00002,2.70745,3.67046e+06,1.91859e+09,591347,3.09103e+08,0,9.48018e-12
10,100,50,1000,0.01,100 MHz,0.335178,0.0161551,0.116155,5.5e-05,5.5e-06,1.90526e-07,3.2428e-05,2.21305e-08,2.18759e-07,0.01,0.00807754,0.0270742,61.9,5.00002,0.029971,449.782,1.91859e+09,72.4644,3.09103e+08,0,0.996895
10,100,50,1000,0.01,1 GHz,0.0335178,0.0161551,0.116155,5.5e-05,5.5e-06,1.90526e-07,3.2428e-05,2.21305e-08,2.18759e-07,0.01,0.00807754,0.00270742,61.9,5.00002,0.013137,86.4152,1.91859e+09,13.9224,3.09103e+08,0,0.999403
10,100,100,50,0.001,1 MHz (plan spec),33.5178,0.0161551,0.116155,5.5e-05,5.5e-06,1.90526e-07,3.2428e-05,2.21305e-08,2.18759e-07,0.0005,0.00161551,5.41483,61.9,10,5.41483,1.46815e+07,1.91859e+09,2.36534e+06,3.09103e+08,0,8.09571e-45
10,100,100,50,0.001,100 MHz,0.335178,0.0161551,0.116155,5.5e-05,5.5e-06,1.90526e-07,3.2428e-05,2.21305e-08,2.18759e-07,0.0005,0.00161551,0.0541483,61.9,10,0.0541748,1469.58,1.91859e+09,236.764,3.09103e+08,0,0.989889
10,100,100,50,0.001,1 GHz,0.0335178,0.0161551,0.116155,5.5e-05,5.5e-06,1.90526e-07,3.2428e-05,2.21305e-08,2.18759e-07,0.0005,0.00161551,0.00541483,61.9,10,0.00567303,16.115,1.91859e+09,2.59629,3.09103e+08,0,0.999889
10,100,100,50,0.01,1 MHz (plan spec),33.5178,0.0161551,0.116155,5.5e-05,5.5e-06,1.90526e-07,3.2428e-05,2.21305e-08,2.18759e-07,0.0005,0.0161551,5.41483,61.9,10,5.41486,1.46816e+07,1.91859e+09,2.36536e+06,3.09103e+08,0,8.08847e-45
10,100,100,50,0.01,100 MHz,0.335178,0.0161551,0.116155,5.5e-05,5.5e-06,1.90526e-07,3.2428e-05,2.21305e-08,2.18759e-07,0.0005,0.0161551,0.0541483,61.9,10,0.0565091,1598.96,1.91859e+09,257.608,3.09103e+08,0,0.989004
10,100,100,50,0.01,1 GHz,0.0335178,0.0161551,0.116155,5.5e-05,5.5e-06,1.90526e-07,3.2428e-05,2.21305e-08,2.18759e-07,0.0005,0.0161551,0.00541483,61.9,10,0.0170458,145.491,1.91859e+09,23.4401,3.09103e+08,0,0.998994
10,100,100,200,0.001,1 MHz (plan spec),33.5178,0.0161551,0.116155,5.5e-05,5.5e-06,1.90526e-07,3.2428e-05,2.21305e-08,2.18759e-07,0.002,0.00161551,5.41483,61.9,10,5.41483,1.46815e+07,1.91859e+09,2.36534e+06,3.09103e+08,0,8.09561e-45
10,100,100,200,0.001,100 MHz,0.335178,0.0161551,0.116155,5.5e-05,5.5e-06,1.90526e-07,3.2428e-05,2.21305e-08,2.18759e-07,0.002,0.00161551,0.0541483,61.9,10,0.0542094,1471.46,1.91859e+09,237.067,3.09103e+08,0,0.989876
10,100,100,200,0.001,1 GHz,0.0335178,0.0161551,0.116155,5.5e-05,5.5e-06,1.90526e-07,3.2428e-05,2.21305e-08,2.18759e-07,0.002,0.00161551,0.00541483,61.9,10,0.00599444,17.9927,1.91859e+09,2.89881,3.09103e+08,0,0.999876
10,100,100,200,0.01,1 MHz (plan spec),33.5178,0.0161551,0.116155,5.5e-05,5.5e-06,1.90526e-07,3.2428e-05,2.21305e-08,2.18759e-07,0.002,0.0161551,5.41483,61.9,10,5.41486,1.46816e+07,1.91859e+09,2.36536e+06,3.09103e+08,0,8.08837e-45
10,100,100,200,0.01,100 MHz,0.335178,0.0161551,0.116155,5.5e-05,5.5e-06,1.90526e-07,3.2428e-05,2.21305e-08,2.18759e-07,0.002,0.0161551,0.0541483,61.9,10,0.0565423,1600.84,1.91859e+09,257.911,3.09103e+08,0,0.988991
10,100,100,200,0.01,1 GHz,0.0335178,0.0161551,0.116155,5.5e-05,5.5e-06,1.90526e-07,3.2428e-05,2.21305e-08,2.18759e-07,0.002,0.0161551,0.00541483,61.9,10,0.0171555,147.369,1.91859e+09,23.7426,3.09103e+08,0,0.998981
10,100,100,1000,0.001,1 MHz (plan spec),33.5178,0.0161551,0.116155,5.5e-05,5.5e-06,1.90526e-07,3.2428e-05,2.21305e-08,2.18759e-07,0.01,0.00161551,5.41483,61.9,10,5.41484,1.46815e+07,1.91859e+09,2.36534e+06,3.09103e+08,0,8.09292e-45
10,100,100,1000,0.001,100 MHz,0.335178,0.0161551,0.116155,5.5e-05,5.5e-06,1.90526e-07,3.2428e-05,2.21305e-08,2.18759e-07,0.01,0.00161551,0.0541483,61.9,10,0.0550877,1519.53,1.91859e+09,244.811,3.09103e+08,0,0.989547
10,100,100,1000,0.001,1 GHz,0.0335178,0.0161551,0.116155,5.5e-05,5.5e-06,1.90526e-07,3.2428e-05,2.21305e-08,2.18759e-07,0.01,0.00161551,0.00541483,61.9,10,0.0114862,66.0624,1.91859e+09,10.6433,3.09103e+08,0,0.999543
10,100,100,1000,0.01,1 MHz (plan spec),33.5178,0.0161551,0.116155,5.5e-05,5.5e-06,1.90526e-07,3.2428e-05,2.21305e-08,2.18759e-07,0.01,0.0161551,5.41483,61.9,10,5.41487,1.46817e+07,1.91859e+09,2.36536e+06,3.09103e+08,0,8.08568e-45
10,100,100,1000,0.01,100 MHz,0.335178,0.0161551,0.116155,5.5e-05,5.5e-06,1.90526e-07,3.2428e-05,2.21305e-08,2.18759e-07,0.01,0.0161551,0.0541483,61.9,10,0.0573849,1648.91,1.91859e+09,265.655,3.09103e+08,0,0.988662
10,100,100,1000,0.01,1 GHz,0.0335178,0.0161551,0.116155,5.5e-05,5.5e-06,1.90526e-07,3.2428e-05,2.21305e-08,2.18759e-07,0.01,0.0161551,0.00541483,61.9,10,0.0197563,195.439,1.91859e+09,31.4871,3.09103e+08,0,0.998649
50,0.1,1,50,0.001,1 MHz (plan spec),33.5178,0.0807754,0.0808754,0.000275,2.75e-05,9.52628e-07,0.00016214,7.70442e-08,5.30265e-07,0.0025,8.07754e-05,0.0541483,0.0619006,0.00251836,0.0542068,1471.32,1918.62,237.044,309.11,0.98682,0.989877
50,0.1,1,50,0.001,100 MHz,0.335178,0.0807754,0.0808754,0.000275,2.75e-05,9.52628e-07,0.00016214,7.70442e-08,5.30265e-07,0.0025,8.07754e-05,0.000541483,0.0619006,0.00251836,0.00257398,3.31749,1918.62,0.53448,309.11,0.98682,0.999977
50,0.1,1,50,0.001,1 GHz,0.0335178,0.0807754,0.0808754,0.000275,2.75e-05,9.52628e-07,0.00016214,7.70442e-08,5.30265e-07,0.0025,8.07754e-05,5.41483e-05,0.0619006,0.00251836,0.00251696,3.17214,1918.62,0.511063,309.11,0.98682,0.999978
50,0.1,1,50,0.01,1 MHz (plan spec),33.5178,0.0807754,0.0808754,0.000275,2.75e-05,9.52628e-07,0.00016214,7.70442e-08,5.30265e-07,0.0025,0.000807754,0.0541483,0.0619006,0.0026435,0.0542127,1471.64,1918.62,237.096,309.11,0.98682,0.989875
50,0.1,1,50,0.01,100 MHz,0.335178,0.0807754,0.0808754,0.000275,2.75e-05,9.52628e-07,0.00016214,7.70442e-08,5.30265e-07,0.0025,0.000807754,0.000541483,0.0619006,0.0026435,0.00269653,3.64093,1918.62,0.58659,309.11,0.98682,0.999975
50,0.1,1,50,0.01,1 GHz,0.0335178,0.0807754,0.0808754,0.000275,2.75e-05,9.52628e-07,0.00016214,7.70442e-08,5.30265e-07,0.0025,0.000807754,5.41483e-05,0.0619006,0.0026435,0.00264216,3.49558,1918.62,0.563173,309.11,0.98682,0.999976
50,0.1,1,200,0.001,1 MHz (plan spec),33.5178,0.0807754,0.0808754,0.000275,2.75e-05,9.52628e-07,0.00016214,7.70442e-08,5.30265e-07,0.01,8.07754e-05,0.0541483,0.0619006,0.0100046,0.0550647,1518.26,1918.62,244.607,309.11,0.98682,0.989556
50,0.1,1,200,0.001,100 MHz,0.335178,0.0807754,0.0808754,0.000275,2.75e-05,9.52628e-07,0.00016214,7.70442e-08,5.30265e-07,0.01,8.07754e-05,0.000541483,0.0619006,0.0100046,0.0100188,50.2606,1918.62,8.09747,309.11,0.98682,0.999653
50,0.1,1,200,0.001,1 GHz,0.0335178,0.0807754,0.0808754,0.000275,2.75e-05,9.52628e-07,0.00016214,7.70442e-08,5.30265e-07,0.01,8.07754e-05,5.41483e-05,0.0619006,0.0100046,0.0100043,50.1152,1918.62,8.07406,309.11,0.98682,0.999654
50,0.1,1,200,0.01,1 MHz (plan spec),33.5178,0.0807754,0.0808754,0.000275,2.75e-05,9.52628e-07,0.00016214,7.70442e-08,5.30265e-07,0.01,0.000807754,0.0541483,0.0619006,0.0100368,0.0550706,1518.59,1918.62,244.659,309.11,0.98682,0.989554
50,0.1,1,200,0.01,100 MHz,0.335178,0.0807754,0.0808754,0.000275,2.75e-05,9.52628e-07,0.00016214,7.70442e-08,5.30265e-07,0.01,0.000807754,0.000541483,0.0619006,0.0100368,0.0100509,50.584,1918.62,8.14958,309.11,0.98682,0.99965
50,0.1,1,200,0.01,1 GHz,0.0335178,0.0807754,0.0808754,0.000275,2.75e-05,9.52628e-07,0.00016214,7.70442e-08,5.30265e-07,0.01,0.000807754,5.41483e-05,0.0619006,0.0100368,0.0100365,50.4386,1918.62,8.12617,309.11,0.98682,0.999651
50,0.1,1,1000,0.001,1 MHz (plan spec),33.5178,0.0807754,0.0808754,0.000275,2.75e-05,9.52628e-07,0.00016214,7.70442e-08,5.30265e-07,0.05,8.07754e-05,0.0541483,0.0619006,0.0500009,0.0737029,2720.01,1918.62,438.22,309.11,0.98682,0.981366
50,0.1,1,1000,0.001,100 MHz,0.335178,0.0807754,0.0808754,0.000275,2.75e-05,9.52628e-07,0.00016214,7.70442e-08,5.30265e-07,0.05,8.07754e-05,0.000541483,0.0619006,0.0500009,0.0500038,1252,1918.62,201.71,309.11,0.98682,0.99138
50,0.1,1,1000,0.001,1 GHz,0.0335178,0.0807754,0.0808754,0.000275,2.75e-05,9.52628e-07,0.00016214,7.70442e-08,5.30265e-07,0.05,8.07754e-05,5.41483e-05,0.0619006,0.0500009,0.0500009,1251.86,1918.62,201.687,309.11,0.98682,0.991381
50,0.1,1,1000,0.01,1 MHz (plan spec),33.5178,0.0807754,0.0808754,0.000275,2.75e-05,9.52628e-07,0.00016214,7.70442e-08,5.30265e-07,0.05,0.000807754,0.0541483,0.0619006,0.0500074,0.0737073,2720.33,1918.62,438.272,309.11,0.98682,0.981364
50,0.1,1,1000,0.01,100 MHz,0.335178,0.0807754,0.0808754,0.000275,2.75e-05,9.52628e-07,0.00016214,7.70442e-08,5.30265e-07,0.05,0.000807754,0.000541483,0.0619006,0.0500074,0.0500102,1252.33,1918.62,201.762,309.11,0.98682,0.991377
50,0.1,1,1000,0.01,1 GHz,0.0335178,0.0807754,0.0808754,0.000275,2.75e-05,9.52628e-07,0.00016214,7.70442e-08,5.30265e-07,0.05,0.000807754,5.41483e-05,0.0619006,0.0500074,0.0500073,1252.18,1918.62,201.739,309.11,0.98682,0.991378
50,0.1,10,50,0.001,1 MHz (plan spec),33.5178,0.0807754,0.0808754,0.000275,2.75e-05,9.52628e-07,0.00016214,7.70442e-08,5.30265e-07,0.0025,0.000807754,0.541483,0.0619006,0.00282455,0.54149,146818,1918.62,23653.9,309.11,0.98682,0.362303
50,0.1,10,50,0.001,100 MHz,0.335178,0.0807754,0.0808754,0.000275,2.75e-05,9.52628e-07,0.00016214,7.70442e-08,5.30265e-07,0.0025,0.000807754,0.00541483,0.0619006,0.00282455,0.00602482,18.1756,1918.62,2.92827,309.11,0.98682,0.999874
50,0.1,10,50,0.001,1 GHz,0.0335178,0.0807754,0.0808754,0.000275,2.75e-05,9.52628e-07,0.00016214,7.70442e-08,5.30265e-07,0.0025,0.000807754,0.000541483,0.0619006,0.00282455,0.00269653,3.64093,1918.62,0.58659,309.11,0.98682,0.999975
50,0.1,10,50,0.01,1 MHz (plan spec),33.5178,0.0807754,0.0808754,0.000275,2.75e-05,9.52628e-07,0.00016214,7.70442e-08,5.30265e-07,0.0025,0.00807754,0.541483,0.0619006,0.00851894,0.541549,146851,1918.62,23659.1,309.11,0.98682,0.362222
50,0.1,10,50,0.01,100 MHz,0.335178,0.0807754,0.0808754,0.000275,2.75e-05,9.52628e-07,0.00016214,7.70442e-08,5.30265e-07,0.0025,0.00807754,0.00541483,0.0619006,0.00851894,0.0100445,50.5196,1918.62,8.13922,309.11,0.98682,0.999651
50,0.1,10,50,0.01,1 GHz,0.0335178,0.0807754,0.0808754,0.000275,2.75e-05,9.52628e-07,0.00016214,7.70442e-08,5.30265e-07,0.0025,0.00807754,0.000541483,0.0619006,0.00851894,0.00847736,35.985,1918.62,5.79753,309.11,0.98682,0.999751
50,0.1,10,200,0.001,1 MHz (plan spec),33.5178,0.0807754,0.0808754,0.000275,2.75e-05,9.52628e-07,0.00016214,7.70442e-08,5.30265e-07,0.01,0.000807754,0.541483,0.0619006,0.010086,0.541576,146865,1918.62,23661.5,309.11,0.98682,0.362186
50,0.1,10,200,0.001,100 MHz,0.335178,0.0807754,0.0808754,0.000275,2.75e-05,9.52628e-07,0.00016214,7.70442e-08,5.30265e-07,0.01,0.000807754,0.00541483,0.0619006,0.010086,0.0114039,65.1187,1918.62,10.4913,309.11,0.98682,0.99955
50,0.1,10,200,0.001,1 GHz,0.0335178,0.0807754,0.0808754,0.000275,2.75e-05,9.52628e-07,0.00016214,7.70442e-08,5.30265e-07,0.01,0.000807754,0.000541483,0.0619006,0.010086,0.0100509,50.584,1918.62,8.14958,309.11,0.98682,0.99965
50,0.1,10,200,0.01,1 MHz (plan spec),33.5178,0.0807754,0.0808754,0.000275,2.75e-05,9.52628e-07,0.00016214,7.70442e-08,5.30265e-07,0.01,0.00807754,0.541483,0.0619006,0.0128966,0.541636,146898,1918.62,23666.7,309.11,0.98682,0.362105
50,0.1,10,200,0.01,100 MHz,0.335178,0.0807754,0.0808754,0.000275,2.75e-05,9.52628e-07,0.00016214,7.70442e-08,5.30265e-07,0.01,0.00807754,0.00541483,0.0619006,0.0128966,0.0139514,97.4627,1918.62,15.7022,309.11,0.98682,0.999326
50,0.1,10,200,0.01,1 GHz,0.0335178,0.0807754,0.0808754,0.000275,2.75e-05,9.52628e-07,0.00016214,7.70442e-08,5.30265e-07,0.01,0.00807754,0.000541483,0.0619006,0.0128966,0.0128692,82.928,1918.62,13.3605,309.11,0.98682,0.999427
50,0.1,10,1000,0.001,1 MHz (plan spec),33.5178,0.0807754,0.0808754,0.000275,2.75e-05,9.52628e-07,0.00016214,7.70442e-08,5.30265e-07,0.05,0.000807754,0.541483,0.0619006,0.0500173,0.543788,148067,1918.62,23855.1,309.11,0.98682,0.359188
50,0.1,10,1000,0.001,100 MHz,0.335178,0.0807754,0.0808754,0.000275,2.75e-05,9.52628e-07,0.00016214,7.70442e-08,5.30265e-07,0.05,0.000807754,0.00541483,0.0619006,0.0500173,0.0502996,1266.86,1918.62,204.104,309.11,0.98682,0.991278
50,0.1,10,1000,0.001,1 GHz,0.0335178,0.0807754,0.0808754,0.000275,2.75e-05,9.52628e-07,0.00016214,7.70442e-08,5.30265e-07,0.05,0.000807754,0.000541483,0.0619006,0.0500173,0.0500102,1252.33,1918.62,201.762,309.11,0.98682,0.991377
50,0.1,10,1000,0.01,1 MHz (plan spec),33.5178,0.0807754,0.0808754,0.000275,2.75e-05,9.52628e-07,0.00016214,7.70442e-08,5.30265e-07,0.05,0.00807754,0.541483,0.0619006,0.0506589,0.543847,148099,1918.62,23860.3,309.11,0.98682,0.359108
50,0.1,10,1000,0.01,100 MHz,0.335178,0.0807754,0.0808754,0.000275,2.75e-05,9.52628e-07,0.00016214,7.70442e-08,5.30265e-07,0.05,0.00807754,0.00541483,0.0619006,0.0506589,0.0509376,1299.21,1918.62,209.315,309.11,0.98682,0.991056
50,0.1,10,1000,0.01,1 GHz,0.0335178,0.0807754,0.0808754,0.000275,2.75e-05,9.52628e-07,0.00016214,7.70442e-08,5.30265e-07,0.05,0.00807754,0.000541483,0.0619006,0.0506589,0.0506519,1284.67,1918.62,206.973,309.11,0.98682,0.991156
50,0.1,50,50,0.001,1 MHz (plan spec),33.5178,0.0807754,0.0808754,0.000275,2.75e-05,9.52628e-07,0.00016214,7.70442e-08,5.30265e-07,0.0025,0.00403877,2.70742,0.0619006,0.00690198,2.70742,3.67039e+06,1918.62,591336,309.11,0.98682,9.48486e-12
50,0.1,50,50,0.001,100 MHz,0.335178,0.0807754,0.0808754,0.000275,2.75e-05,9.52628e-07,0.00016214,7.70442e-08,5.30265e-07,0.0025,0.00403877,0.0270742,0.0619006,0.00690198,0.027489,378.372,1918.62,60.9596,309.11,0.98682,0.997387
50,0.1,50,50,0.001,1 GHz,0.0335178,0.0807754,0.0808754,0.000275,2.75e-05,9.52628e-07,0.00016214,7.70442e-08,5.30265e-07,0.0025,0.00403877,0.00270742,0.0619006,0.00690198,0.00547425,15.0055,1918.62,2.41753,309.11,0.98682,0.999896
50,0.1,50,50,0.01,1 MHz (plan spec),33.5178,0.0807754,0.0808754,0.000275,2.75e-05,9.52628e-07,0.00016214,7.70442e-08,5.30265e-07,0.0025,0.0403877,2.70742,0.0619006,0.0407737,2.70772,3.67119e+06,1918.62,591466,309.11,0.98682,9.43197e-12
50,0.1,50,50,0.01,100 MHz,0.335178,0.0807754,0.0808754,0.000275,2.75e-05,9.52628e-07,0.00016214,7.70442e-08,5.30265e-07,0.0025,0.0403877,0.0270742,0.0619006,0.0407737,0.0486878,1186.97,1918.62,191.233,309.11,0.98682,0.991825
50,0.1,50,50,0.01,1 GHz,0.0335178,0.0807754,0.0808754,0.000275,2.75e-05,9.52628e-07,0.00016214,7.70442e-08,5.30265e-07,0.0025,0.0403877,0.00270742,0.0619006,0.0407737,0.0405564,823.606,1918.62,132.691,309.11,0.98682,0.994321
50,0.1,50,200,0.001,1 MHz (plan spec),33.5178,0.0807754,0.0808754,0.000275,2.75e-05,9.52628e-07,0.00016214,7.70442e-08,5.30265e-07,0.01,0.00403877,2.70742,0.0619006,0.0118906,2.70744,3.67043e+06,1918.62,591343,309.11,0.98682,9.48178e-12
50,0.1,50,200,0.001,100 MHz,0.335178,0.0807754,0.0808754,0.000275,2.75e-05,9.52628e-07,0.00016214,7.70442e-08,5.30265e-07,0.01,0.00403877,0.0270742,0.0619006,0.0118906,0.0291444,425.316,1918.62,68.5226,309.11,0.98682,0.997063
50,0.1,50,200,0.001,1 GHz,0.0335178,0.0807754,0.0808754,0.000275,2.75e-05,9.52628e-07,0.00016214,7.70442e-08,5.30265e-07,0.01,0.00403877,0.00270742,0.0619006,0.0118906,0.0111228,61.9485,1918.62,9.98052,309.11,0.98682,0.999572
50,0.1,50,200,0.01,1 MHz (plan spec),33.5178,0.0807754,0.0808754,0.000275,2.75e-05,9.52628e-07,0.00016214,7.70442e-08,5.30265e-07,0.01,0.0403877,2.70742,0.0619006,0.0419076,2.70774,3.67124e+06,1918.62,591473,309.11,0.98682,9.42891e-12
50,0.1,50,200,0.01,100 MHz,0.335178,0.0807754,0.0808754,0.000275,2.75e-05,9.52628e-07,0.00016214,7.70442e-08,5.30265e-07,0.01,0.0403877,0.0270742,0.0619006,0.0419076,0.0496413,1233.92,1918.62,198.796,309.11,0.98682,0.991504
50,0.1,50,200,0.01,1 GHz,0.0335178,0.0807754,0.0808754,0.000275,2.75e-05,9.52628e-07,0.00016214,7.70442e-08,5.30265e-07,0.01,0.0403877,0.00270742,0.0619006,0.0419076,0.0416962,870.549,1918.62,140.254,309.11,0.98682,0.993998
50,0.1,50,1000,0.001,1 MHz (plan spec),33.5178,0.0807754,0.0808754,0.000275,2.75e-05,9.52628e-07,0.00016214,7.70442e-08,5.30265e-07,0.05,0.00403877,2.70742,0.0619006,0.0504122,2.70788,3.67163e+06,1918.62,591537,309.11,0.98682,9.40331e-12
50,0.1,50,1000,0.001,100 MHz,0.335178,0.0807754,0.0808754,0.000275,2.75e-05,9.52628e-07,0.00016214,7.70442e-08,5.30265e-07,0.05,0.00403877,0.0270742,0.0619006,0.0504122,0.0570035,1627.06,1918.62,262.135,309.11,0.98682,0.988812
50,0.1,50,1000,0.001,1 GHz,0.0335178,0.0807754,0.0808754,0.000275,2.75e-05,9.52628e-07,0.00016214,7.70442e-08,5.30265e-07,0.05,0.00403877,0.00270742,0.0619006,0.0504122,0.0502366,1263.69,1918.62,203.593,309.11,0.98682,0.991299
50,0.1,50,1000,0.01,1 MHz (plan spec),33.5178,0.0807754,0.0808754,0.000275,2.75e-05,9.52628e-07,0.00016214,7.70442e-08,5.30265e-07,0.05,0.0403877,2.70742,0.0619006,0.0644689,2.70818,3.67244e+06,1918.62,591667,309.11,0.98682,9.35088e-12
50,0.1,50,1000,0.01,100 MHz,0.335178,0.0807754,0.0808754,0.000275,2.75e-05,9.52628e-07,0.00016214,7.70442e-08,5.30265e-07,0.05,0.0403877,0.0270742,0.0619006,0.0644689,0.0697442,2435.66,1918.62,392.409,309.11,0.98682,0.983298
50,0.1,50,1000,0.01,1 GHz,0.0335178,0.0807754,0.0808754,0.000275,2.75e-05,9.52628e-07,0.00016214,7.70442e-08,5.30265e-07,0.05,0.0403877,0.00270742,0.0619006,0.0644689,0.0643317,2072.29,1918.62,333.867,309.11,0.98682,0.985772
50,0.1,100,50,0.001,1 MHz (plan spec),33.5178,0.0807754,0.0808754,0.000275,2.75e-05,9.52628e-07,0.00016214,7.70442e-08,5.30265e-07,0.0025,0.00807754,5.41483,0.0619006,0.0130986,5.41484,1.46815e+07,1918.62,2.36534e+06,309.11,0.98682,8.09379e-45
50,0.1,100,50,0.001,100 MHz,0.335178,0.0807754,0.0808754,0.000275,2.75e-05,9.52628e-07,0.00016214,7.70442e-08,5.30265e-07,0.0025,0.00807754,0.0541483,0.0619006,0.0130986,0.0548052,1503.99,1918.62,242.307,309.11,0.98682,0.989654
50,0.1,100,50,0.001,1 GHz,0.0335178,0.0807754,0.0808754,0.000275,2.75e-05,9.52628e-07,0.00016214,7.70442e-08,5.30265e-07,0.0025,0.00807754,0.00541483,0.0619006,0.0130986,0.0100445,50.5196,1918.62,8.13922,309.11,0.98682,0.999651
50,0.1,100,50,0.01,1 MHz (plan spec),33.5178,0.0807754,0.0808754,0.000275,2.75e-05,9.52628e-07,0.00016214,7.70442e-08,5.30265e-07,0.0025,0.0807754,5.41483,0.0619006,0.0814309,5.41544,1.46848e+07,1918.62,2.36586e+06,309.11,0.98682,7.91477e-45
50,0.1,100,50,0.01,100 MHz,0.335178,0.0807754,0.0808754,0.000275,2.75e-05,9.52628e-07,0.00016214,7.70442e-08,5.30265e-07,0.0025,0.0807754,0.0541483,0.0619006,0.0814309,0.0972782,4738.39,1918.62,763.402,309.11,0.98682,0.967764
50,0.1,100,50,0.01,1 GHz,0.0335178,0.0807754,0.0808754,0.000275,2.75e-05,9.52628e-07,0.00016214,7.70442e-08,5.30265e-07,0.0025,0.0807754,0.00541483,0.0619006,0.0814309,0.0809958,3284.92,1918.62,529.234,309.11,0.98682,0.97754
50,0.1,100,200,0.001,1 MHz (plan spec),33.5178,0.0807754,0.0808754,0.000275,2.75e-05,9.52628e-07,0.00016214,7.70442e-08,5.30265e-07,0.01,0.00807754,5.41483,0.0619006,0.0162887,5.41485,1.46816e+07,1918.62,2.36535e+06,309.11,0.98682,8.09116e-45
50,0.1,100,200,0.001,100 MHz,0.335178,0.0807754,0.0808754,0.000275,2.75e-05,9.52628e-07,0.00016214,7.70442e-08,5.30265e-07,0.01,0.00807754,0.0541483,0.0619006,0.0162887,0.055654,1550.93,1918.62,249.87,309.11,0.98682,0.989332
50,0.1,100,200,0.001,1 GHz,0.0335178,0.0807754,0.0808754,0.000275,2.75e-05,9.52628e-07,0.00016214,7.70442e-08,5.30265e-07,0.01,0.00807754,0.00541483,0.0619006,0.0162887,0.0139514,97.4627,1918.62,15.7022,309.11,0.98682,0.999326
50,0.1,100,200,0.01,1 MHz (plan spec),33.5178,0.0807754,0.0808754,0.000275,2.75e-05,9.52628e-07,0.00016214,7.70442e-08,5.30265e-07,0.01,0.0807754,5.41483,0.0619006,0.0820046,5.41544,1.46848e+07,1918.62,2.36587e+06,309.11,0.98682,7.9122e-45
50,0.1,100,200,0.01,100 MHz,0.335178,0.0807754,0.0808754,0.000275,2.75e-05,9.52628e-07,0.00016214,7.70442e-08,5.30265e-07,0.01,0.0807754,0.0541483,0.0619006,0.0820046,0.0977588,4785.33,1918.62,770.965,309.11,0.98682,0.96745
50,0.1,100,200,0.01,1 GHz,0.0335178,0.0807754,0.0808754,0.000275,2.75e-05,9.52628e-07,0.00016214,7.70442e-08,5.30265e-07,0.01,0.0807754,0.00541483,0.0619006,0.0820046,0.0815725,3331.87,1918.62,536.797,309.11,0.98682,0.977223
50,0.1,100,1000,0.001,1 MHz (plan spec),33.5178,0.0807754,0.0808754,0.000275,2.75e-05,9.52628e-07,0.00016214,7.70442e-08,5.30265e-07,0.05,0.00807754,5.41483,0.0619006,0.0516268,5.41507,1.46828e+07,1918.62,2.36554e+06,309.11,0.98682,8.0242e-45
50,0.1,100,1000,0.001,100 MHz,0.335178,0.0807754,0.0808754,0.000275,2.75e-05,9.52628e-07,0.00016214,7.70442e-08,5.30265e-07,0.05,0.00807754,0.0541483,0.0619006,0.0516268,0.0741442,2752.67,1918.62,443.483,309.11,0.98682,0.981145
50,0.1,100,1000,0.001,1 GHz,0.0335178,0.0807754,0.0808754,0.000275,2.75e-05,9.52628e-07,0.00016214,7.70442e-08,5.30265e-07,0.05,0.00807754,0.00541483,0.0619006,0.0516268,0.0509376,1299.21,1918.62,209.315,309.11,0.98682,0.991056
50,0.1,100,1000,0.01,1 MHz (plan spec),33.5178,0.0807754,0.0808754,0.000275,2.75e-05,9.52628e-07,0.00016214,7.70442e-08,5.30265e-07,0.05,0.0807754,5.41483,0.0619006,0.0955235,5.41567,1.4686e+07,1918.62,2.36606e+06,309.11,0.98682,7.84672e-45
50,0.1,100,1000,0.01,100 MHz,0.335178,0.0807754,0.0808754,0.000275,2.75e-05,9.52628e-07,0.00016214,7.70442e-08,5.30265e-07,0.05,0.0807754,0.0541483,0.0619006,0.0955235,0.109347,5987.08,1918.62,964.577,309.11,0.98682,0.959444
50,0.1,100,1000,0.01,1 GHz,0.0335178,0.0807754,0.0808754,0.000275,2.75e-05,9.52628e-07,0.00016214,7.70442e-08,5.30265e-07,0.05,0.0807754,0.00541483,0.0619006,0.0955235,0.0951529,4533.61,1918.62,730.409,309.11,0.98682,0.969136
50,1,1,50,0.001,1 MHz (plan spec),33.5178,0.0807754,0.0817754,0.000275,2.75e-05,9.52628e-07,0.00016214,7.79016e-08,5.42133e-07,0.0025,8.07754e-05,0.0541483,0.619,0.00270779,0.0542068,1471.32,191859,237.044,30910.3,0.265342,0.989877
50,1,1,50,0.001,100 MHz,0.335178,0.0807754,0.0817754,0.000275,2.75e-05,9.52628e-07,0.00016214,7.79016e-08,5.42133e-07,0.0025,8.07754e-05,0.000541483,0.619,0.00270779,0.00257398,3.31749,191859,0.53448,30910.3,0.265342,0.999977
50,1,1,50,0.001,1 GHz,0.0335178,0.0807754,0.0817754,0.000275,2.75e-05,9.52628e-07,0.00016214,7.79016e-08,5.42133e-07,0.0025,8.07754e-05,5.41483e-05,0.619,0.00270779,0.00251696,3.17214,191859,0.511063,30910.3,0.265342,0.999978
50,1,1,50,0.01,1 MHz (plan spec),33.5178,0.0807754,0.0817754,0.000275,2.75e-05,9.52628e-07,0.00016214,7.79016e-08,5.42133e-07,0.0025,0.000807754,0.0541483,0.619,0.00282455,0.0542127,1471.64,191859,237.096,30910.3,0.265342,0.989875
50,1,1,50,0.01,100 MHz,0.335178,0.0807754,0.0817754,0.000275,2.75e-05,9.52628e-07,0.00016214,7.79016e-08,5.42133e-07,0.0025,0.000807754,0.000541483,0.619,0.00282455,0.00269653,3.64093,191859,0.58659,30910.3,0.265342,0.999975
50,1,1,50,0.01,1 GHz,0.0335178,0.0807754,0.0817754,0.000275,2.75e-05,9.52628e-07,0.00016214,7.79016e-08,5.42133e-07,0.0025,0.000807754,5.41483e-05,0.619,0.00282455,0.00264216,3.49558,191859,0.563173,30910.3,0.265342,0.999976
50,1,1,200,0.001,1 MHz (plan spec),33.5178,0.0807754,0.0817754,0.000275,2.75e-05,9.52628e-07,0.00016214,7.79016e-08,5.42133e-07,0.01,8.07754e-05,0.0541483,0.619,0.010054,0.0550647,1518.26,191859,244.607,30910.3,0.265342,0.989556
50,1,1,200,0.001,100 MHz,0.335178,0.0807754,0.0817754,0.000275,2.75e-05,9.52628e-07,0.00016214,7.79016e-08,5.42133e-07,0.01,8.07754e-05,0.000541483,0.619,0.010054,0.0100188,50.2606,191859,8.09747,30910.3,0.265342,0.999653
50,1,1,200,0.001,1 GHz,0.0335178,0.0807754,0.0817754,0.000275,2.75e-05,9.52628e-07,0.00016214,7.79016e-08,5.42133e-07,0.01,8.07754e-05,5.41483e-05,0.619,0.010054,0.0100043,50.1152,191859,8.07406,30910.3,0.265342,0.999654
50,1,1,200,0.01,1 MHz (plan spec),33.5178,0.0807754,0.0817754,0.000275,2.75e-05,9.52628e-07,0.00016214,7.79016e-08,5.42133e-07,0.01,0.000807754,0.0541483,0.619,0.010086,0.0550706,1518.59,191859,244.659,30910.3,0.265342,0.989554
50,1,1,200,0.01,100 MHz,0.335178,0.0807754,0.0817754,0.000275,2.75e-05,9.52628e-07,0.00016214,7.79016e-08,5.42133e-07,0.01,0.000807754,0.000541483,0.619,0.010086,0.0100509,50.584,191859,8.14958,30910.3,0.265342,0.99965
50,1,1,200,0.01,1 GHz,0.0335178,0.0807754,0.0817754,0.000275,2.75e-05,9.52628e-07,0.00016214,7.79016e-08,5.42133e-07,0.01,0.000807754,5.41483e-05,0.619,0.010086,0.0100365,50.4386,191859,8.12617,30910.3,0.265342,0.999651
50,1,1,1000,0.001,1 MHz (plan spec),33.5178,0.0807754,0.0817754,0.000275,2.75e-05,9.52628e-07,0.00016214,7.79016e-08,5.42133e-07,0.05,8.07754e-05,0.0541483,0.619,0.0500108,0.0737029,2720.01,191859,438.22,30910.3,0.265342,0.981366
50,1,1,1000,0.001,100 MHz,0.335178,0.0807754,0.0817754,0.000275,2.75e-05,9.52628e-07,0.00016214,7.79016e-08,5.42133e-07,0.05,8.07754e-05,0.000541483,0.619,0.0500108,0.0500038,1252,191859,201.71,30910.3,0.265342,0.99138
50,1,1,1000,0.001,1 GHz,0.0335178,0.0807754,0.0817754,0.000275,2.75e-05,9.52628e-07,0.00016214,7.79016e-08,5.42133e-07,0.05,8.07754e-05,5.41483e-05,0.619,0.0500108,0.0500009,1251.86,191859,201.687,30910.3,0.265342,0.991381
50,1,1,1000,0.01,1 MHz (plan spec),33.5178,0.0807754,0.0817754,0.000275,2.75e-05,9.52628e-07,0.00016214,7.79016e-08,5.42133e-07,0.05,0.000807754,0.0541483,0.619,0.0500173,0.0737073,2720.33,191859,438.272,30910.3,0.265342,0.981364
50,1,1,1000,0.01,100 MHz,0.335178,0.0807754,0.0817754,0.000275,2.75e-05,9.52628e-07,0.00016214,7.79016e-08,5.42133e-07,0.05,0.000807754,0.000541483,0.619,0.0500173,0.0500102,1252.33,191859,201.762,30910.3,0.265342,0.991377
50,1,1,1000,0.01,1 GHz,0.0335178,0.0807754,0.0817754,0.000275,2.75e-05,9.52628e-07,0.00016214,7.79016e-08,5.42133e-07,0.05,0.000807754,5.41483e-05,0.619,0.0500173,0.0500073,1252.18,191859,201.739,30910.3,0.265342,0.991378
50,1,10,50,0.001,1 MHz (plan spec),33.5178,0.0807754,0.0817754,0.000275,2.75e-05,9.52628e-07,0.00016214,7.79016e-08,5.42133e-07,0.0025,0.000807754,0.541483,0.619,0.010343,0.54149,146818,191859,23653.9,30910.3,0.265342,0.362303
50,1,10,50,0.001,100 MHz,0.335178,0.0807754,0.0817754,0.000275,2.75e-05,9.52628e-07,0.00016214,7.79016e-08,5.42133e-07,0.0025,0.000807754,0.00541483,0.619,0.010343,0.00602482,18.1756,191859,2.92827,30910.3,0.265342,0.999874
50,1,10,50,0.001,1 GHz,0.0335178,0.0807754,0.0817754,0.000275,2.75e-05,9.52628e-07,0.00016214,7.79016e-08,5.42133e-07,0.0025,0.000807754,0.000541483,0.619,0.010343,0.00269653,3.64093,191859,0.58659,30910.3,0.265342,0.999975
50,1,10,50,0.01,1 MHz (plan spec),33.5178,0.0807754,0.0817754,0.000275,2.75e-05,9.52628e-07,0.00016214,7.79016e-08,5.42133e-07,0.0025,0.00807754,0.541483,0.619,0.0130986,0.541549,146851,191859,23659.1,30910.3,0.265342,0.362222
50,1,10,50,0.01,100 MHz,0.335178,0.0807754,0.0817754,0.000275,2.75e-05,9.52628e-07,0.00016214,7.79016e-08,5.42133e-07,0.0025,0.00807754,0.00541483,0.619,0.0130986,0.0100445,50.5196,191859,8.13922,30910.3,0.265342,0.999651
50,1,10,50,0.01,1 GHz,0.0335178,0.0807754,0.0817754,0.000275,2.75e-05,9.52628e-07,0.00016214,7.79016e-08,5.42133e-07,0.0025,0.00807754,0.000541483,0.619,0.0130986,0.00847736,35.985,191859,5.79753,30910.3,0.265342,0.999751
50,1,10,200,0.001,1 MHz (plan spec),33.5178,0.0807754,0.0817754,0.000275,2.75e-05,9.52628e-07,0.00016214,7.79016e-08,5.42133e-07,0.01,0.000807754,0.541483,0.619,0.0141679,0.541576,146865,191859,23661.5,30910.3,0.265342,0.362186
50,1,10,200,0.001,100 MHz,0.335178,0.0807754,0.0817754,0.000275,2.75e-05,9.52628e-07,0.00016214,7.79016e-08,5.42133e-07,0.01,0.000807754,0.00541483,0.619,0.0141679,0.0114039,65.1187,191859,10.4913,30910.3,0.265342,0.99955
50,1,10,200,0.001,1 GHz,0.0335178,0.0807754,0.0817754,0.000275,2.75e-05,9.52628e-07,0.00016214,7.79016e-08,5.42133e-07,0.01,0.000807754,0.000541483,0.619,0.0141679,0.0100509,50.584,191859,8.14958,30910.3,0.265342,0.99965
50,1,10,200,0.01,1 MHz (plan spec),33.5178,0.0807754,0.0817754,0.000275,2.75e-05,9.52628e-07,0.00016214,7.79016e-08,5.42133e-07,0.01,0.00807754,0.541483,0.619,0.0162887,0.541636,146898,191859,23666.7,30910.3,0.265342,0.362105
50,1,10,200,0.01,100 MHz,0.335178,0.0807754,0.0817754,0.000275,2.75e-05,9.52628e-07,0.00016214,7.79016e-08,5.42133e-07,0.01,0.00807754,0.00541483,0.619,0.0162887,0.0139514,97.4627,191859,15.7022,30910.3,0.265342,0.999326
50,1,10,200,0.01,1 GHz,0.0335178,0.0807754,0.0817754,0.000275,2.75e-05,9.52628e-07,0.00016214,7.79016e-08,5.42133e-07,0.01,0.00807754,0.000541483,0.619,0.0162887,0.0128692,82.928,191859,13.3605,30910.3,0.265342,0.999427
50,1,10,1000,0.001,1 MHz (plan spec),33.5178,0.0807754,0.0817754,0.000275,2.75e-05,9.52628e-07,0.00016214,7.79016e-08,5.42133e-07,0.05,0.000807754,0.541483,0.619,0.0509973,0.543788,148067,191859,23855.1,30910.3,0.265342,0.359188
50,1,10,1000,0.001,100 MHz,0.335178,0.0807754,0.0817754,0.000275,2.75e-05,9.52628e-07,0.00016214,7.79016e-08,5.42133e-07,0.05,0.000807754,0.00541483,0.619,0.0509973,0.0502996,1266.86,191859,204.104,30910.3,0.265342,0.991278
50,1,10,1000,0.001,1 GHz,0.0335178,0.0807754,0.0817754,0.000275,2.75e-05,9.52628e-07,0.00016214,7.79016e-08,5.42133e-07,0.05,0.000807754,0.000541483,0.619,0.0509973,0.0500102,1252.33,191859,201.762,30910.3,0.265342,0.991377
50,1,10,1000,0.01,1 MHz (plan spec),33.5178,0.0807754,0.0817754,0.000275,2.75e-05,9.52628e-07,0.00016214,7.79016e-08,5.42133e-07,0.05,0.00807754,0.541483,0.619,0.0516268,0.543847,148099,191859,23860.3,30910.3,0.265342,0.359108
50,1,10,1000,0.01,100 MHz,0.335178,0.0807754,0.0817754,0.000275,2.75e-05,9.52628e-07,0.00016214,7.79016e-08,5.42133e-07,0.05,0.00807754,0.00541483,0.619,0.0516268,0.0509376,1299.21,191859,209.315,30910.3,0.265342,0.991056
50,1,10,1000,0.01,1 GHz,0.0335178,0.0807754,0.0817754,0.000275,2.75e-05,9.52628e-07,0.00016214,7.79016e-08,5.42133e-07,0.05,0.00807754,0.000541483,0.619,0.0516268,0.0506519,1284.67,191859,206.973,30910.3,0.265342,0.991156
50,1,50,50,0.001,1 MHz (plan spec),33.5178,0.0807754,0.0817754,0.000275,2.75e-05,9.52628e-07,0.00016214,7.79016e-08,5.42133e-07,0.0025,0.00403877,2.70742,0.619,0.0502259,2.70742,3.67039e+06,191859,591336,30910.3,0.265342,9.48486e-12
50,1,50,50,0.001,100 MHz,0.335178,0.0807754,0.0817754,0.000275,2.75e-05,9.52628e-07,0.00016214,7.79016e-08,5.42133e-07,0.0025,0.00403877,0.0270742,0.619,0.0502259,0.027489,378.372,191859,60.9596,30910.3,0.265342,0.997387
50,1,50,50,0.001,1 GHz,0.0335178,0.0807754,0.0817754,0.000275,2.75e-05,9.52628e-07,0.00016214,7.79016e-08,5.42133e-07,0.0025,0.00403877,0.00270742,0.619,0.0502259,0.00547425,15.0055,191859,2.41753,30910.3,0.265342,0.999896
50,1,50,50,0.01,1 MHz (plan spec),33.5178,0.0807754,0.0817754,0.000275,2.75e-05,9.52628e-07,0.00016214,7.79016e-08,5.42133e-07,0.0025,0.0403877,2.70742,0.619,0.0643234,2.70772,3.67119e+06,191859,591466,30910.3,0.265342,9.43197e-12
50,1,50,50,0.01,100 MHz,0.335178,0.0807754,0.0817754,0.000275,2.75e-05,9.52628e-07,0.00016214,7.79016e-08,5.42133e-07,0.0025,0.0403877,0.0270742,0.619,0.0643234,0.0486878,1186.97,191859,191.233,30910.3,0.265342,0.991825
50,1,50,50,0.01,1 GHz,0.0335178,0.0807754,0.0817754,0.000275,2.75e-05,9.52628e-07,0.00016214,7.79016e-08,5.42133e-07,0.0025,0.0403877,0.00270742,0.619,0.0643234,0.0405564,823.606,191859,132.691,30910.3,0.265342,0.994321
50,1,50,200,0.001,1 MHz (plan spec),33.5178,0.0807754,0.0817754,0.000275,2.75e-05,9.52628e-07,0.00016214,7.79016e-08,5.42133e-07,0.01,0.00403877,2.70742,0.619,0.0511506,2.70744,3.67043e+06,191859,591343,30910.3,0.265342,9.48178e-12
50,1,50,200,0.001,100 MHz,0.335178,0.0807754,0.0817754,0.000275,2.75e-05,9.52628e-07,0.00016214,7.79016e-08,5.42133e-07,0.01,0.00403877,0.0270742,0.619,0.0511506,0.0291444,425.316,191859,68.5226,30910.3,0.265342,0.997063
50,1,50,200,0.001,1 GHz,0.0335178,0.0807754,0.0817754,0.000275,2.75e-05,9.52628e-07,0.00016214,7.79016e-08,5.42133e-07,0.01,0.00403877,0.00270742,0.619,0.0511506,0.0111228,61.9485,191859,9.98052,30910.3,0.265342,0.999572
50,1,50,200,0.01,1 MHz (plan spec),33.5178,0.0807754,0.0817754,0.000275,2.75e-05,9.52628e-07,0.00016214,7.79016e-08,5.42133e-07,0.01,0.0403877,2.70742,0.619,0.065048,2.70774,3.67124e+06,191859,591473,30910.3,0.265342,9.42891e-12
50,1,50,200,0.01,100 MHz,0.335178,0.0807754,0.0817754,0.000275,2.75e-05,9.52628e-07,0.00016214,7.79016e-08,5.42133e-07,0.01,0.0403877,0.0270742,0.619,0.065048,0.0496413,1233.92,191859,198.796,30910.3,0.265342,0.991504
50,1,50,200,0.01,1 GHz,0.0335178,0.0807754,0.0817754,0.000275,2.75e-05,9.52628e-07,0.00016214,7.79016e-08,5.42133e-07,0.01,0.0403877,0.00270742,0.619,0.065048,0.0416962,870.549,191859,140.254,30910.3,0.265342,0.993998
50,1,50,1000,0.001,1 MHz (plan spec),33.5178,0.0807754,0.0817754,0.000275,2.75e-05,9.52628e-07,0.00016214,7.79016e-08,5.42133e-07,0.05,0.00403877,2.70742,0.619,0.0708265,2.70788,3.67163e+06,191859,591537,30910.3,0.265342,9.40331e-12
50,1,50,1000,0.001,100 MHz,0.335178,0.0807754,0.0817754,0.000275,2.75e-05,9.52628e-07,0.00016214,7.79016e-08,5.42133e-07,0.05,0.00403877,0.0270742,0.619,0.0708265,0.0570035,1627.06,191859,262.135,30910.3,0.265342,0.988812
50,1,50,1000,0.001,1 GHz,0.0335178,0.0807754,0.0817754,0.000275,2.75e-05,9.52628e-07,0.00016214,7.79016e-08,5.42133e-07,0.05,0.00403877,0.00270742,0.619,0.0708265,0.0502366,1263.69,191859,203.593,30910.3,0.265342,0.991299
50,1,50,1000,0.01,1 MHz (plan spec),33.5178,0.0807754,0.0817754,0.000275,2.75e-05,9.52628e-07,0.00016214,7.79016e-08,5.42133e-07,0.05,0.0403877,2.70742,0.619,0.0814324,2.70818,3.67244e+06,191859,591667,30910.3,0.265342,9.35088e-12
50,1,50,1000,0.01,100 MHz,0.335178,0.0807754,0.0817754,0.000275,2.75e-05,9.52628e-07,0.00016214,7.79016e-08,5.42133e-07,0.05,0.0403877,0.0270742,0.619,0.0814324,0.0697442,2435.66,191859,392.409,30910.3,0.265342,0.983298
50,1,50,1000,0.01,1 GHz,0.0335178,0.0807754,0.0817754,0.000275,2.75e-05,9.52628e-07,0.00016214,7.79016e-08,5.42133e-07,0.05,0.0403877,0.00270742,0.619,0.0814324,0.0643317,2072.29,191859,333.867,30910.3,0.265342,0.985772
50,1,100,50,0.001,1 MHz (plan spec),33.5178,0.0807754,0.0817754,0.000275,2.75e-05,9.52628e-07,0.00016214,7.79016e-08,5.42133e-07,0.0025,0.00807754,5.41483,0.619,0.100357,5.41484,1.46815e+07,191859,2.36534e+06,30910.3,0.265342,8.09379e-45
50,1,100,50,0.001,100 MHz,0.335178,0.0807754,0.0817754,0.000275,2.75e-05,9.52628e-07,0.00016214,7.79016e-08,5.42133e-07,0.0025,0.00807754,0.0541483,0.619,0.100357,0.0548052,1503.99,191859,242.307,30910.3,0.265342,0.989654
50,1,100,50,0.001,1 GHz,0.0335178,0.0807754,0.0817754,0.000275,2.75e-05,9.52628e-07,0.00016214,7.79016e-08,5.42133e-07,0.0025,0.00807754,0.00541483,0.619,0.100357,0.0100445,50.5196,191859,8.13922,30910.3,0.265342,0.999651
50,1,100,50,0.01,1 MHz (plan spec),33.5178,0.0807754,0.0817754,0.000275,2.75e-05,9.52628e-07,0.00016214,7.79016e-08,5.42133e-07,0.0025,0.0807754,5.41483,0.619,0.128573,5.41544,1.46848e+07,191859,2.36586e+06,30910.3,0.265342,7.91477e-45
50,1,100,50,0.01,100 MHz,0.335178,0.0807754,0.0817754,0.000275,2.75e-05,9.52628e-07,0.00016214,7.79016e-08,5.42133e-07,0.0025,0.0807754,0.0541483,0.619,0.128573,0.0972782,4738.39,191859,763.402,30910.3,0.265342,0.967764
50,1,100,50,0.01,1 GHz,0.0335178,0.0807754,0.0817754,0.000275,2.75e-05,9.52628e-07,0.00016214,7.79016e-08,5.42133e-07,0.0025,0.0807754,0.00541483,0.619,0.128573,0.0809958,3284.92,191859,529.234,30910.3,0.265342,0.97754
50,1,100,200,0.001,1 MHz (plan spec),33.5178,0.0807754,0.0817754,0.000275,2.75e-05,9.52628e-07,0.00016214,7.79016e-08,5.42133e-07,0.01,0.00807754,5.41483,0.619,0.100823,5.41485,1.46816e+07,191859,2.36535e+06,30910.3,0.265342,8.09116e-45
50,1,100,200,0.001,100 MHz,0.335178,0.0807754,0.0817754,0.000275,2.75e-05,9.52628e-07,0.00016214,7.79016e-08,5.42133e-07,0.01,0.00807754,0.0541483,0.619,0.100823,0.055654,1550.93,191859,249.87,30910.3,0.265342,0.989332
50,1,100,200,0.001,1 GHz,0.0335178,0.0807754,0.0817754,0.000275,2.75e-05,9.52628e-07,0.00016214,7.79016e-08,5.42133e-07,0.01,0.00807754,0.00541483,0.619,0.100823,0.0139514,97.4627,191859,15.7022,30910.3,0.265342,0.999326
50,1,100,200,0.01,1 MHz (plan spec),33.5178,0.0807754,0.0817754,0.000275,2.75e-05,9.52628e-07,0.00016214,7.79016e-08,5.42133e-07,0.01,0.0807754,5.41483,0.619,0.128937,5.41544,1.46848e+07,191859,2.36587e+06,30910.3,0.265342,7.9122e-45
50,1,100,200,0.01,100 MHz,0.335178,0.0807754,0.0817754,0.000275,2.75e-05,9.52628e-07,0.00016214,7.79016e-08,5.42133e-07,0.01,0.0807754,0.0541483,0.619,0.128937,0.0977588,4785.33,191859,770.965,30910.3,0.265342,0.96745
50,1,100,200,0.01,1 GHz,0.0335178,0.0807754,0.0817754,0.000275,2.75e-05,9.52628e-07,0.00016214,7.79016e-08,5.42133e-07,0.01,0.0807754,0.00541483,0.619,0.128937,0.0815725,3331.87,191859,536.797,30910.3,0.265342,0.977223
50,1,100,1000,0.001,1 MHz (plan spec),33.5178,0.0807754,0.0817754,0.000275,2.75e-05,9.52628e-07,0.00016214,7.79016e-08,5.42133e-07,0.05,0.00807754,5.41483,0.619,0.112095,5.41507,1.46828e+07,191859,2.36554e+06,30910.3,0.265342,8.0242e-45
50,1,100,1000,0.001,100 MHz,0.335178,0.0807754,0.0817754,0.000275,2.75e-05,9.52628e-07,0.00016214,7.79016e-08,5.42133e-07,0.05,0.00807754,0.0541483,0.619,0.112095,0.0741442,2752.67,191859,443.483,30910.3,0.265342,0.981145
50,1,100,1000,0.001,1 GHz,0.0335178,0.0807754,0.0817754,0.000275,2.75e-05,9.52628e-07,0.00016214,7.79016e-08,5.42133e-07,0.05,0.00807754,0.00541483,0.619,0.112095,0.0509376,1299.21,191859,209.315,30910.3,0.265342,0.991056
50,1,100,1000,0.01,1 MHz (plan spec),33.5178,0.0807754,0.0817754,0.000275,2.75e-05,9.52628e-07,0.00016214,7.79016e-08,5.42133e-07,0.05,0.0807754,5.41483,0.619,0.13793,5.41567,1.4686e+07,191859,2.36606e+06,30910.3,0.265342,7.84672e-45
50,1,100,1000,0.01,100 MHz,0.335178,0.0807754,0.0817754,0.000275,2.75e-05,9.52628e-07,0.00016214,7.79016e-08,5.42133e-07,0.05,0.0807754,0.0541483,0.619,0.13793,0.109347,5987.08,191859,964.577,30910.3,0.265342,0.959444
50,1,100,1000,0.01,1 GHz,0.0335178,0.0807754,0.0817754,0.000275,2.75e-05,9.52628e-07,0.00016214,7.79016e-08,5.42133e-07,0.05,0.0807754,0.00541483,0.619,0.13793,0.0951529,4533.61,191859,730.409,30910.3,0.265342,0.969136
50,5,1,50,0.001,1 MHz (plan spec),33.5178,0.0807754,0.0857754,0.000275,2.75e-05,9.52628e-07,0.00016214,8.17121e-08,5.96466e-07,0.0025,8.07754e-05,0.0541483,3.095,0.00559751,0.0542068,1471.32,4.79647e+06,237.044,772759,3.93695e-15,0.989877
50,5,1,50,0.001,100 MHz,0.335178,0.0807754,0.0857754,0.000275,2.75e-05,9.52628e-07,0.00016214,8.17121e-08,5.96466e-07,0.0025,8.07754e-05,0.000541483,3.095,0.00559751,0.00257398,3.31749,4.79647e+06,0.53448,772759,3.93695e-15,0.999977
50,5,1,50,0.001,1 GHz,0.0335178,0.0807754,0.0857754,0.000275,2.75e-05,9.52628e-07,0.00016214,8.17121e-08,5.96466e-07,0.0025,8.07754e-05,5.41483e-05,3.095,0.00559751,0.00251696,3.17214,4.79647e+06,0.511063,772759,3.93695e-15,0.999978
50,5,1,50,0.01,1 MHz (plan spec),33.5178,0.0807754,0.0857754,0.000275,2.75e-05,9.52628e-07,0.00016214,8.17121e-08,5.96466e-07,0.0025,0.000807754,0.0541483,3.095,0.00565492,0.0542127,1471.64,4.79647e+06,237.096,772759,3.93695e-15,0.989875
50,5,1,50,0.01,100 MHz,0.335178,0.0807754,0.0857754,0.000275,2.75e-05,9.52628e-07,0.00016214,8.17121e-08,5.96466e-07,0.0025,0.000807754,0.000541483,3.095,0.00565492,0.00269653,3.64093,4.79647e+06,0.58659,772759,3.93695e-15,0.999975
50,5,1,50,0.01,1 GHz,0.0335178,0.0807754,0.0857754,0.000275,2.75e-05,9.52628e-07,0.00016214,8.17121e-08,5.96466e-07,0.0025,0.000807754,5.41483e-05,3.095,0.00565492,0.00264216,3.49558,4.79647e+06,0.563173,772759,3.93695e-15,0.999976
50,5,1,200,0.001,1 MHz (plan spec),33.5178,0.0807754,0.0857754,0.000275,2.75e-05,9.52628e-07,0.00016214,8.17121e-08,5.96466e-07,0.01,8.07754e-05,0.0541483,3.095,0.011184,0.0550647,1518.26,4.79647e+06,244.607,772759,3.93695e-15,0.989556
50,5,1,200,0.001,100 MHz,0.335178,0.0807754,0.0857754,0.000275,2.75e-05,9.52628e-07,0.00016214,8.17121e-08,5.96466e-07,0.01,8.07754e-05,0.000541483,3.095,0.011184,0.0100188,50.2606,4.79647e+06,8.09747,772759,3.93695e-15,0.999653
50,5,1,200,0.001,1 GHz,0.0335178,0.0807754,0.0857754,0.000275,2.75e-05,9.52628e-07,0.00016214,8.17121e-08,5.96466e-07,0.01,8.07754e-05,5.41483e-05,3.095,0.011184,0.0100043,50.1152,4.79647e+06,8.07406,772759,3.93695e-15,0.999654
50,5,1,200,0.01,1 MHz (plan spec),33.5178,0.0807754,0.0857754,0.000275,2.75e-05,9.52628e-07,0.00016214,8.17121e-08,5.96466e-07,0.01,0.000807754,0.0541483,3.095,0.0112129,0.0550706,1518.59,4.79647e+06,244.659,772759,3.93695e-15,0.989554
50,5,1,200,0.01,100 MHz,0.335178,0.0807754,0.0857754,0.000275,2.75e-05,9.52628e-07,0.00016214,8.17121e-08,5.96466e-07,0.01,0.000807754,0.000541483,3.095,0.0112129,0.0100509,50.584,4.79647e+06,8.14958,772759,3.93695e-15,0.99965
50,5,1,200,0.01,1 GHz,0.0335178,0.0807754,0.0857754,0.000275,2.75e-05,9.52628e-07,0.00016214,8.17121e-08,5.96466e-07,0.01,0.000807754,5.41483e-05,3.095,0.0112129,0.0100365,50.4386,4.79647e+06,8.12617,772759,3.93695e-15,0.999651
50,5,1,1000,0.001,1 MHz (plan spec),33.5178,0.0807754,0.0857754,0.000275,2.75e-05,9.52628e-07,0.00016214,8.17121e-08,5.96466e-07,0.05,8.07754e-05,0.0541483,3.095,0.0502502,0.0737029,2720.01,4.79647e+06,438.22,772759,3.93695e-15,0.981366
50,5,1,1000,0.001,100 MHz,0.335178,0.0807754,0.0857754,0.000275,2.75e-05,9.52628e-07,0.00016214,8.17121e-08,5.96466e-07,0.05,8.07754e-05,0.000541483,3.095,0.0502502,0.0500038,1252,4.79647e+06,201.71,772759,3.93695e-15,0.99138
50,5,1,1000,0.001,1 GHz,0.0335178,0.0807754,0.0857754,0.000275,2.75e-05,9.52628e-07,0.00016214,8.17121e-08,5.96466e-07,0.05,8.07754e-05,5.41483e-05,3.095,0.0502502,0.0500009,1251.86,4.79647e+06,201.687,772759,3.93695e-15,0.991381
50,5,1,1000,0.01,1 MHz (plan spec),33.5178,0.0807754,0.0857754,0.000275,2.75e-05,9.52628e-07,0.00016214,8.17121e-08,5.96466e-07,0.05,0.000807754,0.0541483,3.095,0.0502566,0.0737073,2720.33,4.79647e+06,438.272,772759,3.93695e-15,0.981364
50,5,1,1000,0.01,100 MHz,0.335178,0.0807754,0.0857754,0.000275,2.75e-05,9.52628e-07,0.00016214,8.17121e-08,5.96466e-07,0.05,0.000807754,0.000541483,3.095,0.0502566,0.0500102,1252.33,4.79647e+06,201.762,772759,3.93695e-15,0.991377
50,5,1,1000,0.01,1 GHz,0.0335178,0.0807754,0.0857754,0.000275,2.75e-05,9.52628e-07,0.00016214,8.17121e-08,5.96466e-07,0.05,0.000807754,5.41483e-05,3.095,0.0502566,0.0500073,1252.18,4.79647e+06,201.739,772759,3.93695e-15,0.991378
50,5,10,50,0.001,1 MHz (plan spec),33.5178,0.0807754,0.0857754,0.000275,2.75e-05,9.52628e-07,0.00016214,8.17121e-08,5.96466e-07,0.0025,0.000807754,0.541483,3.095,0.0500697,0.54149,146818,4.79647e+06,23653.9,772759,3.93695e-15,0.362303
50,5,10,50,0.001,100 MHz,0.335178,0.0807754,0.0857754,0.000275,2.75e-05,9.52628e-07,0.00016214,8.17121e-08,5.96466e-07,0.0025,0.000807754,0.00541483,3.095,0.0500697,0.00602482,18.1756,4.79647e+06,2.92827,772759,3.93695e-15,0.999874
50,5,10,50,0.001,1 GHz,0.0335178,0.0807754,0.0857754,0.000275,2.75e-05,9.52628e-07,0.00016214,8.17121e-08,5.96466e-07,0.0025,0.000807754,0.000541483,3.095,0.0500697,0.00269653,3.64093,4.79647e+06,0.58659,772759,3.93695e-15,0.999975
50,5,10,50,0.01,1 MHz (plan spec),33.5178,0.0807754,0.0857754,0.000275,2.75e-05,9.52628e-07,0.00016214,8.17121e-08,5.96466e-07,0.0025,0.00807754,0.541483,3.095,0.0507107,0.541549,146851,4.79647e+06,23659.1,772759,3.93695e-15,0.362222
50,5,10,50,0.01,100 MHz,0.335178,0.0807754,0.0857754,0.000275,2.75e-05,9.52628e-07,0.00016214,8.17121e-08,5.96466e-07,0.0025,0.00807754,0.00541483,3.095,0.0507107,0.0100445,50.5196,4.79647e+06,8.13922,772759,3.93695e-15,0.999651
50,5,10,50,0.01,1 GHz,0.0335178,0.0807754,0.0857754,0.000275,2.75e-05,9.52628e-07,0.00016214,8.17121e-08,5.96466e-07,0.0025,0.00807754,0.000541483,3.095,0.0507107,0.00847736,35.985,4.79647e+06,5.79753,772759,3.93695e-15,0.999751
50,5,10,200,0.001,1 MHz (plan spec),33.5178,0.0807754,0.0857754,0.000275,2.75e-05,9.52628e-07,0.00016214,8.17121e-08,5.96466e-07,0.01,0.000807754,0.541483,3.095,0.0509973,0.541576,146865,4.79647e+06,23661.5,772759,3.93695e-15,0.362186
50,5,10,200,0.001,100 MHz,0.335178,0.0807754,0.0857754,0.000275,2.75e-05,9.52628e-07,0.00016214,8.17121e-08,5.96466e-07,0.01,0.000807754,0.00541483,3.095,0.0509973,0.0114039,65.1187,4.79647e+06,10.4913,772759,3.93695e-15,0.99955
50,5,10,200,0.001,1 GHz,0.0335178,0.0807754,0.0857754,0.000275,2.75e-05,9.52628e-07,0.00016214,8.17121e-08,5.96466e-07,0.01,0.000807754,0.000541483,3.095,0.0509973,0.0100509,50.584,4.79647e+06,8.14958,772759,3.93695e-15,0.99965
50,5,10,200,0.01,1 MHz (plan spec),33.5178,0.0807754,0.0857754,0.000275,2.75e-05,9.52628e-07,0.00016214,8.17121e-08,5.96466e-07,0.01,0.00807754,0.541483,3.095,0.0516268,0.541636,146898,4.79647e+06,23666.7,772759,3.93695e-15,0.362105
50,5,10,200,0.01,100 MHz,0.335178,0.0807754,0.0857754,0.000275,2.75e-05,9.52628e-07,0.00016214,8.17121e-08,5.96466e-07,0.01,0.00807754,0.00541483,3.095,0.0516268,0.0139514,97.4627,4.79647e+06,15.7022,772759,3.93695e-15,0.999326
50,5,10,200,0.01,1 GHz,0.0335178,0.0807754,0.0857754,0.000275,2.75e-05,9.52628e-07,0.00016214,8.17121e-08,5.96466e-07,0.01,0.00807754,0.000541483,3.095,0.0516268,0.0128692,82.928,4.79647e+06,13.3605,772759,3.93695e-15,0.999427
50,5,10,1000,0.001,1 MHz (plan spec),33.5178,0.0807754,0.0857754,0.000275,2.75e-05,9.52628e-07,0.00016214,8.17121e-08,5.96466e-07,0.05,0.000807754,0.541483,3.095,0.0707158,0.543788,148067,4.79647e+06,23855.1,772759,3.93695e-15,0.359188
50,5,10,1000,0.001,100 MHz,0.335178,0.0807754,0.0857754,0.000275,2.75e-05,9.52628e-07,0.00016214,8.17121e-08,5.96466e-07,0.05,0.000807754,0.00541483,3.095,0.0707158,0.0502996,1266.86,4.79647e+06,204.104,772759,3.93695e-15,0.991278
50,5,10,1000,0.001,1 GHz,0.0335178,0.0807754,0.0857754,0.000275,2.75e-05,9.52628e-07,0.00016214,8.17121e-08,5.96466e-07,0.05,0.000807754,0.000541483,3.095,0.0707158,0.0500102,1252.33,4.79647e+06,201.762,772759,3.93695e-15,0.991377
50,5,10,1000,0.01,1 MHz (plan spec),33.5178,0.0807754,0.0857754,0.000275,2.75e-05,9.52628e-07,0.00016214,8.17121e-08,5.96466e-07,0.05,0.00807754,0.541483,3.095,0.0711711,0.543847,148099,4.79647e+06,23860.3,772759,3.93695e-15,0.359108
50,5,10,1000,0.01,100 MHz,0.335178,0.0807754,0.0857754,0.000275,2.75e-05,9.52628e-07,0.00016214,8.17121e-08,5.96466e-07,0.05,0.00807754,0.00541483,3.095,0.0711711,0.0509376,1299.21,4.79647e+06,209.315,772759,3.93695e-15,0.991056
50,5,10,1000,0.01,1 GHz,0.0335178,0.0807754,0.0857754,0.000275,2.75e-05,9.52628e-07,0.00016214,8.17121e-08,5.96466e-07,0.05,0.00807754,0.000541483,3.095,0.0711711,0.0506519,1284.67,4.79647e+06,206.973,772759,3.93695e-15,0.991156
50,5,50,50,0.001,1 MHz (plan spec),33.5178,0.0807754,0.0857754,0.000275,2.75e-05,9.52628e-07,0.00016214,8.17121e-08,5.96466e-07,0.0025,0.00403877,2.70742,3.095,0.250045,2.70742,3.67039e+06,4.79647e+06,591336,772759,3.93695e-15,9.48486e-12
50,5,50,50,0.001,100 MHz,0.335178,0.0807754,0.0857754,0.000275,2.75e-05,9.52628e-07,0.00016214,8.17121e-08,5.96466e-07,0.0025,0.00403877,0.0270742,3.095,0.250045,0.027489,378.372,4.79647e+06,60.9596,772759,3.93695e-15,0.997387
50,5,50,50,0.001,1 GHz,0.0335178,0.0807754,0.0857754,0.000275,2.75e-05,9.52628e-07,0.00016214,8.17121e-08,5.96466e-07,0.0025,0.00403877,0.00270742,3.095,0.250045,0.00547425,15.0055,4.79647e+06,2.41753,772759,3.93695e-15,0.999896
50,5,50,50,0.01,1 MHz (plan spec),33.5178,0.0807754,0.0857754,0.000275,2.75e-05,9.52628e-07,0.00016214,8.17121e-08,5.96466e-07,0.0025,0.0403877,2.70742,3.095,0.253254,2.70772,3.67119e+06,4.79647e+06,591466,772759,3.93695e-15,9.43197e-12
50,5,50,50,0.01,100 MHz,0.335178,0.0807754,0.0857754,0.000275,2.75e-05,9.52628e-07,0.00016214,8.17121e-08,5.96466e-07,0.0025,0.0403877,0.0270742,3.095,0.253254,0.0486878,1186.97,4.79647e+06,191.233,772759,3.93695e-15,0.991825
50,5,50,50,0.01,1 GHz,0.0335178,0.0807754,0.0857754,0.000275,2.75e-05,9.52628e-07,0.00016214,8.17121e-08,5.96466e-07,0.0025,0.0403877,0.00270742,3.095,0.253254,0.0405564,823.606,4.79647e+06,132.691,772759,3.93695e-15,0.994321
50,5,50,200,0.001,1 MHz (plan spec),33.5178,0.0807754,0.0857754,0.000275,2.75e-05,9.52628e-07,0.00016214,8.17121e-08,5.96466e-07,0.01,0.00403877,2.70742,3.095,0.250233,2.70744,3.67043e+06,4.79647e+06,591343,772759,3.93695e-15,9.48178e-12
50,5,50,200,0.001,100 MHz,0.335178,0.0807754,0.0857754,0.000275,2.75e-05,9.52628e-07,0.00016214,8.17121e-08,5.96466e-07,0.01,0.00403877,0.0270742,3.095,0.250233,0.0291444,425.316,4.79647e+06,68.5226,772759,3.93695e-15,0.997063
50,5,50,200,0.001,1 GHz,0.0335178,0.0807754,0.0857754,0.000275,2.75e-05,9.52628e-07,0.00016214,8.17121e-08,5.96466e-07,0.01,0.00403877,0.00270742,3.095,0.250233,0.0111228,61.9485,4.79647e+06,9.98052,772759,3.93695e-15,0.999572
50,5,50,200,0.01,1 MHz (plan spec),33.5178,0.0807754,0.0857754,0.000275,2.75e-05,9.52628e-07,0.00016214,8.17121e-08,5.96466e-07,0.01,0.0403877,2.70742,3.095,0.253439,2.70774,3.67124e+06,4.79647e+06,591473,772759,3.93695e-15,9.42891e-12
50,5,50,200,0.01,100 MHz,0.335178,0.0807754,0.0857754,0.000275,2.75e-05,9.52628e-07,0.00016214,8.17121e-08,5.96466e-07,0.01,0.0403877,0.0270742,3.095,0.253439,0.0496413,1233.92,4.79647e+06,198.796,772759,3.93695e-15,0.991504
50,5,50,200,0.01,1 GHz,0.0335178,0.0807754,0.0857754,0.000275,2.75e-05,9.52628e-07,0.00016214,8.17121e-08,5.96466e-07,0.01,0.0403877,0.00270742,3.095,0.253439,0.0416962,870.549,4.79647e+06,140.254,772759,3.93695e-15,0.993998
50,5,50,1000,0.001,1 MHz (plan spec),33.5178,0.0807754,0.0857754,0.000275,2.75e-05,9.52628e-07,0.00016214,8.17121e-08,5.96466e-07,0.05,0.00403877,2.70742,3.095,0.254983,2.70788,3.67163e+06,4.79647e+06,591537,772759,3.93695e-15,9.40331e-12
50,5,50,1000,0.001,100 MHz,0.335178,0.0807754,0.0857754,0.000275,2.75e-05,9.52628e-07,0.00016214,8.17121e-08,5.96466e-07,0.05,0.00403877,0.0270742,3.095,0.254983,0.0570035,1627.06,4.79647e+06,262.135,772759,3.93695e-15,0.988812
50,5,50,1000,0.001,1 GHz,0.0335178,0.0807754,0.0857754,0.000275,2.75e-05,9.52628e-07,0.00016214,8.17121e-08,5.96466e-07,0.05,0.00403877,0.00270742,3.095,0.254983,0.0502366,1263.69,4.79647e+06,203.593,772759,3.93695e-15,0.991299
50,5,50,1000,0.01,1 MHz (plan spec),33.5178,0.0807754,0.0857754,0.000275,2.75e-05,9.52628e-07,0.00016214,8.17121e-08,5.96466e-07,0.05,0.0403877,2.70742,3.095,0.25813,2.70818,3.67244e+06,4.79647e+06,591667,772759,3.93695e-15,9.35088e-12
50,5,50,1000,0.01,100 MHz,0.335178,0.0807754,0.0857754,0.000275,2.75e-05,9.52628e-07,0.00016214,8.17121e-08,5.96466e-07,0.05,0.0403877,0.0270742,3.095,0.25813,0.0697442,2435.66,4.79647e+06,392.409,772759,3.93695e-15,0.983298
50,5,50,1000,0.01,1 GHz,0.0335178,0.0807754,0.0857754,0.000275,2.75e-05,9.52628e-07,0.00016214,8.17121e-08,5.96466e-07,0.05,0.0403877,0.00270742,3.095,0.25813,0.0643317,2072.29,4.79647e+06,333.867,772759,3.93695e-15,0.985772
50,5,100,50,0.001,1 MHz (plan spec),33.5178,0.0807754,0.0857754,0.000275,2.75e-05,9.52628e-07,0.00016214,8.17121e-08,5.96466e-07,0.0025,0.00807754,5.41483,3.095,0.500072,5.41484,1.46815e+07,4.79647e+06,2.36534e+06,772759,3.93695e-15,8.09379e-45
50,5,100,50,0.001,100 MHz,0.335178,0.0807754,0.0857754,0.000275,2.75e-05,9.52628e-07,0.00016214,8.17121e-08,5.96466e-07,0.0025,0.00807754,0.0541483,3.095,0.500072,0.0548052,1503.99,4.79647e+06,242.307,772759,3.93695e-15,0.989654
50,5,100,50,0.001,1 GHz,0.0335178,0.0807754,0.0857754,0.000275,2.75e-05,9.52628e-07,0.00016214,8.17121e-08,5.96466e-07,0.0025,0.00807754,0.00541483,3.095,0.500072,0.0100445,50.5196,4.79647e+06,8.13922,772759,3.93695e-15,0.999651
50,5,100,50,0.01,1 MHz (plan spec),33.5178,0.0807754,0.0857754,0.000275,2.75e-05,9.52628e-07,0.00016214,8.17121e-08,5.96466e-07,0.0025,0.0807754,5.41483,3.095,0.506489,5.41544,1.46848e+07,4.79647e+06,2.36586e+06,772759,3.93695e-15,7.91477e-45
50,5,100,50,0.01,100 MHz,0.335178,0.0807754,0.0857754,0.000275,2.75e-05,9.52628e-07,0.00016214,8.17121e-08,5.96466e-07,0.0025,0.0807754,0.0541483,3.095,0.506489,0.0972782,4738.39,4.79647e+06,763.402,772759,3.93695e-15,0.967764
50,5,100,50,0.01,1 GHz,0.0335178,0.0807754,0.0857754,0.000275,2.75e-05,9.52628e-07,0.00016214,8.17121e-08,5.96466e-07,0.0025,0.0807754,0.00541483,3.095,0.506489,0.0809958,3284.92,4.79647e+06,529.234,772759,3.93695e-15,0.97754
50,5,100,200,0.001,1 MHz (plan spec),33.5178,0.0807754,0.0857754,0.000275,2.75e-05,9.52628e-07,0.00016214,8.17121e-08,5.96466e-07,0.01,0.00807754,5.41483,3.095,0.500165,5.41485,1.46816e+07,4.79647e+06,2.36535e+06,772759,3.93695e-15,8.09116e-45
50,5,100,200,0.001,100 MHz,0.335178,0.0807754,0.0857754,0.000275,2.75e-05,9.52628e-07,0.00016214,8.17121e-08,5.96466e-07,0.01,0.00807754,0.0541483,3.095,0.500165,0.055654,1550.93,4.79647e+06,249.87,772759,3.93695e-15,0.989332
50,5,100,200,0.001,1 GHz,0.0335178,0.0807754,0.0857754,0.000275,2.75e-05,9.52628e-07,0.00016214,8.17121e-08,5.96466e-07,0.01,0.00807754,0.00541483,3.095,0.500165,0.0139514,97.4627,4.79647e+06,15.7022,772759,3.93695e-15,0.999326
50,5,100,200,0.01,1 MHz (plan spec),33.5178,0.0807754,0.0857754,0.000275,2.75e-05,9.52628e-07,0.00016214,8.17121e-08,5.96466e-07,0.01,0.0807754,5.41483,3.095,0.506581,5.41544,1.46848e+07,4.79647e+06,2.36587e+06,772759,3.93695e-15,7.9122e-45
50,5,100,200,0.01,100 MHz,0.335178,0.0807754,0.0857754,0.000275,2.75e-05,9.52628e-07,0.00016214,8.17121e-08,5.96466e-07,0.01,0.0807754,0.0541483,3.095,0.506581,0.0977588,4785.33,4.79647e+06,770.965,772759,3.93695e-15,0.96745
50,5,100,200,0.01,1 GHz,0.0335178,0.0807754,0.0857754,0.000275,2.75e-05,9.52628e-07,0.00016214,8.17121e-08,5.96466e-07,0.01,0.0807754,0.00541483,3.095,0.506581,0.0815725,3331.87,4.79647e+06,536.797,772759,3.93695e-15,0.977223
50,5,100,1000,0.001,1 MHz (plan spec),33.5178,0.0807754,0.0857754,0.000275,2.75e-05,9.52628e-07,0.00016214,8.17121e-08,5.96466e-07,0.05,0.00807754,5.41483,3.095,0.502559,5.41507,1.46828e+07,4.79647e+06,2.36554e+06,772759,3.93695e-15,8.0242e-45
50,5,100,1000,0.001,100 MHz,0.335178,0.0807754,0.0857754,0.000275,2.75e-05,9.52628e-07,0.00016214,8.17121e-08,5.96466e-07,0.05,0.00807754,0.0541483,3.095,0.502559,0.0741442,2752.67,4.79647e+06,443.483,772759,3.93695e-15,0.981145
50,5,100,1000,0.001,1 GHz,0.0335178,0.0807754,0.0857754,0.000275,2.75e-05,9.52628e-07,0.00016214,8.17121e-08,5.96466e-07,0.05,0.00807754,0.00541483,3.095,0.502559,0.0509376,1299.21,4.79647e+06,209.315,772759,3.93695e-15,0.991056
50,5,100,1000,0.01,1 MHz (plan spec),33.5178,0.0807754,0.0857754,0.000275,2.75e-05,9.52628e-07,0.00016214,8.17121e-08,5.96466e-07,0.05,0.0807754,5.41483,3.095,0.508945,5.41567,1.4686e+07,4.79647e+06,2.36606e+06,772759,3.93695e-15,7.84672e-45
50,5,100,1000,0.01,100 MHz,0.335178,0.0807754,0.0857754,0.000275,2.75e-05,9.52628e-07,0.00016214,8.17121e-08,5.96466e-07,0.05,0.0807754,0.0541483,3.095,0.508945,0.109347,5987.08,4.79647e+06,964.577,772759,3.93695e-15,0.959444
50,5,100,1000,0.01,1 GHz,0.0335178,0.0807754,0.0857754,0.000275,2.75e-05,9.52628e-07,0.00016214,8.17121e-08,5.96466e-07,0.05,0.0807754,0.00541483,3.095,0.508945,0.0951529,4533.61,4.79647e+06,730.409,772759,3.93695e-15,0.969136
50,10,1,50,0.001,1 MHz (plan spec),33.5178,0.0807754,0.0907754,0.000275,2.75e-05,9.52628e-07,0.00016214,8.64752e-08,6.68031e-07,0.0025,8.07754e-05,0.0541483,6.19,0.0103117,0.0542068,1471.32,1.91859e+07,237.044,3.09103e+06,2.40238e-58,0.989877
50,10,1,50,0.001,100 MHz,0.335178,0.0807754,0.0907754,0.000275,2.75e-05,9.52628e-07,0.00016214,8.64752e-08,6.68031e-07,0.0025,8.07754e-05,0.000541483,6.19,0.0103117,0.00257398,3.31749,1.91859e+07,0.53448,3.09103e+06,2.40238e-58,0.999977
50,10,1,50,0.001,1 GHz,0.0335178,0.0807754,0.0907754,0.000275,2.75e-05,9.52628e-07,0.00016214,8.64752e-08,6.68031e-07,0.0025,8.07754e-05,5.41483e-05,6.19,0.0103117,0.00251696,3.17214,1.91859e+07,0.511063,3.09103e+06,2.40238e-58,0.999978
50,10,1,50,0.01,1 MHz (plan spec),33.5178,0.0807754,0.0907754,0.000275,2.75e-05,9.52628e-07,0.00016214,8.64752e-08,6.68031e-07,0.0025,0.000807754,0.0541483,6.19,0.010343,0.0542127,1471.64,1.91859e+07,237.096,3.09103e+06,2.40238e-58,0.989875
50,10,1,50,0.01,100 MHz,0.335178,0.0807754,0.0907754,0.000275,2.75e-05,9.52628e-07,0.00016214,8.64752e-08,6.68031e-07,0.0025,0.000807754,0.000541483,6.19,0.010343,0.00269653,3.64093,1.91859e+07,0.58659,3.09103e+06,2.40238e-58,0.999975
50,10,1,50,0.01,1 GHz,0.0335178,0.0807754,0.0907754,0.000275,2.75e-05,9.52628e-07,0.00016214,8.64752e-08,6.68031e-07,0.0025,0.000807754,5.41483e-05,6.19,0.010343,0.00264216,3.49558,1.91859e+07,0.563173,3.09103e+06,2.40238e-58,0.999976
50,10,1,200,0.001,1 MHz (plan spec),33.5178,0.0807754,0.0907754,0.000275,2.75e-05,9.52628e-07,0.00016214,8.64752e-08,6.68031e-07,0.01,8.07754e-05,0.0541483,6.19,0.014145,0.0550647,1518.26,1.91859e+07,244.607,3.09103e+06,2.40238e-58,0.989556
50,10,1,200,0.001,100 MHz,0.335178,0.0807754,0.0907754,0.000275,2.75e-05,9.52628e-07,0.00016214,8.64752e-08,6.68031e-07,0.01,8.07754e-05,0.000541483,6.19,0.014145,0.0100188,50.2606,1.91859e+07,8.09747,3.09103e+06,2.40238e-58,0.999653
50,10,1,200,0.001,1 GHz,0.0335178,0.0807754,0.0907754,0.000275,2.75e-05,9.52628e-07,0.00016214,8.64752e-08,6.68031e-07,0.01,8.07754e-05,5.41483e-05,6.19,0.014145,0.0100043,50.1152,1.91859e+07,8.07406,3.09103e+06,2.40238e-58,0.999654
50,10,1,200,0.01,1 MHz (plan spec),33.5178,0.0807754,0.0907754,0.000275,2.75e-05,9.52628e-07,0.00016214,8.64752e-08,6.68031e-07,0.01,0.000807754,0.0541483,6.19,0.0141679,0.0550706,1518.59,1.91859e+07,244.659,3.09103e+06,2.40238e-58,0.989554
50,10,1,200,0.01,100 MHz,0.335178,0.0807754,0.0907754,0.000275,2.75e-05,9.52628e-07,0.00016214,8.64752e-08,6.68031e-07,0.01,0.000807754,0.000541483,6.19,0.0141679,0.0100509,50.584,1.91859e+07,8.14958,3.09103e+06,2.40238e-58,0.99965
50,10,1,200,0.01,1 GHz,0.0335178,0.0807754,0.0907754,0.000275,2.75e-05,9.52628e-07,0.00016214,8.64752e-08,6.68031e-07,0.01,0.000807754,5.41483e-05,6.19,0.0141679,0.0100365,50.4386,1.91859e+07,8.12617,3.09103e+06,2.40238e-58,0.999651
50,10,1,1000,0.001,1 MHz (plan spec),33.5178,0.0807754,0.0907754,0.000275,2.75e-05,9.52628e-07,0.00016214,8.64752e-08,6.68031e-07,0.05,8.07754e-05,0.0541483,6.19,0.050991,0.0737029,2720.01,1.91859e+07,438.22,3.09103e+06,2.40238e-58,0.981366
50,10,1,1000,0.001,100 MHz,0.335178,0.0807754,0.0907754,0.000275,2.75e-05,9.52628e-07,0.00016214,8.64752e-08,6.68031e-07,0.05,8.07754e-05,0.000541483,6.19,0.050991,0.0500038,1252,1.91859e+07,201.71,3.09103e+06,2.40238e-58,0.99138
50,10,1,1000,0.001,1 GHz,0.0335178,0.0807754,0.0907754,0.000275,2.75e-05,9.52628e-07,0.00016214,8.64752e-08,6.68031e-07,0.05,8.07754e-05,5.41483e-05,6.19,0.050991,0.0500009,1251.86,1.91859e+07,201.687,3.09103e+06,2.40238e-58,0.991381
50,10,1,1000,0.01,1 MHz (plan spec),33.5178,0.0807754,0.0907754,0.000275,2.75e-05,9.52628e-07,0.00016214,8.64752e-08,6.68031e-07,0.05,0.000807754,0.0541483,6.19,0.0509973,0.0737073,2720.33,1.91859e+07,438.272,3.09103e+06,2.40238e-58,0.981364
50,10,1,1000,0.01,100 MHz,0.335178,0.0807754,0.0907754,0.000275,2.75e-05,9.52628e-07,0.00016214,8.64752e-08,6.68031e-07,0.05,0.000807754,0.000541483,6.19,0.0509973,0.0500102,1252.33,1.91859e+07,201.762,3.09103e+06,2.40238e-58,0.991377
50,10,1,1000,0.01,1 GHz,0.0335178,0.0807754,0.0907754,0.000275,2.75e-05,9.52628e-07,0.00016214,8.64752e-08,6.68031e-07,0.05,0.000807754,5.41483e-05,6.19,0.0509973,0.0500073,1252.18,1.91859e+07,201.739,3.09103e+06,2.40238e-58,0.991378
50,10,10,50,0.001,1 MHz (plan spec),33.5178,0.0807754,0.0907754,0.000275,2.75e-05,9.52628e-07,0.00016214,8.64752e-08,6.68031e-07,0.0025,0.000807754,0.541483,6.19,0.100035,0.54149,146818,1.91859e+07,23653.9,3.09103e+06,2.40238e-58,0.362303
50,10,10,50,0.001,100 MHz,0.335178,0.0807754,0.0907754,0.000275,2.75e-05,9.52628e-07,0.00016214,8.64752e-08,6.68031e-07,0.0025,0.000807754,0.00541483,6.19,0.100035,0.00602482,18.1756,1.91859e+07,2.92827,3.09103e+06,2.40238e-58,0.999874
50,10,10,50,0.001,1 GHz,0.0335178,0.0807754,0.0907754,0.000275,2.75e-05,9.52628e-07,0.00016214,8.64752e-08,6.68031e-07,0.0025,0.000807754,0.000541483,6.19,0.100035,0.00269653,3.64093,1.91859e+07,0.58659,3.09103e+06,2.40238e-58,0.999975
50,10,10,50,0.01,1 MHz (plan spec),33.5178,0.0807754,0.0907754,0.000275,2.75e-05,9.52628e-07,0.00016214,8.64752e-08,6.68031e-07,0.0025,0.00807754,0.541483,6.19,0.100357,0.541549,146851,1.91859e+07,23659.1,3.09103e+06,2.40238e-58,0.362222
50,10,10,50,0.01,100 MHz,0.335178,0.0807754,0.0907754,0.000275,2.75e-05,9.52628e-07,0.00016214,8.64752e-08,6.68031e-07,0.0025,0.00807754,0.00541483,6.19,0.100357,0.0100445,50.5196,1.91859e+07,8.13922,3.09103e+06,2.40238e-58,0.999651
50,10,10,50,0.01,1 GHz,0.0335178,0.0807754,0.0907754,0.000275,2.75e-05,9.52628e-07,0.00016214,8.64752e-08,6.68031e-07,0.0025,0.00807754,0.000541483,6.19,0.100357,0.00847736,35.985,1.91859e+07,5.79753,3.09103e+06,2.40238e-58,0.999751
50,10,10,200,0.001,1 MHz (plan spec),33.5178,0.0807754,0.0907754,0.000275,2.75e-05,9.52628e-07,0.00016214,8.64752e-08,6.68031e-07,0.01,0.000807754,0.541483,6.19,0.100502,0.541576,146865,1.91859e+07,23661.5,3.09103e+06,2.40238e-58,0.362186
50,10,10,200,0.001,100 MHz,0.335178,0.0807754,0.0907754,0.000275,2.75e-05,9.52628e-07,0.00016214,8.64752e-08,6.68031e-07,0.01,0.000807754,0.00541483,6.19,0.100502,0.0114039,65.1187,1.91859e+07,10.4913,3.09103e+06,2.40238e-58,0.99955
50,10,10,200,0.001,1 GHz,0.0335178,0.0807754,0.0907754,0.000275,2.75e-05,9.52628e-07,0.00016214,8.64752e-08,6.68031e-07,0.01,0.000807754,0.000541483,6.19,0.100502,0.0100509,50.584,1.91859e+07,8.14958,3.09103e+06,2.40238e-58,0.99965
50,10,10,200,0.01,1 MHz (plan spec),33.5178,0.0807754,0.0907754,0.000275,2.75e-05,9.52628e-07,0.00016214,8.64752e-08,6.68031e-07,0.01,0.00807754,0.541483,6.19,0.100823,0.541636,146898,1.91859e+07,23666.7,3.09103e+06,2.40238e-58,0.362105
50,10,10,200,0.01,100 MHz,0.335178,0.0807754,0.0907754,0.000275,2.75e-05,9.52628e-07,0.00016214,8.64752e-08,6.68031e-07,0.01,0.00807754,0.00541483,6.19,0.100823,0.0139514,97.4627,1.91859e+07,15.7022,3.09103e+06,2.40238e-58,0.999326
50,10,10,200,0.01,1 GHz,0.0335178,0.0807754,0.0907754,0.000275,2.75e-05,9.52628e-07,0.00016214,8.64752e-08,6.68031e-07,0.01,0.00807754,0.000541483,6.19,0.100823,0.0128692,82.928,1.91859e+07,13.3605,3.09103e+06,2.40238e-58,0.999427
50,10,10,1000,0.001,1 MHz (plan spec),33.5178,0.0807754,0.0907754,0.000275,2.75e-05,9.52628e-07,0.00016214,8.64752e-08,6.68031e-07,0.05,0.000807754,0.541483,6.19,0.111807,0.543788,148067,1.91859e+07,23855.1,3.09103e+06,2.40238e-58,0.359188
50,10,10,1000,0.001,100 MHz,0.335178,0.0807754,0.0907754,0.000275,2.75e-05,9.52628e-07,0.00016214,8.64752e-08,6.68031e-07,0.05,0.000807754,0.00541483,6.19,0.111807,0.0502996,1266.86,1.91859e+07,204.104,3.09103e+06,2.40238e-58,0.991278
50,10,10,1000,0.001,1 GHz,0.0335178,0.0807754,0.0907754,0.000275,2.75e-05,9.52628e-07,0.00016214,8.64752e-08,6.68031e-07,0.05,0.000807754,0.000541483,6.19,0.111807,0.0500102,1252.33,1.91859e+07,201.762,3.09103e+06,2.40238e-58,0.991377
50,10,10,1000,0.01,1 MHz (plan spec),33.5178,0.0807754,0.0907754,0.000275,2.75e-05,9.52628e-07,0.00016214,8.64752e-08,6.68031e-07,0.05,0.00807754,0.541483,6.19,0.112095,0.543847,148099,1.91859e+07,23860.3,3.09103e+06,2.40238e-58,0.359108
50,10,10,1000,0.01,100 MHz,0.335178,0.0807754,0.0907754,0.000275,2.75e-05,9.52628e-07,0.00016214,8.64752e-08,6.68031e-07,0.05,0.00807754,0.00541483,6.19,0.112095,0.0509376,1299.21,1.91859e+07,209.315,3.09103e+06,2.40238e-58,0.991056
50,10,10,1000,0.01,1 GHz,0.0335178,0.0807754,0.0907754,0.000275,2.75e-05,9.52628e-07,0.00016214,8.64752e-08,6.68031e-07,0.05,0.00807754,0.000541483,6.19,0.112095,0.0506519,1284.67,1.91859e+07,206.973,3.09103e+06,2.40238e-58,0.991156
50,10,50,50,0.001,1 MHz (plan spec),33.5178,0.0807754,0.0907754,0.000275,2.75e-05,9.52628e-07,0.00016214,8.64752e-08,6.68031e-07,0.0025,0.00403877,2.70742,6.19,0.500023,2.70742,3.67039e+06,1.91859e+07,591336,3.09103e+06,2.40238e-58,9.48486e-12
50,10,50,50,0.001,100 MHz,0.335178,0.0807754,0.0907754,0.000275,2.75e-05,9.52628e-07,0.00016214,8.64752e-08,6.68031e-07,0.0025,0.00403877,0.0270742,6.19,0.500023,0.027489,378.372,1.91859e+07,60.9596,3.09103e+06,2.40238e-58,0.997387
50,10,50,50,0.001,1 GHz,0.0335178,0.0807754,0.0907754,0.000275,2.75e-05,9.52628e-07,0.00016214,8.64752e-08,6.68031e-07,0.0025,0.00403877,0.00270742,6.19,0.500023,0.00547425,15.0055,1.91859e+07,2.41753,3.09103e+06,2.40238e-58,0.999896
50,10,50,50,0.01,1 MHz (plan spec),33.5178,0.0807754,0.0907754,0.000275,2.75e-05,9.52628e-07,0.00016214,8.64752e-08,6.68031e-07,0.0025,0.0403877,2.70742,6.19,0.501635,2.70772,3.67119e+06,1.91859e+07,591466,3.09103e+06,2.40238e-58,9.43197e-12
50,10,50,50,0.01,100 MHz,0.335178,0.0807754,0.0907754,0.000275,2.75e-05,9.52628e-07,0.00016214,8.64752e-08,6.68031e-07,0.0025,0.0403877,0.0270742,6.19,0.501635,0.0486878,1186.97,1.91859e+07,191.233,3.09103e+06,2.40238e-58,0.991825
50,10,50,50,0.01,1 GHz,0.0335178,0.0807754,0.0907754,0.000275,2.75e-05,9.52628e-07,0.00016214,8.64752e-08,6.68031e-07,0.0025,0.0403877,0.00270742,6.19,0.501635,0.0405564,823.606,1.91859e+07,132.691,3.09103e+06,2.40238e-58,0.994321
50,10,50,200,0.001,1 MHz (plan spec),33.5178,0.0807754,0.0907754,0.000275,2.75e-05,9.52628e-07,0.00016214,8.64752e-08,6.68031e-07,0.01,0.00403877,2.70742,6.19,0.500116,2.70744,3.67043e+06,1.91859e+07,591343,3.09103e+06,2.40238e-58,9.48178e-12
50,10,50,200,0.001,100 MHz,0.335178,0.0807754,0.0907754,0.000275,2.75e-05,9.52628e-07,0.00016214,8.64752e-08,6.68031e-07,0.01,0.00403877,0.0270742,6.19,0.500116,0.0291444,425.316,1.91859e+07,68.5226,3.09103e+06,2.40238e-58,0.997063
50,10,50,200,0.001,1 GHz,0.0335178,0.0807754,0.0907754,0.000275,2.75e-05,9.52628e-07,0.00016214,8.64752e-08,6.68031e-07,0.01,0.00403877,0.00270742,6.19,0.500116,0.0111228,61.9485,1.91859e+07,9.98052,3.09103e+06,2.40238e-58,0.999572
50,10,50,200,0.01,1 MHz (plan spec),33.5178,0.0807754,0.0907754,0.000275,2.75e-05,9.52628e-07,0.00016214,8.64752e-08,6.68031e-07,0.01,0.0403877,2.70742,6.19,0.501728,2.70774,3.67124e+06,1.91859e+07,591473,3.09103e+06,2.40238e-58,9.42891e-12
50,10,50,200,0.01,100 MHz,0.335178,0.0807754,0.0907754,0.000275,2.75e-05,9.52628e-07,0.00016214,8.64752e-08,6.68031e-07,0.01,0.0403877,0.0270742,6.19,0.501728,0.0496413,1233.92,1.91859e+07,198.796,3.09103e+06,2.40238e-58,0.991504
50,10,50,200,0.01,1 GHz,0.0335178,0.0807754,0.0907754,0.000275,2.75e-05,9.52628e-07,0.00016214,8.64752e-08,6.68031e-07,0.01,0.0403877,0.00270742,6.19,0.501728,0.0416962,870.549,1.91859e+07,140.254,3.09103e+06,2.40238e-58,0.993998
50,10,50,1000,0.001,1 MHz (plan spec),33.5178,0.0807754,0.0907754,0.000275,2.75e-05,9.52628e-07,0.00016214,8.64752e-08,6.68031e-07,0.05,0.00403877,2.70742,6.19,0.50251,2.70788,3.67163e+06,1.91859e+07,591537,3.09103e+06,2.40238e-58,9.40331e-12
50,10,50,1000,0.001,100 MHz,0.335178,0.0807754,0.0907754,0.000275,2.75e-05,9.52628e-07,0.00016214,8.64752e-08,6.68031e-07,0.05,0.00403877,0.0270742,6.19,0.50251,0.0570035,1627.06,1.91859e+07,262.135,3.09103e+06,2.40238e-58,0.988812
50,10,50,1000,0.001,1 GHz,0.0335178,0.0807754,0.0907754,0.000275,2.75e-05,9.52628e-07,0.00016214,8.64752e-08,6.68031e-07,0.05,0.00403877,0.00270742,6.19,0.50251,0.0502366,1263.69,1.91859e+07,203.593,3.09103e+06,2.40238e-58,0.991299
50,10,50,1000,0.01,1 MHz (plan spec),33.5178,0.0807754,0.0907754,0.000275,2.75e-05,9.52628e-07,0.00016214,8.64752e-08,6.68031e-07,0.05,0.0403877,2.70742,6.19,0.504114,2.70818,3.67244e+06,1.91859e+07,591667,3.09103e+06,2.40238e-58,9.35088e-12
50,10,50,1000,0.01,100 MHz,0.335178,0.0807754,0.0907754,0.000275,2.75e-05,9.52628e-07,0.00016214,8.64752e-08,6.68031e-07,0.05,0.0403877,0.0270742,6.19,0.504114,0.0697442,2435.66,1.91859e+07,392.409,3.09103e+06,2.40238e-58,0.983298
50,10,50,1000,0.01,1 GHz,0.0335178,0.0807754,0.0907754,0.000275,2.75e-05,9.52628e-07,0.00016214,8.64752e-08,6.68031e-07,0.05,0.0403877,0.00270742,6.19,0.504114,0.0643317,2072.29,1.91859e+07,333.867,3.09103e+06,2.40238e-58,0.985772
50,10,100,50,0.001,1 MHz (plan spec),33.5178,0.0807754,0.0907754,0.000275,2.75e-05,9.52628e-07,0.00016214,8.64752e-08,6.68031e-07,0.0025,0.00807754,5.41483,6.19,1.00004,5.41484,1.46815e+07,1.91859e+07,2.36534e+06,3.09103e+06,2.40238e-58,8.09379e-45
50,10,100,50,0.001,100 MHz,0.335178,0.0807754,0.0907754,0.000275,2.75e-05,9.52628e-07,0.00016214,8.64752e-08,6.68031e-07,0.0025,0.00807754,0.0541483,6.19,1.00004,0.0548052,1503.99,1.91859e+07,242.307,3.09103e+06,2.40238e-58,0.989654
50,10,100,50,0.001,1 GHz,0.0335178,0.0807754,0.0907754,0.000275,2.75e-05,9.52628e-07,0.00016214,8.64752e-08,6.68031e-07,0.0025,0.00807754,0.00541483,6.19,1.00004,0.0100445,50.5196,1.91859e+07,8.13922,3.09103e+06,2.40238e-58,0.999651
50,10,100,50,0.01,1 MHz (plan spec),33.5178,0.0807754,0.0907754,0.000275,2.75e-05,9.52628e-07,0.00016214,8.64752e-08,6.68031e-07,0.0025,0.0807754,5.41483,6.19,1.00326,5.41544,1.46848e+07,1.91859e+07,2.36586e+06,3.09103e+06,2.40238e-58,7.91477e-45
50,10,100,50,0.01,100 MHz,0.335178,0.0807754,0.0907754,0.000275,2.75e-05,9.52628e-07,0.00016214,8.64752e-08,6.68031e-07,0.0025,0.0807754,0.0541483,6.19,1.00326,0.0972782,4738.39,1.91859e+07,763.402,3.09103e+06,2.40238e-58,0.967764
50,10,100,50,0.01,1 GHz,0.0335178,0.0807754,0.0907754,0.000275,2.75e-05,9.52628e-07,0.00016214,8.64752e-08,6.68031e-07,0.0025,0.0807754,0.00541483,6.19,1.00326,0.0809958,3284.92,1.91859e+07,529.234,3.09103e+06,2.40238e-58,0.97754
50,10,100,200,0.001,1 MHz (plan spec),33.5178,0.0807754,0.0907754,0.000275,2.75e-05,9.52628e-07,0.00016214,8.64752e-08,6.68031e-07,0.01,0.00807754,5.41483,6.19,1.00008,5.41485,1.46816e+07,1.91859e+07,2.36535e+06,3.09103e+06,2.40238e-58,8.09116e-45
50,10,100,200,0.001,100 MHz,0.335178,0.0807754,0.0907754,0.000275,2.75e-05,9.52628e-07,0.00016214,8.64752e-08,6.68031e-07,0.01,0.00807754,0.0541483,6.19,1.00008,0.055654,1550.93,1.91859e+07,249.87,3.09103e+06,2.40238e-58,0.989332
50,10,100,200,0.001,1 GHz,0.0335178,0.0807754,0.0907754,0.000275,2.75e-05,9.52628e-07,0.00016214,8.64752e-08,6.68031e-07,0.01,0.00807754,0.00541483,6.19,1.00008,0.0139514,97.4627,1.91859e+07,15.7022,3.09103e+06,2.40238e-58,0.999326
50,10,100,200,0.01,1 MHz (plan spec),33.5178,0.0807754,0.0907754,0.000275,2.75e-05,9.52628e-07,0.00016214,8.64752e-08,6.68031e-07,0.01,0.0807754,5.41483,6.19,1.00331,5.41544,1.46848e+07,1.91859e+07,2.36587e+06,3.09103e+06,2.40238e-58,7.9122e-45
50,10,100,200,0.01,100 MHz,0.335178,0.0807754,0.0907754,0.000275,2.75e-05,9.52628e-07,0.00016214,8.64752e-08,6.68031e-07,0.01,0.0807754,0.0541483,6.19,1.00331,0.0977588,4785.33,1.91859e+07,770.965,3.09103e+06,2.40238e-58,0.96745
50,10,100,200,0.01,1 GHz,0.0335178,0.0807754,0.0907754,0.000275,2.75e-05,9.52628e-07,0.00016214,8.64752e-08,6.68031e-07,0.01,0.0807754,0.00541483,6.19,1.00331,0.0815725,3331.87,1.91859e+07,536.797,3.09103e+06,2.40238e-58,0.977223
50,10,100,1000,0.001,1 MHz (plan spec),33.5178,0.0807754,0.0907754,0.000275,2.75e-05,9.52628e-07,0.00016214,8.64752e-08,6.68031e-07,0.05,0.00807754,5.41483,6.19,1.00128,5.41507,1.46828e+07,1.91859e+07,2.36554e+06,3.09103e+06,2.40238e-58,8.0242e-45
50,10,100,1000,0.001,100 MHz,0.335178,0.0807754,0.0907754,0.000275,2.75e-05,9.52628e-07,0.00016214,8.64752e-08,6.68031e-07,0.05,0.00807754,0.0541483,6.19,1.00128,0.0741442,2752.67,1.91859e+07,443.483,3.09103e+06,2.40238e-58,0.981145
50,10,100,1000,0.001,1 GHz,0.0335178,0.0807754,0.0907754,0.000275,2.75e-05,9.52628e-07,0.00016214,8.64752e-08,6.68031e-07,0.05,0.00807754,0.00541483,6.19,1.00128,0.0509376,1299.21,1.91859e+07,209.315,3.09103e+06,2.40238e-58,0.991056
50,10,100,1000,0.01,1 MHz (plan spec),33.5178,0.0807754,0.0907754,0.000275,2.75e-05,9.52628e-07,0.00016214,8.64752e-08,6.68031e-07,0.05,0.0807754,5.41483,6.19,1.0045,5.41567,1.4686e+07,1.91859e+07,2.36606e+06,3.09103e+06,2.40238e-58,7.84672e-45
50,10,100,1000,0.01,100 MHz,0.335178,0.0807754,0.0907754,0.000275,2.75e-05,9.52628e-07,0.00016214,8.64752e-08,6.68031e-07,0.05,0.0807754,0.0541483,6.19,1.0045,0.109347,5987.08,1.91859e+07,964.577,3.09103e+06,2.40238e-58,0.959444
50,10,100,1000,0.01,1 GHz,0.0335178,0.0807754,0.0907754,0.000275,2.75e-05,9.52628e-07,0.00016214,8.64752e-08,6.68031e-07,0.05,0.0807754,0.00541483,6.19,1.0045,0.0951529,4533.61,1.91859e+07,730.409,3.09103e+06,2.40238e-58,0.969136
50,50,1,50,0.001,1 MHz (plan spec),33.5178,0.0807754,0.130775,0.000275,2.75e-05,9.52628e-07,0.00016214,1.2458e-07,1.38648e-06,0.0025,8.07754e-05,0.0541483,30.95,0.0500633,0.0542068,1471.32,4.79647e+08,237.044,7.72759e+07,0,0.989877
50,50,1,50,0.001,100 MHz,0.335178,0.0807754,0.130775,0.000275,2.75e-05,9.52628e-07,0.00016214,1.2458e-07,1.38648e-06,0.0025,8.07754e-05,0.000541483,30.95,0.0500633,0.00257398,3.31749,4.79647e+08,0.53448,7.72759e+07,0,0.999977
50,50,1,50,0.001,1 GHz,0.0335178,0.0807754,0.130775,0.000275,2.75e-05,9.52628e-07,0.00016214,1.2458e-07,1.38648e-06,0.0025,8.07754e-05,5.41483e-05,30.95,0.0500633,0.00251696,3.17214,4.79647e+08,0.511063,7.72759e+07,0,0.999978
50,50,1,50,0.01,1 MHz (plan spec),33.5178,0.0807754,0.130775,0.000275,2.75e-05,9.52628e-07,0.00016214,1.2458e-07,1.38648e-06,0.0025,0.000807754,0.0541483,30.95,0.0500697,0.0542127,1471.64,4.79647e+08,237.096,7.72759e+07,0,0.989875
50,50,1,50,0.01,100 MHz,0.335178,0.0807754,0.130775,0.000275,2.75e-05,9.52628e-07,0.00016214,1.2458e-07,1.38648e-06,0.0025,0.000807754,0.000541483,30.95,0.0500697,0.00269653,3.64093,4.79647e+08,0.58659,7.72759e+07,0,0.999975
50,50,1,50,0.01,1 GHz,0.0335178,0.0807754,0.130775,0.000275,2.75e-05,9.52628e-07,0.00016214,1.2458e-07,1.38648e-06,0.0025,0.000807754,5.41483e-05,30.95,0.0500697,0.00264216,3.49558,4.79647e+08,0.563173,7.72759e+07,0,0.999976
50,50,1,200,0.001,1 MHz (plan spec),33.5178,0.0807754,0.130775,0.000275,2.75e-05,9.52628e-07,0.00016214,1.2458e-07,1.38648e-06,0.01,8.07754e-05,0.0541483,30.95,0.050991,0.0550647,1518.26,4.79647e+08,244.607,7.72759e+07,0,0.989556
50,50,1,200,0.001,100 MHz,0.335178,0.0807754,0.130775,0.000275,2.75e-05,9.52628e-07,0.00016214,1.2458e-07,1.38648e-06,0.01,8.07754e-05,0.000541483,30.95,0.050991,0.0100188,50.2606,4.79647e+08,8.09747,7.72759e+07,0,0.999653
50,50,1,200,0.001,1 GHz,0.0335178,0.0807754,0.130775,0.000275,2.75e-05,9.52628e-07,0.00016214,1.2458e-07,1.38648e-06,0.01,8.07754e-05,5.41483e-05,30.95,0.050991,0.0100043,50.1152,4.79647e+08,8.07406,7.72759e+07,0,0.999654
50,50,1,200,0.01,1 MHz (plan spec),33.5178,0.0807754,0.130775,0.000275,2.75e-05,9.52628e-07,0.00016214,1.2458e-07,1.38648e-06,0.01,0.000807754,0.0541483,30.95,0.0509973,0.0550706,1518.59,4.79647e+08,244.659,7.72759e+07,0,0.989554
50,50,1,200,0.01,100 MHz,0.335178,0.0807754,0.130775,0.000275,2.75e-05,9.52628e-07,0.00016214,1.2458e-07,1.38648e-06,0.01,0.000807754,0.000541483,30.95,0.0509973,0.0100509,50.584,4.79647e+08,8.14958,7.72759e+07,0,0.99965
50,50,1,200,0.01,1 GHz,0.0335178,0.0807754,0.130775,0.000275,2.75e-05,9.52628e-07,0.00016214,1.2458e-07,1.38648e-06,0.01,0.000807754,5.41483e-05,30.95,0.0509973,0.0100365,50.4386,4.79647e+08,8.12617,7.72759e+07,0,0.999651
50,50,1,1000,0.001,1 MHz (plan spec),33.5178,0.0807754,0.130775,0.000275,2.75e-05,9.52628e-07,0.00016214,1.2458e-07,1.38648e-06,0.05,8.07754e-05,0.0541483,30.95,0.0707113,0.0737029,2720.01,4.79647e+08,438.22,7.72759e+07,0,0.981366
50,50,1,1000,0.001,100 MHz,0.335178,0.0807754,0.130775,0.000275,2.75e-05,9.52628e-07,0.00016214,1.2458e-07,1.38648e-06,0.05,8.07754e-05,0.000541483,30.95,0.0707113,0.0500038,1252,4.79647e+08,201.71,7.72759e+07,0,0.99138
50,50,1,1000,0.001,1 GHz,0.0335178,0.0807754,0.130775,0.000275,2.75e-05,9.52628e-07,0.00016214,1.2458e-07,1.38648e-06,0.05,8.07754e-05,5.41483e-05,30.95,0.0707113,0.0500009,1251.86,4.79647e+08,201.687,7.72759e+07,0,0.991381
50,50,1,1000,0.01,1 MHz (plan spec),33.5178,0.0807754,0.130775,0.000275,2.75e-05,9.52628e-07,0.00016214,1.2458e-07,1.38648e-06,0.05,0.000807754,0.0541483,30.95,0.0707158,0.0737073,2720.33,4.79647e+08,438.272,7.72759e+07,0,0.981364
50,50,1,1000,0.01,100 MHz,0.335178,0.0807754,0.130775,0.000275,2.75e-05,9.52628e-07,0.00016214,1.2458e-07,1.38648e-06,0.05,0.000807754,0.000541483,30.95,0.0707158,0.0500102,1252.33,4.79647e+08,201.762,7.72759e+07,0,0.991377
50,50,1,1000,0.01,1 GHz,0.0335178,0.0807754,0.130775,0.000275,2.75e-05,9.52628e-07,0.00016214,1.2458e-07,1.38648e-06,0.05,0.000807754,5.41483e-05,30.95,0.0707158,0.0500073,1252.18,4.79647e+08,201.739,7.72759e+07,0,0.991378
50,50,10,50,0.001,1 MHz (plan spec),33.5178,0.0807754,0.130775,0.000275,2.75e-05,9.52628e-07,0.00016214,1.2458e-07,1.38648e-06,0.0025,0.000807754,0.541483,30.95,0.500007,0.54149,146818,4.79647e+08,23653.9,7.72759e+07,0,0.362303
50,50,10,50,0.001,100 MHz,0.335178,0.0807754,0.130775,0.000275,2.75e-05,9.52628e-07,0.00016214,1.2458e-07,1.38648e-06,0.0025,0.000807754,0.00541483,30.95,0.500007,0.00602482,18.1756,4.79647e+08,2.92827,7.72759e+07,0,0.999874
50,50,10,50,0.001,1 GHz,0.0335178,0.0807754,0.130775,0.000275,2.75e-05,9.52628e-07,0.00016214,1.2458e-07,1.38648e-06,0.0025,0.000807754,0.000541483,30.95,0.500007,0.00269653,3.64093,4.79647e+08,0.58659,7.72759e+07,0,0.999975
50,50,10,50,0.01,1 MHz (plan spec),33.5178,0.0807754,0.130775,0.000275,2.75e-05,9.52628e-07,0.00016214,1.2458e-07,1.38648e-06,0.0025,0.00807754,0.541483,30.95,0.500072,0.541549,146851,4.79647e+08,23659.1,7.72759e+07,0,0.362222
50,50,10,50,0.01,100 MHz,0.335178,0.0807754,0.130775,0.000275,2.75e-05,9.52628e-07,0.00016214,1.2458e-07,1.38648e-06,0.0025,0.00807754,0.00541483,30.95,0.500072,0.0100445,50.5196,4.79647e+08,8.13922,7.72759e+07,0,0.999651
50,50,10,50,0.01,1 GHz,0.0335178,0.0807754,0.130775,0.000275,2.75e-05,9.52628e-07,0.00016214,1.2458e-07,1.38648e-06,0.0025,0.00807754,0.000541483,30.95,0.500072,0.00847736,35.985,4.79647e+08,5.79753,7.72759e+07,0,0.999751
50,50,10,200,0.001,1 MHz (plan spec),33.5178,0.0807754,0.130775,0.000275,2.75e-05,9.52628e-07,0.00016214,1.2458e-07,1.38648e-06,0.01,0.000807754,0.541483,30.95,0.500101,0.541576,146865,4.79647e+08,23661.5,7.72759e+07,0,0.362186
50,50,10,200,0.001,100 MHz,0.335178,0.0807754,0.130775,0.000275,2.75e-05,9.52628e-07,0.00016214,1.2458e-07,1.38648e-06,0.01,0.000807754,0.00541483,30.95,0.500101,0.0114039,65.1187,4.79647e+08,10.4913,7.72759e+07,0,0.99955
50,50,10,200,0.001,1 GHz,0.0335178,0.0807754,0.130775,0.000275,2.75e-05,9.52628e-07,0.00016214,1.2458e-07,1.38648e-06,0.01,0.000807754,0.000541483,30.95,0.500101,0.0100509,50.584,4.79647e+08,8.14958,7.72759e+07,0,0.99965
50,50,10,200,0.01,1 MHz (plan spec),33.5178,0.0807754,0.130775,0.000275,2.75e-05,9.52628e-07,0.00016214,1.2458e-07,1.38648e-06,0.01,0.00807754,0.541483,30.95,0.500165,0.541636,146898,4.79647e+08,23666.7,7.72759e+07,0,0.362105
50,50,10,200,0.01,100 MHz,0.335178,0.0807754,0.130775,0.000275,2.75e-05,9.52628e-07,0.00016214,1.2458e-07,1.38648e-06,0.01,0.00807754,0.00541483,30.95,0.500165,0.0139514,97.4627,4.79647e+08,15.7022,7.72759e+07,0,0.999326
50,50,10,200,0.01,1 GHz,0.0335178,0.0807754,0.130775,0.000275,2.75e-05,9.52628e-07,0.00016214,1.2458e-07,1.38648e-06,0.01,0.00807754,0.000541483,30.95,0.500165,0.0128692,82.928,4.79647e+08,13.3605,7.72759e+07,0,0.999427
50,50,10,1000,0.001,1 MHz (plan spec),33.5178,0.0807754,0.130775,0.000275,2.75e-05,9.52628e-07,0.00016214,1.2458e-07,1.38648e-06,0.05,0.000807754,0.541483,30.95,0.502495,0.543788,148067,4.79647e+08,23855.1,7.72759e+07,0,0.359188
50,50,10,1000,0.001,100 MHz,0.335178,0.0807754,0.130775,0.000275,2.75e-05,9.52628e-07,0.00016214,1.2458e-07,1.38648e-06,0.05,0.000807754,0.00541483,30.95,0.502495,0.0502996,1266.86,4.79647e+08,204.104,7.72759e+07,0,0.991278
50,50,10,1000,0.001,1 GHz,0.0335178,0.0807754,0.130775,0.000275,2.75e-05,9.52628e-07,0.00016214,1.2458e-07,1.38648e-06,0.05,0.000807754,0.000541483,30.95,0.502495,0.0500102,1252.33,4.79647e+08,201.762,7.72759e+07,0,0.991377
50,50,10,1000,0.01,1 MHz (plan spec),33.5178,0.0807754,0.130775,0.000275,2.75e-05,9.52628e-07,0.00016214,1.2458e-07,1.38648e-06,0.05,0.00807754,0.541483,30.95,0.502559,0.543847,148099,4.79647e+08,23860.3,7.72759e+07,0,0.359108
50,50,10,1000,0.01,100 MHz,0.335178,0.0807754,0.130775,0.000275,2.75e-05,9.52628e-07,0.00016214,1.2458e-07,1.38648e-06,0.05,0.00807754,0.00541483,30.95,0.502559,0.0509376,1299.21,4.79647e+08,209.315,7.72759e+07,0,0.991056
50,50,10,1000,0.01,1 GHz,0.0335178,0.0807754,0.130775,0.000275,2.75e-05,9.52628e-07,0.00016214,1.2458e-07,1.38648e-06,0.05,0.00807754,0.000541483,30.95,0.502559,0.0506519,1284.67,4.79647e+08,206.973,7.72759e+07,0,0.991156
50,50,50,50,0.001,1 MHz (plan spec),33.5178,0.0807754,0.130775,0.000275,2.75e-05,9.52628e-07,0.00016214,1.2458e-07,1.38648e-06,0.0025,0.00403877,2.70742,30.95,2.5,2.70742,3.67039e+06,4.79647e+08,591336,7.72759e+07,0,9.48486e-12
50,50,50,50,0.001,100 MHz,0.335178,0.0807754,0.130775,0.000275,2.75e-05,9.52628e-07,0.00016214,1.2458e-07,1.38648e-06,0.0025,0.00403877,0.0270742,30.95,2.5,0.027489,378.372,4.79647e+08,60.9596,7.72759e+07,0,0.997387
50,50,50,50,0.001,1 GHz,0.0335178,0.0807754,0.130775,0.000275,2.75e-05,9.52628e-07,0.00016214,1.2458e-07,1.38648e-06,0.0025,0.00403877,0.00270742,30.95,2.5,0.00547425,15.0055,4.79647e+08,2.41753,7.72759e+07,0,0.999896
50,50,50,50,0.01,1 MHz (plan spec),33.5178,0.0807754,0.130775,0.000275,2.75e-05,9.52628e-07,0.00016214,1.2458e-07,1.38648e-06,0.0025,0.0403877,2.70742,30.95,2.50033,2.70772,3.67119e+06,4.79647e+08,591466,7.72759e+07,0,9.43197e-12
50,50,50,50,0.01,100 MHz,0.335178,0.0807754,0.130775,0.000275,2.75e-05,9.52628e-07,0.00016214,1.2458e-07,1.38648e-06,0.0025,0.0403877,0.0270742,30.95,2.50033,0.0486878,1186.97,4.79647e+08,191.233,7.72759e+07,0,0.991825
50,50,50,50,0.01,1 GHz,0.0335178,0.0807754,0.130775,0.000275,2.75e-05,9.52628e-07,0.00016214,1.2458e-07,1.38648e-06,0.0025,0.0403877,0.00270742,30.95,2.50033,0.0405564,823.606,4.79647e+08,132.691,7.72759e+07,0,0.994321
50,50,50,200,0.001,1 MHz (plan spec),33.5178,0.0807754,0.130775,0.000275,2.75e-05,9.52628e-07,0.00016214,1.2458e-07,1.38648e-06,0.01,0.00403877,2.70742,30.95,2.50002,2.70744,3.67043e+06,4.79647e+08,591343,7.72759e+07,0,9.48178e-12
50,50,50,200,0.001,100 MHz,0.335178,0.0807754,0.130775,0.000275,2.75e-05,9.52628e-07,0.00016214,1.2458e-07,1.38648e-06,0.01,0.00403877,0.0270742,30.95,2.50002,0.0291444,425.316,4.79647e+08,68.5226,7.72759e+07,0,0.997063
50,50,50,200,0.001,1 GHz,0.0335178,0.0807754,0.130775,0.000275,2.75e-05,9.52628e-07,0.00016214,1.2458e-07,1.38648e-06,0.01,0.00403877,0.00270742,30.95,2.50002,0.0111228,61.9485,4.79647e+08,9.98052,7.72759e+07,0,0.999572
50,50,50,200,0.01,1 MHz (plan spec),33.5178,0.0807754,0.130775,0.000275,2.75e-05,9.52628e-07,0.00016214,1.2458e-07,1.38648e-06,0.01,0.0403877,2.70742,30.95,2.50035,2.70774,3.67124e+06,4.79647e+08,591473,7.72759e+07,0,9.42891e-12
50,50,50,200,0.01,100 MHz,0.335178,0.0807754,0.130775,0.000275,2.75e-05,9.52628e-07,0.00016214,1.2458e-07,1.38648e-06,0.01,0.0403877,0.0270742,30.95,2.50035,0.0496413,1233.92,4.79647e+08,198.796,7.72759e+07,0,0.991504
50,50,50,200,0.01,1 GHz,0.0335178,0.0807754,0.130775,0.000275,2.75e-05,9.52628e-07,0.00016214,1.2458e-07,1.38648e-06,0.01,0.0403877,0.00270742,30.95,2.50035,0.0416962,870.549,4.79647e+08,140.254,7.72759e+07,0,0.993998
50,50,50,1000,0.001,1 MHz (plan spec),33.5178,0.0807754,0.130775,0.000275,2.75e-05,9.52628e-07,0.00016214,1.2458e-07,1.38648e-06,0.05,0.00403877,2.70742,30.95,2.5005,2.70788,3.67163e+06,4.79647e+08,591537,7.72759e+07,0,9.40331e-12
50,50,50,1000,0.001,100 MHz,0.335178,0.0807754,0.130775,0.000275,2.75e-05,9.52628e-07,0.00016214,1.2458e-07,1.38648e-06,0.05,0.00403877,0.0270742,30.95,2.5005,0.0570035,1627.06,4.79647e+08,262.135,7.72759e+07,0,0.988812
50,50,50,1000,0.001,1 GHz,0.0335178,0.0807754,0.130775,0.000275,2.75e-05,9.52628e-07,0.00016214,1.2458e-07,1.38648e-06,0.05,0.00403877,0.00270742,30.95,2.5005,0.0502366,1263.69,4.79647e+08,203.593,7.72759e+07,0,0.991299
50,50,50,1000,0.01,1 MHz (plan spec),33.5178,0.0807754,0.130775,0.000275,2.75e-05,9.52628e-07,0.00016214,1.2458e-07,1.38648e-06,0.05,0.0403877,2.70742,30.95,2.50083,2.70818,3.67244e+06,4.79647e+08,591667,7.72759e+07,0,9.35088e-12
50,50,50,1000,0.01,100 MHz,0.335178,0.0807754,0.130775,0.000275,2.75e-05,9.52628e-07,0.00016214,1.2458e-07,1.38648e-06,0.05,0.0403877,0.0270742,30.95,2.50083,0.0697442,2435.66,4.79647e+08,392.409,7.72759e+07,0,0.983298
50,50,50,1000,0.01,1 GHz,0.0335178,0.0807754,0.130775,0.000275,2.75e-05,9.52628e-07,0.00016214,1.2458e-07,1.38648e-06,0.05,0.0403877,0.00270742,30.95,2.50083,0.0643317,2072.29,4.79647e+08,333.867,7.72759e+07,0,0.985772
50,50,100,50,0.001,1 MHz (plan spec),33.5178,0.0807754,0.130775,0.000275,2.75e-05,9.52628e-07,0.00016214,1.2458e-07,1.38648e-06,0.0025,0.00807754,5.41483,30.95,5.00001,5.41484,1.46815e+07,4.79647e+08,2.36534e+06,7.72759e+07,0,8.09379e-45
50,50,100,50,0.001,100 MHz,0.335178,0.0807754,0.130775,0.000275,2.75e-05,9.52628e-07,0.00016214,1.2458e-07,1.38648e-06,0.0025,0.00807754,0.0541483,30.95,5.00001,0.0548052,1503.99,4.79647e+08,242.307,7.72759e+07,0,0.989654
50,50,100,50,0.001,1 GHz,0.0335178,0.0807754,0.130775,0.000275,2.75e-05,9.52628e-07,0.00016214,1.2458e-07,1.38648e-06,0.0025,0.00807754,0.00541483,30.95,5.00001,0.0100445,50.5196,4.79647e+08,8.13922,7.72759e+07,0,0.999651
50,50,100,50,0.01,1 MHz (plan spec),33.5178,0.0807754,0.130775,0.000275,2.75e-05,9.52628e-07,0.00016214,1.2458e-07,1.38648e-06,0.0025,0.0807754,5.41483,30.95,5.00065,5.41544,1.46848e+07,4.79647e+08,2.36586e+06,7.72759e+07,0,7.91477e-45
50,50,100,50,0.01,100 MHz,0.335178,0.0807754,0.130775,0.000275,2.75e-05,9.52628e-07,0.00016214,1.2458e-07,1.38648e-06,0.0025,0.0807754,0.0541483,30.95,5.00065,0.0972782,4738.39,4.79647e+08,763.402,7.72759e+07,0,0.967764
50,50,100,50,0.01,1 GHz,0.0335178,0.0807754,0.130775,0.000275,2.75e-05,9.52628e-07,0.00016214,1.2458e-07,1.38648e-06,0.0025,0.0807754,0.00541483,30.95,5.00065,0.0809958,3284.92,4.79647e+08,529.234,7.72759e+07,0,0.97754
50,50,100,200,0.001,1 MHz (plan spec),33.5178,0.0807754,0.130775,0.000275,2.75e-05,9.52628e-07,0.00016214,1.2458e-07,1.38648e-06,0.01,0.00807754,5.41483,30.95,5.00002,5.41485,1.46816e+07,4.79647e+08,2.36535e+06,7.72759e+07,0,8.09116e-45
50,50,100,200,0.001,100 MHz,0.335178,0.0807754,0.130775,0.000275,2.75e-05,9.52628e-07,0.00016214,1.2458e-07,1.38648e-06,0.01,0.00807754,0.0541483,30.95,5.00002,0.055654,1550.93,4.79647e+08,249.87,7.72759e+07,0,0.989332
50,50,100,200,0.001,1 GHz,0.0335178,0.0807754,0.130775,0.000275,2.75e-05,9.52628e-07,0.00016214,1.2458e-07,1.38648e-06,0.01,0.00807754,0.00541483,30.95,5.00002,0.0139514,97.4627,4.79647e+08,15.7022,7.72759e+07,0,0.999326
50,50,100,200,0.01,1 MHz (plan spec),33.5178,0.0807754,0.130775,0.000275,2.75e-05,9.52628e-07,0.00016214,1.2458e-07,1.38648e-06,0.01,0.0807754,5.41483,30.95,5.00066,5.41544,1.46848e+07,4.79647e+08,2.36587e+06,7.72759e+07,0,7.9122e-45
50,50,100,200,0.01,100 MHz,0.335178,0.0807754,0.130775,0.000275,2.75e-05,9.52628e-07,0.00016214,1.2458e-07,1.38648e-06,0.01,0.0807754,0.0541483,30.95,5.00066,0.0977588,4785.33,4.79647e+08,770.965,7.72759e+07,0,0.96745
50,50,100,200,0.01,1 GHz,0.0335178,0.0807754,0.130775,0.000275,2.75e-05,9.52628e-07,0.00016214,1.2458e-07,1.38648e-06,0.01,0.0807754,0.00541483,30.95,5.00066,0.0815725,3331.87,4.79647e+08,536.797,7.72759e+07,0,0.977223
50,50,100,1000,0.001,1 MHz (plan spec),33.5178,0.0807754,0.130775,0.000275,2.75e-05,9.52628e-07,0.00016214,1.2458e-07,1.38648e-06,0.05,0.00807754,5.41483,30.95,5.00026,5.41507,1.46828e+07,4.79647e+08,2.36554e+06,7.72759e+07,0,8.0242e-45
50,50,100,1000,0.001,100 MHz,0.335178,0.0807754,0.130775,0.000275,2.75e-05,9.52628e-07,0.00016214,1.2458e-07,1.38648e-06,0.05,0.00807754,0.0541483,30.95,5.00026,0.0741442,2752.67,4.79647e+08,443.483,7.72759e+07,0,0.981145
50,50,100,1000,0.001,1 GHz,0.0335178,0.0807754,0.130775,0.000275,2.75e-05,9.52628e-07,0.00016214,1.2458e-07,1.38648e-06,0.05,0.00807754,0.00541483,30.95,5.00026,0.0509376,1299.21,4.79647e+08,209.315,7.72759e+07,0,0.991056
50,50,100,1000,0.01,1 MHz (plan spec),33.5178,0.0807754,0.130775,0.000275,2.75e-05,9.52628e-07,0.00016214,1.2458e-07,1.38648e-06,0.05,0.0807754,5.41483,30.95,5.0009,5.41567,1.4686e+07,4.79647e+08,2.36606e+06,7.72759e+07,0,7.84672e-45
50,50,100,1000,0.01,100 MHz,0.335178,0.0807754,0.130775,0.000275,2.75e-05,9.52628e-07,0.00016214,1.2458e-07,1.38648e-06,0.05,0.0807754,0.0541483,30.95,5.0009,0.109347,5987.08,4.79647e+08,964.577,7.72759e+07,0,0.959444
50,50,100,1000,0.01,1 GHz,0.0335178,0.0807754,0.130775,0.000275,2.75e-05,9.52628e-07,0.00016214,1.2458e-07,1.38648e-06,0.05,0.0807754,0.00541483,30.95,5.0009,0.0951529,4533.61,4.79647e+08,730.409,7.72759e+07,0,0.969136
50,100,1,50,0.001,1 MHz (plan spec),33.5178,0.0807754,0.180775,0.000275,2.75e-05,9.52628e-07,0.00016214,1.72212e-07,2.64935e-06,0.0025,8.07754e-05,0.0541483,61.9,0.100032,0.0542068,1471.32,1.91859e+09,237.044,3.09103e+08,0,0.989877
50,100,1,50,0.001,100 MHz,0.335178,0.0807754,0.180775,0.000275,2.75e-05,9.52628e-07,0.00016214,1.72212e-07,2.64935e-06,0.0025,8.07754e-05,0.000541483,61.9,0.100032,0.00257398,3.31749,1.91859e+09,0.534481,3.09103e+08,0,0.999977
50,100,1,50,0.001,1 GHz,0.0335178,0.0807754,0.180775,0.000275,2.75e-05,9.52628e-07,0.00016214,1.72212e-07,2.64935e-06,0.0025,8.07754e-05,5.41483e-05,61.9,0.100032,0.00251696,3.17214,1.91859e+09,0.511064,3.09103e+08,0,0.999978
50,100,1,50,0.01,1 MHz (plan spec),33.5178,0.0807754,0.180775,0.000275,2.75e-05,9.52628e-07,0.00016214,1.72212e-07,2.64935e-06,0.0025,0.000807754,0.0541483,61.9,0.100035,0.0542127,1471.64,1.91859e+09,237.096,3.09103e+08,0,0.989875
50,100,1,50,0.01,100 MHz,0.335178,0.0807754,0.180775,0.000275,2.75e-05,9.52628e-07,0.00016214,1.72212e-07,2.64935e-06,0.0025,0.000807754,0.000541483,61.9,0.100035,0.00269654,3.64093,1.91859e+09,0.58659,3.09103e+08,0,0.999975
50,100,1,50,0.01,1 GHz,0.0335178,0.0807754,0.180775,0.000275,2.75e-05,9.52628e-07,0.00016214,1.72212e-07,2.64935e-06,0.0025,0.000807754,5.41483e-05,61.9,0.100035,0.00264216,3.49558,1.91859e+09,0.563173,3.09103e+08,0,0.999976
50,100,1,200,0.001,1 MHz (plan spec),33.5178,0.0807754,0.180775,0.000275,2.75e-05,9.52628e-07,0.00016214,1.72212e-07,2.64935e-06,0.01,8.07754e-05,0.0541483,61.9,0.100499,0.0550647,1518.26,1.91859e+09,244.607,3.09103e+08,0,0.989556
50,100,1,200,0.001,100 MHz,0.335178,0.0807754,0.180775,0.000275,2.75e-05,9.52628e-07,0.00016214,1.72212e-07,2.64935e-06,0.01,8.07754e-05,0.000541483,61.9,0.100499,0.0100188,50.2606,1.91859e+09,8.09748,3.09103e+08,0,0.999653
50,100,1,200,0.001,1 GHz,0.0335178,0.0807754,0.180775,0.000275,2.75e-05,9.52628e-07,0.00016214,1.72212e-07,2.64935e-06,0.01,8.07754e-05,5.41483e-05,61.9,0.100499,0.0100043,50.1152,1.91859e+09,8.07406,3.09103e+08,0,0.999654
50,100,1,200,0.01,1 MHz (plan spec),33.5178,0.0807754,0.180775,0.000275,2.75e-05,9.52628e-07,0.00016214,1.72212e-07,2.64935e-06,0.01,0.000807754,0.0541483,61.9,0.100502,0.0550706,1518.59,1.91859e+09,244.659,3.09103e+08,0,0.989554
50,100,1,200,0.01,100 MHz,0.335178,0.0807754,0.180775,0.000275,2.75e-05,9.52628e-07,0.00016214,1.72212e-07,2.64935e-06,0.01,0.000807754,0.000541483,61.9,0.100502,0.0100509,50.584,1.91859e+09,8.14958,3.09103e+08,0,0.99965
50,100,1,200,0.01,1 GHz,0.0335178,0.0807754,0.180775,0.000275,2.75e-05,9.52628e-07,0.00016214,1.72212e-07,2.64935e-06,0.01,0.000807754,5.41483e-05,61.9,0.100502,0.0100365,50.4386,1.91859e+09,8.12617,3.09103e+08,0,0.999651
50,100,1,1000,0.001,1 MHz (plan spec),33.5178,0.0807754,0.180775,0.000275,2.75e-05,9.52628e-07,0.00016214,1.72212e-07,2.64935e-06,0.05,8.07754e-05,0.0541483,61.9,0.111804,0.0737029,2720.01,1.91859e+09,438.22,3.09103e+08,0,0.981366
50,100,1,1000,0.001,100 MHz,0.335178,0.0807754,0.180775,0.000275,2.75e-05,9.52628e-07,0.00016214,1.72212e-07,2.64935e-06,0.05,8.07754e-05,0.000541483,61.9,0.111804,0.0500038,1252,1.91859e+09,201.71,3.09103e+08,0,0.99138
50,100,1,1000,0.001,1 GHz,0.0335178,0.0807754,0.180775,0.000275,2.75e-05,9.52628e-07,0.00016214,1.72212e-07,2.64935e-06,0.05,8.07754e-05,5.41483e-05,61.9,0.111804,0.0500009,1251.86,1.91859e+09,201.687,3.09103e+08,0,0.991381
50,100,1,1000,0.01,1 MHz (plan spec),33.5178,0.0807754,0.180775,0.000275,2.75e-05,9.52628e-07,0.00016214,1.72212e-07,2.64935e-06,0.05,0.000807754,0.0541483,61.9,0.111807,0.0737073,2720.33,1.91859e+09,438.272,3.09103e+08,0,0.981364
50,100,1,1000,0.01,100 MHz,0.335178,0.0807754,0.180775,0.000275,2.75e-05,9.52628e-07,0.00016214,1.72212e-07,2.64935e-06,0.05,0.000807754,0.000541483,61.9,0.111807,0.0500102,1252.33,1.91859e+09,201.762,3.09103e+08,0,0.991377
50,100,1,1000,0.01,1 GHz,0.0335178,0.0807754,0.180775,0.000275,2.75e-05,9.52628e-07,0.00016214,1.72212e-07,2.64935e-06,0.05,0.000807754,5.41483e-05,61.9,0.111807,0.0500073,1252.18,1.91859e+09,201.739,3.09103e+08,0,0.991378
50,100,10,50,0.001,1 MHz (plan spec),33.5178,0.0807754,0.180775,0.000275,2.75e-05,9.52628e-07,0.00016214,1.72212e-07,2.64935e-06,0.0025,0.000807754,0.541483,61.9,1,0.54149,146818,1.91859e+09,23653.9,3.09103e+08,0,0.362303
50,100,10,50,0.001,100 MHz,0.335178,0.0807754,0.180775,0.000275,2.75e-05,9.52628e-07,0.00016214,1.72212e-07,2.64935e-06,0.0025,0.000807754,0.00541483,61.9,1,0.00602482,18.1756,1.91859e+09,2.92827,3.09103e+08,0,0.999874
50,100,10,50,0.001,1 GHz,0.0335178,0.0807754,0.180775,0.000275,2.75e-05,9.52628e-07,0.00016214,1.72212e-07,2.64935e-06,0.0025,0.000807754,0.000541483,61.9,1,0.00269654,3.64093,1.91859e+09,0.58659,3.09103e+08,0,0.999975
50,100,10,50,0.01,1 MHz (plan spec),33.5178,0.0807754,0.180775,0.000275,2.75e-05,9.52628e-07,0.00016214,1.72212e-07,2.64935e-06,0.0025,0.00807754,0.541483,61.9,1.00004,0.541549,146851,1.91859e+09,23659.1,3.09103e+08,0,0.362222
50,100,10,50,0.01,100 MHz,0.335178,0.0807754,0.180775,0.000275,2.75e-05,9.52628e-07,0.00016214,1.72212e-07,2.64935e-06,0.0025,0.00807754,0.00541483,61.9,1.00004,0.0100445,50.5196,1.91859e+09,8.13922,3.09103e+08,0,0.999651
50,100,10,50,0.01,1 GHz,0.0335178,0.0807754,0.180775,0.000275,2.75e-05,9.52628e-07,0.00016214,1.72212e-07,2.64935e-06,0.0025,0.00807754,0.000541483,61.9,1.00004,0.00847736,35.985,1.91859e+09,5.79753,3.09103e+08,0,0.999751
50,100,10,200,0.001,1 MHz (plan spec),33.5178,0.0807754,0.180775,0.000275,2.75e-05,9.52628e-07,0.00016214,1.72212e-07,2.64935e-06,0.01,0.000807754,0.541483,61.9,1.00005,0.541576,146865,1.91859e+09,23661.5,3.09103e+08,0,0.362186
50,100,10,200,0.001,100 MHz,0.335178,0.0807754,0.180775,0.000275,2.75e-05,9.52628e-07,0.00016214,1.72212e-07,2.64935e-06,0.01,0.000807754,0.00541483,61.9,1.00005,0.0114039,65.1187,1.91859e+09,10.4913,3.09103e+08,0,0.99955
50,100,10,200,0.001,1 GHz,0.0335178,0.0807754,0.180775,0.000275,2.75e-05,9.52628e-07,0.00016214,1.72212e-07,2.64935e-06,0.01,0.000807754,0.000541483,61.9,1.00005,0.0100509,50.584,1.91859e+09,8.14958,3.09103e+08,0,0.99965
50,100,10,200,0.01,1 MHz (plan spec),33.5178,0.0807754,0.180775,0.000275,2.75e-05,9.52628e-07,0.00016214,1.72212e-07,2.64935e-06,0.01,0.00807754,0.541483,61.9,1.00008,0.541636,146898,1.91859e+09,23666.7,3.09103e+08,0,0.362105
50,100,10,200,0.01,100 MHz,0.335178,0.0807754,0.180775,0.000275,2.75e-05,9.52628e-07,0.00016214,1.72212e-07,2.64935e-06,0.01,0.00807754,0.00541483,61.9,1.00008,0.0139514,97.4627,1.91859e+09,15.7022,3.09103e+08,0,0.999326
50,100,10,200,0.01,1 GHz,0.0335178,0.0807754,0.180775,0.000275,2.75e-05,9.52628e-07,0.00016214,1.72212e-07,2.64935e-06,0.01,0.00807754,0.000541483,61.9,1.00008,0.0128692,82.928,1.91859e+09,13.3605,3.09103e+08,0,0.999427
50,100,10,1000,0.001,1 MHz (plan spec),33.5178,0.0807754,0.180775,0.000275,2.75e-05,9.52628e-07,0.00016214,1.72212e-07,2.64935e-06,0.05,0.000807754,0.541483,61.9,1.00125,0.543788,148067,1.91859e+09,23855.1,3.09103e+08,0,0.359188
50,100,10,1000,0.001,100 MHz,0.335178,0.0807754,0.180775,0.000275,2.75e-05,9.52628e-07,0.00016214,1.72212e-07,2.64935e-06,0.05,0.000807754,0.00541483,61.9,1.00125,0.0502996,1266.86,1.91859e+09,204.104,3.09103e+08,0,0.991278
50,100,10,1000,0.001,1 GHz,0.0335178,0.0807754,0.180775,0.000275,2.75e-05,9.52628e-07,0.00016214,1.72212e-07,2.64935e-06,0.05,0.000807754,0.000541483,61.9,1.00125,0.0500102,1252.33,1.91859e+09,201.762,3.09103e+08,0,0.991377
50,100,10,1000,0.01,1 MHz (plan spec),33.5178,0.0807754,0.180775,0.000275,2.75e-05,9.52628e-07,0.00016214,1.72212e-07,2.64935e-06,0.05,0.00807754,0.541483,61.9,1.00128,0.543847,148099,1.91859e+09,23860.3,3.09103e+08,0,0.359108
50,100,10,1000,0.01,100 MHz,0.335178,0.0807754,0.180775,0.000275,2.75e-05,9.52628e-07,0.00016214,1.72212e-07,2.64935e-06,0.05,0.00807754,0.00541483,61.9,1.00128,0.0509376,1299.21,1.91859e+09,209.315,3.09103e+08,0,0.991056
50,100,10,1000,0.01,1 GHz,0.0335178,0.0807754,0.180775,0.000275,2.75e-05,9.52628e-07,0.00016214,1.72212e-07,2.64935e-06,0.05,0.00807754,0.000541483,61.9,1.00128,0.0506519,1284.67,1.91859e+09,206.973,3.09103e+08,0,0.991156
50,100,50,50,0.001,1 MHz (plan spec),33.5178,0.0807754,0.180775,0.000275,2.75e-05,9.52628e-07,0.00016214,1.72212e-07,2.64935e-06,0.0025,0.00403877,2.70742,61.9,5,2.70742,3.67039e+06,1.91859e+09,591336,3.09103e+08,0,9.48486e-12
50,100,50,50,0.001,100 MHz,0.335178,0.0807754,0.180775,0.000275,2.75e-05,9.52628e-07,0.00016214,1.72212e-07,2.64935e-06,0.0025,0.00403877,0.0270742,61.9,5,0.027489,378.372,1.91859e+09,60.9596,3.09103e+08,0,0.997387
50,100,50,50,0.001,1 GHz,0.0335178,0.0807754,0.180775,0.000275,2.75e-05,9.52628e-07,0.00016214,1.72212e-07,2.64935e-06,0.0025,0.00403877,0.00270742,61.9,5,0.00547425,15.0055,1.91859e+09,2.41753,3.09103e+08,0,0.999896
50,100,50,50,0.01,1 MHz (plan spec),33.5178,0.0807754,0.180775,0.000275,2.75e-05,9.52628e-07,0.00016214,1.72212e-07,2.64935e-06,0.0025,0.0403877,2.70742,61.9,5.00016,2.70772,3.67119e+06,1.91859e+09,591466,3.09103e+08,0,9.43197e-12
50,100,50,50,0.01,100 MHz,0.335178,0.0807754,0.180775,0.000275,2.75e-05,9.52628e-07,0.00016214,1.72212e-07,2.64935e-06,0.0025,0.0403877,0.0270742,61.9,5.00016,0.0486878,1186.97,1.91859e+09,191.233,3.09103e+08,0,0.991825
50,100,50,50,0.01,1 GHz,0.0335178,0.0807754,0.180775,0.000275,2.75e-05,9.52628e-07,0.00016214,1.72212e-07,2.64935e-06,0.0025,0.0403877,0.00270742,61.9,5.00016,0.0405564,823.606,1.91859e+09,132.691,3.09103e+08,0,0.994321
50,100,50,200,0.001,1 MHz (plan spec),33.5178,0.0807754,0.180775,0.000275,2.75e-05,9.52628e-07,0.00016214,1.72212e-07,2.64935e-06,0.01,0.00403877,2.70742,61.9,5.00001,2.70744,3.67043e+06,1.91859e+09,591343,3.09103e+08,0,9.48178e-12
50,100,50,200,0.001,100 MHz,0.335178,0.0807754,0.180775,0.000275,2.75e-05,9.52628e-07,0.00016214,1.72212e-07,2.64935e-06,0.01,0.00403877,0.0270742,61.9,5.00001,0.0291444,425.316,1.91859e+09,68.5226,3.09103e+08,0,0.997063
50,100,50,200,0.001,1 GHz,0.0335178,0.0807754,0.180775,0.000275,2.75e-05,9.52628e-07,0.00016214,1.72212e-07,2.64935e-06,0.01,0.00403877,0.00270742,61.9,5.00001,0.0111228,61.9485,1.91859e+09,9.98052,3.09103e+08,0,0.999572
50,100,50,200,0.01,1 MHz (plan spec),33.5178,0.0807754,0.180775,0.000275,2.75e-05,9.52628e-07,0.00016214,1.72212e-07,2.64935e-06,0.01,0.0403877,2.70742,61.9,5.00017,2.70774,3.67124e+06,1.91859e+09,591473,3.09103e+08,0,9.42891e-12
50,100,50,200,0.01,100 MHz,0.335178,0.0807754,0.180775,0.000275,2.75e-05,9.52628e-07,0.00016214,1.72212e-07,2.64935e-06,0.01,0.0403877,0.0270742,61.9,5.00017,0.0496413,1233.92,1.91859e+09,198.796,3.09103e+08,0,0.991504
50,100,50,200,0.01,1 GHz,0.0335178,0.0807754,0.180775,0.000275,2.75e-05,9.52628e-07,0.00016214,1.72212e-07,2.64935e-06,0.01,0.0403877,0.00270742,61.9,5.00017,0.0416962,870.549,1.91859e+09,140.254,3.09103e+08,0,0.993998
50,100,50,1000,0.001,1 MHz (plan spec),33.5178,0.0807754,0.180775,0.000275,2.75e-05,9.52628e-07,0.00016214,1.72212e-07,2.64935e-06,0.05,0.00403877,2.70742,61.9,5.00025,2.70788,3.67163e+06,1.91859e+09,591537,3.09103e+08,0,9.40331e-12
50,100,50,1000,0.001,100 MHz,0.335178,0.0807754,0.180775,0.000275,2.75e-05,9.52628e-07,0.00016214,1.72212e-07,2.64935e-06,0.05,0.00403877,0.0270742,61.9,5.00025,0.0570035,1627.06,1.91859e+09,262.135,3.09103e+08,0,0.988812
50,100,50,1000,0.001,1 GHz,0.0335178,0.0807754,0.180775,0.000275,2.75e-05,9.52628e-07,0.00016214,1.72212e-07,2.64935e-06,0.05,0.00403877,0.00270742,61.9,5.00025,0.0502366,1263.69,1.91859e+09,203.593,3.09103e+08,0,0.991299
50,100,50,1000,0.01,1 MHz (plan spec),33.5178,0.0807754,0.180775,0.000275,2.75e-05,9.52628e-07,0.00016214,1.72212e-07,2.64935e-06,0.05,0.0403877,2.70742,61.9,5.00041,2.70818,3.67244e+06,1.91859e+09,591667,3.09103e+08,0,9.35088e-12
50,100,50,1000,0.01,100 MHz,0.335178,0.0807754,0.180775,0.000275,2.75e-05,9.52628e-07,0.00016214,1.72212e-07,2.64935e-06,0.05,0.0403877,0.0270742,61.9,5.00041,0.0697442,2435.66,1.91859e+09,392.409,3.09103e+08,0,0.983298
50,100,50,1000,0.01,1 GHz,0.0335178,0.0807754,0.180775,0.000275,2.75e-05,9.52628e-07,0.00016214,1.72212e-07,2.64935e-06,0.05,0.0403877,0.00270742,61.9,5.00041,0.0643317,2072.29,1.91859e+09,333.867,3.09103e+08,0,0.985772
50,100,100,50,0.001,1 MHz (plan spec),33.5178,0.0807754,0.180775,0.000275,2.75e-05,9.52628e-07,0.00016214,1.72212e-07,2.64935e-06,0.0025,0.00807754,5.41483,61.9,10,5.41484,1.46815e+07,1.91859e+09,2.36534e+06,3.09103e+08,0,8.09379e-45
50,100,100,50,0.001,100 MHz,0.335178,0.0807754,0.180775,0.000275,2.75e-05,9.52628e-07,0.00016214,1.72212e-07,2.64935e-06,0.0025,0.00807754,0.0541483,61.9,10,0.0548052,1503.99,1.91859e+09,242.307,3.09103e+08,0,0.989654
50,100,100,50,0.001,1 GHz,0.0335178,0.0807754,0.180775,0.000275,2.75e-05,9.52628e-07,0.00016214,1.72212e-07,2.64935e-06,0.0025,0.00807754,0.00541483,61.9,10,0.0100445,50.5196,1.91859e+09,8.13922,3.09103e+08,0,0.999651
50,100,100,50,0.01,1 MHz (plan spec),33.5178,0.0807754,0.180775,0.000275,2.75e-05,9.52628e-07,0.00016214,1.72212e-07,2.64935e-06,0.0025,0.0807754,5.41483,61.9,10.0003,5.41544,1.46848e+07,1.91859e+09,2.36586e+06,3.09103e+08,0,7.91477e-45
50,100,100,50,0.01,100 MHz,0.335178,0.0807754,0.180775,0.000275,2.75e-05,9.52628e-07,0.00016214,1.72212e-07,2.64935e-06,0.0025,0.0807754,0.0541483,61.9,10.0003,0.0972782,4738.39,1.91859e+09,763.402,3.09103e+08,0,0.967764
50,100,100,50,0.01,1 GHz,0.0335178,0.0807754,0.180775,0.000275,2.75e-05,9.52628e-07,0.00016214,1.72212e-07,2.64935e-06,0.0025,0.0807754,0.00541483,61.9,10.0003,0.0809958,3284.92,1.91859e+09,529.234,3.09103e+08,0,0.97754
50,100,100,200,0.001,1 MHz (plan spec),33.5178,0.0807754,0.180775,0.000275,2.75e-05,9.52628e-07,0.00016214,1.72212e-07,2.64935e-06,0.01,0.00807754,5.41483,61.9,10,5.41485,1.46816e+07,1.91859e+09,2.36535e+06,3.09103e+08,0,8.09116e-45
50,100,100,200,0.001,100 MHz,0.335178,0.0807754,0.180775,0.000275,2.75e-05,9.52628e-07,0.00016214,1.72212e-07,2.64935e-06,0.01,0.00807754,0.0541483,61.9,10,0.055654,1550.93,1.91859e+09,249.87,3.09103e+08,0,0.989332
50,100,100,200,0.001,1 GHz,0.0335178,0.0807754,0.180775,0.000275,2.75e-05,9.52628e-07,0.00016214,1.72212e-07,2.64935e-06,0.01,0.00807754,0.00541483,61.9,10,0.0139514,97.4627,1.91859e+09,15.7022,3.09103e+08,0,0.999326
50,100,100,200,0.01,1 MHz (plan spec),33.5178,0.0807754,0.180775,0.000275,2.75e-05,9.52628e-07,0.00016214,1.72212e-07,2.64935e-06,0.01,0.0807754,5.41483,61.9,10.0003,5.41544,1.46848e+07,1.91859e+09,2.36587e+06,3.09103e+08,0,7.9122e-45
50,100,100,200,0.01,100 MHz,0.335178,0.0807754,0.180775,0.000275,2.75e-05,9.52628e-07,0.00016214,1.72212e-07,2.64935e-06,0.01,0.0807754,0.0541483,61.9,10.0003,0.0977588,4785.33,1.91859e+09,770.965,3.09103e+08,0,0.96745
50,100,100,200,0.01,1 GHz,0.0335178,0.0807754,0.180775,0.000275,2.75e-05,9.52628e-07,0.00016214,1.72212e-07,2.64935e-06,0.01,0.0807754,0.00541483,61.9,10.0003,0.0815725,3331.87,1.91859e+09,536.797,3.09103e+08,0,0.977223
50,100,100,1000,0.001,1 MHz (plan spec),33.5178,0.0807754,0.180775,0.000275,2.75e-05,9.52628e-07,0.00016214,1.72212e-07,2.64935e-06,0.05,0.00807754,5.41483,61.9,10.0001,5.41507,1.46828e+07,1.91859e+09,2.36554e+06,3.09103e+08,0,8.0242e-45
50,100,100,1000,0.001,100 MHz,0.335178,0.0807754,0.180775,0.000275,2.75e-05,9.52628e-07,0.00016214,1.72212e-07,2.64935e-06,0.05,0.00807754,0.0541483,61.9,10.0001,0.0741442,2752.67,1.91859e+09,443.483,3.09103e+08,0,0.981145
50,100,100,1000,0.001,1 GHz,0.0335178,0.0807754,0.180775,0.000275,2.75e-05,9.52628e-07,0.00016214,1.72212e-07,2.64935e-06,0.05,0.00807754,0.00541483,61.9,10.0001,0.0509376,1299.21,1.91859e+09,209.315,3.09103e+08,0,0.991056
50,100,100,1000,0.01,1 MHz (plan spec),33.5178,0.0807754,0.180775,0.000275,2.75e-05,9.52628e-07,0.00016214,1.72212e-07,2.64935e-06,0.05,0.0807754,5.41483,61.9,10.0005,5.41567,1.4686e+07,1.91859e+09,2.36606e+06,3.09103e+08,0,7.84672e-45
50,100,100,1000,0.01,100 MHz,0.335178,0.0807754,0.180775,0.000275,2.75e-05,9.52628e-07,0.00016214,1.72212e-07,2.64935e-06,0.05,0.0807754,0.0541483,61.9,10.0005,0.109347,5987.08,1.91859e+09,964.577,3.09103e+08,0,0.959444
50,100,100,1000,0.01,1 GHz,0.0335178,0.0807754,0.180775,0.000275,2.75e-05,9.52628e-07,0.00016214,1.72212e-07,2.64935e-06,0.05,0.0807754,0.00541483,61.9,10.0005,0.0951529,4533.61,1.91859e+09,730.409,3.09103e+08,0,0.969136
100,0.1,1,50,0.001,1 MHz (plan spec),33.5178,0.161551,0.161651,0.00055,5.5e-05,1.90526e-06,0.00032428,3.07986e-07,4.23688e-06,0.005,0.000161551,0.0541483,0.0619024,0.00503375,0.0543817,1480.83,1918.74,238.577,309.128,0.986819,0.989812
100,0.1,1,50,0.001,100 MHz,0.335178,0.161551,0.161651,0.00055,5.5e-05,1.90526e-06,0.00032428,3.07986e-07,4.23688e-06,0.005,0.000161551,0.000541483,0.0619024,0.00503375,0.0050618,12.8295,1918.74,2.06696,309.128,0.986819,0.999911
100,0.1,1,50,0.001,1 GHz,0.0335178,0.161551,0.161651,0.00055,5.5e-05,1.90526e-06,0.00032428,3.07986e-07,4.23688e-06,0.005,0.000161551,5.41483e-05,0.0619024,0.00503375,0.00503305,12.6842,1918.74,2.04355,309.128,0.986819,0.999912
100,0.1,1,50,0.01,1 MHz (plan spec),33.5178,0.161551,0.161651,0.00055,5.5e-05,1.90526e-06,0.00032428,3.07986e-07,4.23688e-06,0.005,0.00161551,0.0541483,0.0619024,0.00528416,0.0544055,1482.13,1918.74,238.785,309.128,0.986819,0.989803
100,0.1,1,50,0.01,100 MHz,0.335178,0.161551,0.161651,0.00055,5.5e-05,1.90526e-06,0.00032428,3.07986e-07,4.23688e-06,0.005,0.00161551,0.000541483,0.0619024,0.00528416,0.00531089,14.1233,1918.74,2.2754,309.128,0.986819,0.999902
100,0.1,1,50,0.01,1 GHz,0.0335178,0.161551,0.161651,0.00055,5.5e-05,1.90526e-06,0.00032428,3.07986e-07,4.23688e-06,0.005,0.00161551,5.41483e-05,0.0619024,0.00528416,0.00528349,13.9779,1918.74,2.25198,309.128,0.986819,0.999903
100,0.1,1,200,0.001,1 MHz (plan spec),33.5178,0.161551,0.161651,0.00055,5.5e-05,1.90526e-06,0.00032428,3.07986e-07,4.23688e-06,0.02,0.000161551,0.0541483,0.0619024,0.0200085,0.0577267,1668.6,1918.74,268.829,309.128,0.986819,0.988528
100,0.1,1,200,0.001,100 MHz,0.335178,0.161551,0.161651,0.00055,5.5e-05,1.90526e-06,0.00032428,3.07986e-07,4.23688e-06,0.02,0.000161551,0.000541483,0.0619024,0.0200085,0.0200155,200.602,1918.74,32.3189,309.128,0.986819,0.998614
100,0.1,1,200,0.001,1 GHz,0.0335178,0.161551,0.161651,0.00055,5.5e-05,1.90526e-06,0.00032428,3.07986e-07,4.23688e-06,0.02,0.000161551,5.41483e-05,0.0619024,0.0200085,0.0200083,200.456,1918.74,32.2955,309.128,0.986819,0.998615
100,0.1,1,200,0.01,1 MHz (plan spec),33.5178,0.161551,0.161651,0.00055,5.5e-05,1.90526e-06,0.00032428,3.07986e-07,4.23688e-06,0.02,0.00161551,0.0541483,0.0619024,0.0200729,0.0577491,1669.9,1918.74,269.037,309.128,0.986819,0.988519
100,0.1,1,200,0.01,100 MHz,0.335178,0.161551,0.161651,0.00055,5.5e-05,1.90526e-06,0.00032428,3.07986e-07,4.23688e-06,0.02,0.00161551,0.000541483,0.0619024,0.0200729,0.02008,201.896,1918.74,32.5274,309.128,0.986819,0.998605
100,0.1,1,200,0.01,1 GHz,0.0335178,0.161551,0.161651,0.00055,5.5e-05,1.90526e-06,0.00032428,3.07986e-07,4.23688e-06,0.02,0.00161551,5.41483e-05,0.0619024,0.0200729,0.0200728,201.75,1918.74,32.504,309.128,0.986819,0.998606
100,0.1,1,1000,0.001,1 MHz (plan spec),33.5178,0.161551,0.161651,0.00055,5.5e-05,1.90526e-06,0.00032428,3.07986e-07,4.23688e-06,0.1,0.000161551,0.0541483,0.0619024,0.100002,0.113721,6475.57,1918.74,1043.28,309.128,0.986819,0.956208
100,0.1,1,1000,0.001,100 MHz,0.335178,0.161551,0.161651,0.00055,5.5e-05,1.90526e-06,0.00032428,3.07986e-07,4.23688e-06,0.1,0.000161551,0.000541483,0.0619024,0.100002,0.100003,5007.57,1918.74,806.77,309.128,0.986819,0.965965
100,0.1,1,1000,0.001,1 GHz,0.0335178,0.161551,0.161651,0.00055,5.5e-05,1.90526e-06,0.00032428,3.07986e-07,4.23688e-06,0.1,0.000161551,5.41483e-05,0.0619024,0.100002,0.100002,5007.43,1918.74,806.746,309.128,0.986819,0.965965
100,0.1,1,1000,0.01,1 MHz (plan spec),33.5178,0.161551,0.161651,0.00055,5.5e-05,1.90526e-06,0.00032428,3.07986e-07,4.23688e-06,0.1,0.00161551,0.0541483,0.0619024,0.100015,0.113732,6476.87,1918.74,1043.49,309.128,0.986819,0.9562
100,0.1,1,1000,0.01,100 MHz,0.335178,0.161551,0.161651,0.00055,5.5e-05,1.90526e-06,0.00032428,3.07986e-07,4.23688e-06,0.1,0.00161551,0.000541483,0.0619024,0.100015,0.100016,5008.87,1918.74,806.978,309.128,0.986819,0.965956
100,0.1,1,1000,0.01,1 GHz,0.0335178,0.161551,0.161651,0.00055,5.5e-05,1.90526e-06,0.00032428,3.07986e-07,4.23688e-06,0.1,0.00161551,5.41483e-05,0.0619024,0.100015,0.100015,5008.72,1918.74,806.955,309.128,0.986819,0.965957
100,0.1,10,50,0.001,1 MHz (plan spec),33.5178,0.161551,0.161651,0.00055,5.5e-05,1.90526e-06,0.00032428,3.07986e-07,4.23688e-06,0.005,0.00161551,0.541483,0.0619024,0.00537702,0.541509,146829,1918.74,23655.6,309.128,0.986819,0.362277
100,0.1,10,50,0.001,100 MHz,0.335178,0.161551,0.161651,0.00055,5.5e-05,1.90526e-06,0.00032428,3.07986e-07,4.23688e-06,0.005,0.00161551,0.00541483,0.0619024,0.00537702,0.00756524,28.658,1918.74,4.61708,309.128,0.986819,0.999802
100,0.1,10,50,0.001,1 GHz,0.0335178,0.161551,0.161651,0.00055,5.5e-05,1.90526e-06,0.00032428,3.07986e-07,4.23688e-06,0.005,0.00161551,0.000541483,0.0619024,0.00537702,0.00531089,14.1233,1918.74,2.2754,309.128,0.986819,0.999902
100,0.1,10,50,0.01,1 MHz (plan spec),33.5178,0.161551,0.161651,0.00055,5.5e-05,1.90526e-06,0.00032428,3.07986e-07,4.23688e-06,0.005,0.0161551,0.541483,0.0619024,0.0169496,0.541748,146958,1918.74,23676.4,309.128,0.986819,0.361953
100,0.1,10,50,0.01,100 MHz,0.335178,0.161551,0.161651,0.00055,5.5e-05,1.90526e-06,0.00032428,3.07986e-07,4.23688e-06,0.005,0.0161551,0.00541483,0.0619024,0.0169496,0.0177654,158.034,1918.74,25.4609,309.128,0.986819,0.998908
100,0.1,10,50,0.01,1 GHz,0.0335178,0.161551,0.161651,0.00055,5.5e-05,1.90526e-06,0.00032428,3.07986e-07,4.23688e-06,0.005,0.0161551,0.000541483,0.0619024,0.0169496,0.0169288,143.499,1918.74,23.1192,309.128,0.986819,0.999008
100,0.1,10,200,0.001,1 MHz (plan spec),33.5178,0.161551,0.161651,0.00055,5.5e-05,1.90526e-06,0.00032428,3.07986e-07,4.23688e-06,0.02,0.00161551,0.541483,0.0619024,0.0200976,0.541855,147017,1918.74,23685.9,309.128,0.986819,0.361807
100,0.1,10,200,0.001,100 MHz,0.335178,0.161551,0.161651,0.00055,5.5e-05,1.90526e-06,0.00032428,3.07986e-07,4.23688e-06,0.02,0.00161551,0.00541483,0.0619024,0.0200976,0.0207902,216.43,1918.74,34.8691,309.128,0.986819,0.998504
100,0.1,10,200,0.001,1 GHz,0.0335178,0.161551,0.161651,0.00055,5.5e-05,1.90526e-06,0.00032428,3.07986e-07,4.23688e-06,0.02,0.00161551,0.000541483,0.0619024,0.0200976,0.02008,201.896,1918.74,32.5274,309.128,0.986819,0.998605
100,0.1,10,200,0.01,1 MHz (plan spec),33.5178,0.161551,0.161651,0.00055,5.5e-05,1.90526e-06,0.00032428,3.07986e-07,4.23688e-06,0.02,0.0161551,0.541483,0.0619024,0.025735,0.542094,147146,1918.74,23706.7,309.128,0.986819,0.361483
100,0.1,10,200,0.01,100 MHz,0.335178,0.161551,0.161651,0.00055,5.5e-05,1.90526e-06,0.00032428,3.07986e-07,4.23688e-06,0.02,0.0161551,0.00541483,0.0619024,0.025735,0.0262795,345.806,1918.74,55.7128,309.128,0.986819,0.997612
100,0.1,10,200,0.01,1 GHz,0.0335178,0.161551,0.161651,0.00055,5.5e-05,1.90526e-06,0.00032428,3.07986e-07,4.23688e-06,0.02,0.0161551,0.000541483,0.0619024,0.025735,0.0257212,331.272,1918.74,53.3712,309.128,0.986819,0.997712
100,0.1,10,1000,0.001,1 MHz (plan spec),33.5178,0.161551,0.161651,0.00055,5.5e-05,1.90526e-06,0.00032428,3.07986e-07,4.23688e-06,0.1,0.00161551,0.541483,0.0619024,0.10002,0.550642,151824,1918.74,24460.3,309.128,0.986819,0.349978
100,0.1,10,1000,0.001,100 MHz,0.335178,0.161551,0.161651,0.00055,5.5e-05,1.90526e-06,0.00032428,3.07986e-07,4.23688e-06,0.1,0.00161551,0.00541483,0.0619024,0.10002,0.100161,5023.4,1918.74,809.32,309.128,0.986819,0.965859
100,0.1,10,1000,0.001,1 GHz,0.0335178,0.161551,0.161651,0.00055,5.5e-05,1.90526e-06,0.00032428,3.07986e-07,4.23688e-06,0.1,0.00161551,0.000541483,0.0619024,0.10002,0.100016,5008.87,1918.74,806.978,309.128,0.986819,0.965956
100,0.1,10,1000,0.01,1 MHz (plan spec),33.5178,0.161551,0.161651,0.00055,5.5e-05,1.90526e-06,0.00032428,3.07986e-07,4.23688e-06,0.1,0.0161551,0.541483,0.0619024,0.101303,0.550877,151953,1918.74,24481.1,309.128,0.986819,0.349665
100,0.1,10,1000,0.01,100 MHz,0.335178,0.161551,0.161651,0.00055,5.5e-05,1.90526e-06,0.00032428,3.07986e-07,4.23688e-06,0.1,0.0161551,0.00541483,0.0619024,0.101303,0.101443,5152.78,1918.74,830.163,309.128,0.986819,0.964995
100,0.1,10,1000,0.01,1 GHz,0.0335178,0.161551,0.161651,0.00055,5.5e-05,1.90526e-06,0.00032428,3.07986e-07,4.23688e-06,0.1,0.0161551,0.000541483,0.0619024,0.101303,0.101299,5138.24,1918.74,827.822,309.128,0.986819,0.965092
100,0.1,50,50,0.001,1 MHz (plan spec),33.5178,0.161551,0.161651,0.00055,5.5e-05,1.90526e-06,0.00032428,3.07986e-07,4.23688e-06,0.005,0.00807754,2.70742,0.0619024,0.0107494,2.70743,3.67042e+06,1918.74,591341,309.128,0.986819,9.48263e-12
100,0.1,50,50,0.001,100 MHz,0.335178,0.161551,0.161651,0.00055,5.5e-05,1.90526e-06,0.00032428,3.07986e-07,4.23688e-06,0.005,0.00807754,0.0270742,0.0619024,0.0107494,0.0286977,412.378,1918.74,66.4382,309.128,0.986819,0.997152
100,0.1,50,50,0.001,1 GHz,0.0335178,0.161551,0.161651,0.00055,5.5e-05,1.90526e-06,0.00032428,3.07986e-07,4.23688e-06,0.005,0.00807754,0.00270742,0.0619024,0.0107494,0.0098934,49.0107,1918.74,7.89612,309.128,0.986819,0.999661
100,0.1,50,50,0.01,1 MHz (plan spec),33.5178,0.161551,0.161651,0.00055,5.5e-05,1.90526e-06,0.00032428,3.07986e-07,4.23688e-06,0.005,0.0807754,2.70742,0.0619024,0.0810862,2.70863,3.67365e+06,1918.74,591862,309.128,0.986819,9.27289e-12
100,0.1,50,50,0.01,100 MHz,0.335178,0.161551,0.161651,0.00055,5.5e-05,1.90526e-06,0.00032428,3.07986e-07,4.23688e-06,0.005,0.0807754,0.0270742,0.0619024,0.0810862,0.0853404,3646.78,1918.74,587.533,309.128,0.986819,0.975097
100,0.1,50,50,0.01,1 GHz,0.0335178,0.161551,0.161651,0.00055,5.5e-05,1.90526e-06,0.00032428,3.07986e-07,4.23688e-06,0.005,0.0807754,0.00270742,0.0619024,0.0810862,0.0809772,3283.41,1918.74,528.991,309.128,0.986819,0.97755
100,0.1,50,200,0.001,1 MHz (plan spec),33.5178,0.161551,0.161651,0.00055,5.5e-05,1.90526e-06,0.00032428,3.07986e-07,4.23688e-06,0.02,0.00807754,2.70742,0.0619024,0.0221483,2.7075,3.67061e+06,1918.74,591371,309.128,0.986819,9.47032e-12
100,0.1,50,200,0.001,100 MHz,0.335178,0.161551,0.161651,0.00055,5.5e-05,1.90526e-06,0.00032428,3.07986e-07,4.23688e-06,0.02,0.00807754,0.0270742,0.0619024,0.0221483,0.0346202,600.15,1918.74,96.6901,309.128,0.986819,0.995858
100,0.1,50,200,0.001,1 GHz,0.0335178,0.161551,0.161651,0.00055,5.5e-05,1.90526e-06,0.00032428,3.07986e-07,4.23688e-06,0.02,0.00807754,0.00270742,0.0619024,0.0221483,0.0217458,236.783,1918.74,38.1481,309.128,0.986819,0.998364
100,0.1,50,200,0.01,1 MHz (plan spec),33.5178,0.161551,0.161651,0.00055,5.5e-05,1.90526e-06,0.00032428,3.07986e-07,4.23688e-06,0.02,0.0807754,2.70742,0.0619024,0.0833665,2.7087,3.67384e+06,1918.74,591892,309.128,0.986819,9.26086e-12
100,0.1,50,200,0.01,100 MHz,0.335178,0.161551,0.161651,0.00055,5.5e-05,1.90526e-06,0.00032428,3.07986e-07,4.23688e-06,0.02,0.0807754,0.0270742,0.0619024,0.0833665,0.0875099,3834.55,1918.74,617.785,309.128,0.986819,0.973832
100,0.1,50,200,0.01,1 GHz,0.0335178,0.161551,0.161651,0.00055,5.5e-05,1.90526e-06,0.00032428,3.07986e-07,4.23688e-06,0.02,0.0807754,0.00270742,0.0619024,0.0833665,0.0832605,3471.19,1918.74,559.243,309.128,0.986819,0.976282
100,0.1,50,1000,0.001,1 MHz (plan spec),33.5178,0.161551,0.161651,0.00055,5.5e-05,1.90526e-06,0.00032428,3.07986e-07,4.23688e-06,0.1,0.00807754,2.70742,0.0619024,0.100452,2.70927,3.67541e+06,1918.74,592146,309.128,0.986819,9.16069e-12
100,0.1,50,1000,0.001,100 MHz,0.335178,0.161551,0.161651,0.00055,5.5e-05,1.90526e-06,0.00032428,3.07986e-07,4.23688e-06,0.1,0.00807754,0.0270742,0.0619024,0.100452,0.103916,5407.12,1918.74,871.141,309.128,0.986819,0.963299
100,0.1,50,1000,0.001,1 GHz,0.0335178,0.161551,0.161651,0.00055,5.5e-05,1.90526e-06,0.00032428,3.07986e-07,4.23688e-06,0.1,0.00807754,0.00270742,0.0619024,0.100452,0.100364,5043.75,1918.74,812.599,309.128,0.986819,0.965723
100,0.1,50,1000,0.01,1 MHz (plan spec),33.5178,0.161551,0.161651,0.00055,5.5e-05,1.90526e-06,0.00032428,3.07986e-07,4.23688e-06,0.1,0.0807754,2.70742,0.0619024,0.128647,2.71047,3.67865e+06,1918.74,592667,309.128,0.986819,8.95808e-12
100,0.1,50,1000,0.01,100 MHz,0.335178,0.161551,0.161651,0.00055,5.5e-05,1.90526e-06,0.00032428,3.07986e-07,4.23688e-06,0.1,0.0807754,0.0270742,0.0619024,0.128647,0.13137,8641.52,1918.74,1392.24,309.128,0.986819,0.941993
100,0.1,50,1000,0.01,1 GHz,0.0335178,0.161551,0.161651,0.00055,5.5e-05,1.90526e-06,0.00032428,3.07986e-07,4.23688e-06,0.1,0.0807754,0.00270742,0.0619024,0.128647,0.128578,8278.16,1918.74,1333.69,309.128,0.986819,0.944363
100,0.1,100,50,0.001,1 MHz (plan spec),33.5178,0.161551,0.161651,0.00055,5.5e-05,1.90526e-06,0.00032428,3.07986e-07,4.23688e-06,0.005,0.0161551,5.41483,0.0619024,0.0196542,5.41486,1.46816e+07,1918.74,2.36536e+06,309.128,0.986819,8.08777e-45
100,0.1,100,50,0.001,100 MHz,0.335178,0.161551,0.161651,0.00055,5.5e-05,1.90526e-06,0.00032428,3.07986e-07,4.23688e-06,0.005,0.0161551,0.0541483,0.0619024,0.0196542,0.0567303,1611.5,1918.74,259.629,309.128,0.986819,0.988918
100,0.1,100,50,0.001,1 GHz,0.0335178,0.161551,0.161651,0.00055,5.5e-05,1.90526e-06,0.00032428,3.07986e-07,4.23688e-06,0.005,0.0161551,0.00541483,0.0619024,0.0196542,0.0177654,158.034,1918.74,25.4609,309.128,0.986819,0.998908
100,0.1,100,50,0.01,1 MHz (plan spec),33.5178,0.161551,0.161651,0.00055,5.5e-05,1.90526e-06,0.00032428,3.07986e-07,4.23688e-06,0.005,0.161551,5.41483,0.0619024,0.161938,5.41724,1.46946e+07,1918.74,2.36744e+06,309.128,0.986819,7.39562e-45
100,0.1,100,50,0.01,100 MHz,0.335178,0.161551,0.161651,0.00055,5.5e-05,1.90526e-06,0.00032428,3.07986e-07,4.23688e-06,0.005,0.161551,0.0541483,0.0619024,0.161938,0.170458,14549.1,1918.74,2344.01,309.128,0.986819,0.904286
100,0.1,100,50,0.01,1 GHz,0.0335178,0.161551,0.161651,0.00055,5.5e-05,1.90526e-06,0.00032428,3.07986e-07,4.23688e-06,0.005,0.161551,0.00541483,0.0619024,0.161938,0.16172,13095.6,1918.74,2109.84,309.128,0.986819,0.913421
100,0.1,100,200,0.001,1 MHz (plan spec),33.5178,0.161551,0.161651,0.00055,5.5e-05,1.90526e-06,0.00032428,3.07986e-07,4.23688e-06,0.02,0.0161551,5.41483,0.0619024,0.0275915,5.41489,1.46818e+07,1918.74,2.36539e+06,309.128,0.986819,8.07728e-45
100,0.1,100,200,0.001,100 MHz,0.335178,0.161551,0.161651,0.00055,5.5e-05,1.90526e-06,0.00032428,3.07986e-07,4.23688e-06,0.02,0.0161551,0.0541483,0.0619024,0.0275915,0.0599444,1799.27,1918.74,289.881,309.128,0.986819,0.987635
100,0.1,100,200,0.001,1 GHz,0.0335178,0.161551,0.161651,0.00055,5.5e-05,1.90526e-06,0.00032428,3.07986e-07,4.23688e-06,0.02,0.0161551,0.00541483,0.0619024,0.0275915,0.0262795,345.806,1918.74,55.7128,309.128,0.986819,0.997612
100,0.1,100,200,0.01,1 MHz (plan spec),33.5178,0.161551,0.161651,0.00055,5.5e-05,1.90526e-06,0.00032428,3.07986e-07,4.23688e-06,0.02,0.161551,5.41483,0.0619024,0.163092,5.41728,1.46948e+07,1918.74,2.36747e+06,309.128,0.986819,7.38602e-45
100,0.1,100,200,0.01,100 MHz,0.335178,0.161551,0.161651,0.00055,5.5e-05,1.90526e-06,0.00032428,3.07986e-07,4.23688e-06,0.02,0.161551,0.0541483,0.0619024,0.163092,0.171555,14736.9,1918.74,2374.26,309.128,0.986819,0.903113
100,0.1,100,200,0.01,1 GHz,0.0335178,0.161551,0.161651,0.00055,5.5e-05,1.90526e-06,0.00032428,3.07986e-07,4.23688e-06,0.02,0.161551,0.00541483,0.0619024,0.163092,0.162875,13283.4,1918.74,2140.09,309.128,0.986819,0.912236
100,0.1,100,1000,0.001,1 MHz (plan spec),33.5178,0.161551,0.161651,0.00055,5.5e-05,1.90526e-06,0.00032428,3.07986e-07,4.23688e-06,0.1,0.0161551,5.41483,0.0619024,0.10179,5.41578,1.46866e+07,1918.74,2.36616e+06,309.128,0.986819,7.81319e-45
100,0.1,100,1000,0.001,100 MHz,0.335178,0.161551,0.161651,0.00055,5.5e-05,1.90526e-06,0.00032428,3.07986e-07,4.23688e-06,0.1,0.0161551,0.0541483,0.0619024,0.10179,0.114862,6606.24,1918.74,1064.33,309.128,0.986819,0.955344
100,0.1,100,1000,0.001,1 GHz,0.0335178,0.161551,0.161651,0.00055,5.5e-05,1.90526e-06,0.00032428,3.07986e-07,4.23688e-06,0.1,0.0161551,0.00541483,0.0619024,0.10179,0.101443,5152.78,1918.74,830.163,309.128,0.986819,0.964995
100,0.1,100,1000,0.01,1 MHz (plan spec),33.5178,0.161551,0.161651,0.00055,5.5e-05,1.90526e-06,0.00032428,3.07986e-07,4.23688e-06,0.1,0.161551,5.41483,0.0619024,0.19026,5.41817,1.46996e+07,1918.74,2.36825e+06,309.128,0.986819,7.14454e-45
100,0.1,100,1000,0.01,100 MHz,0.335178,0.161551,0.161651,0.00055,5.5e-05,1.90526e-06,0.00032428,3.07986e-07,4.23688e-06,0.1,0.161551,0.0541483,0.0619024,0.19026,0.197563,19543.9,1918.74,3148.71,309.128,0.986819,0.873586
100,0.1,100,1000,0.01,1 GHz,0.0335178,0.161551,0.161651,0.00055,5.5e-05,1.90526e-06,0.00032428,3.07986e-07,4.23688e-06,0.1,0.161551,0.00541483,0.0619024,0.19026,0.190074,18090.4,1918.74,2914.54,309.128,0.986819,0.88241
100,1,1,50,0.001,1 MHz (plan spec),33.5178,0.161551,0.162551,0.00055,5.5e-05,1.90526e-06,0.00032428,3.09701e-07,4.28419e-06,0.005,0.000161551,0.0541483,0.619,0.00513114,0.0543817,1480.83,191859,238.577,30910.4,0.265342,0.989812
100,1,1,50,0.001,100 MHz,0.335178,0.161551,0.162551,0.00055,5.5e-05,1.90526e-06,0.00032428,3.09701e-07,4.28419e-06,0.005,0.000161551,0.000541483,0.619,0.00513114,0.0050618,12.8295,191859,2.06696,30910.4,0.265342,0.999911
100,1,1,50,0.001,1 GHz,0.0335178,0.161551,0.162551,0.00055,5.5e-05,1.90526e-06,0.00032428,3.09701e-07,4.28419e-06,0.005,0.000161551,5.41483e-05,0.619,0.00513114,0.00503305,12.6842,191859,2.04355,30910.4,0.265342,0.999912
100,1,1,50,0.01,1 MHz (plan spec),33.5178,0.161551,0.162551,0.00055,5.5e-05,1.90526e-06,0.00032428,3.09701e-07,4.28419e-06,0.005,0.00161551,0.0541483,0.619,0.00537702,0.0544055,1482.13,191859,238.785,30910.4,0.265342,0.989803
100,1,1,50,0.01,100 MHz,0.335178,0.161551,0.162551,0.00055,5.5e-05,1.90526e-06,0.00032428,3.09701e-07,4.28419e-06,0.005,0.00161551,0.000541483,0.619,0.00537702,0.00531089,14.1233,191859,2.2754,30910.4,0.265342,0.999902
100,1,1,50,0.01,1 GHz,0.0335178,0.161551,0.162551,0.00055,5.5e-05,1.90526e-06,0.00032428,3.09701e-07,4.28419e-06,0.005,0.00161551,5.41483e-05,0.619,0.00537702,0.0052835,13.9779,191859,2.25198,30910.4,0.265342,0.999903
100,1,1,200,0.001,1 MHz (plan spec),33.5178,0.161551,0.162551,0.00055,5.5e-05,1.90526e-06,0.00032428,3.09701e-07,4.28419e-06,0.02,0.000161551,0.0541483,0.619,0.0200332,0.0577267,1668.6,191859,268.829,30910.4,0.265342,0.988528
100,1,1,200,0.001,100 MHz,0.335178,0.161551,0.162551,0.00055,5.5e-05,1.90526e-06,0.00032428,3.09701e-07,4.28419e-06,0.02,0.000161551,0.000541483,0.619,0.0200332,0.0200155,200.602,191859,32.3189,30910.4,0.265342,0.998614
100,1,1,200,0.001,1 GHz,0.0335178,0.161551,0.162551,0.00055,5.5e-05,1.90526e-06,0.00032428,3.09701e-07,4.28419e-06,0.02,0.000161551,5.41483e-05,0.619,0.0200332,0.0200083,200.456,191859,32.2955,30910.4,0.265342,0.998615
100,1,1,200,0.01,1 MHz (plan spec),33.5178,0.161551,0.162551,0.00055,5.5e-05,1.90526e-06,0.00032428,3.09701e-07,4.28419e-06,0.02,0.00161551,0.0541483,0.619,0.0200976,0.0577491,1669.9,191859,269.037,30910.4,0.265342,0.988519
100,1,1,200,0.01,100 MHz,0.335178,0.161551,0.162551,0.00055,5.5e-05,1.90526e-06,0.00032428,3.09701e-07,4.28419e-06,0.02,0.00161551,0.000541483,0.619,0.0200976,0.02008,201.896,191859,32.5274,30910.4,0.265342,0.998605
100,1,1,200,0.01,1 GHz,0.0335178,0.161551,0.162551,0.00055,5.5e-05,1.90526e-06,0.00032428,3.09701e-07,4.28419e-06,0.02,0.00161551,5.41483e-05,0.619,0.0200976,0.0200728,201.75,191859,32.504,30910.4,0.265342,0.998606
100,1,1,1000,0.001,1 MHz (plan spec),33.5178,0.161551,0.162551,0.00055,5.5e-05,1.90526e-06,0.00032428,3.09701e-07,4.28419e-06,0.1,0.000161551,0.0541483,0.619,0.100007,0.113721,6475.57,191859,1043.28,30910.4,0.265342,0.956208
100,1,1,1000,0.001,100 MHz,0.335178,0.161551,0.162551,0.00055,5.5e-05,1.90526e-06,0.00032428,3.09701e-07,4.28419e-06,0.1,0.000161551,0.000541483,0.619,0.100007,0.100003,5007.57,191859,806.77,30910.4,0.265342,0.965965
100,1,1,1000,0.001,1 GHz,0.0335178,0.161551,0.162551,0.00055,5.5e-05,1.90526e-06,0.00032428,3.09701e-07,4.28419e-06,0.1,0.000161551,5.41483e-05,0.619,0.100007,0.100002,5007.43,191859,806.746,30910.4,0.265342,0.965965
100,1,1,1000,0.01,1 MHz (plan spec),33.5178,0.161551,0.162551,0.00055,5.5e-05,1.90526e-06,0.00032428,3.09701e-07,4.28419e-06,0.1,0.00161551,0.0541483,0.619,0.10002,0.113732,6476.87,191859,1043.49,30910.4,0.265342,0.9562
100,1,1,1000,0.01,100 MHz,0.335178,0.161551,0.162551,0.00055,5.5e-05,1.90526e-06,0.00032428,3.09701e-07,4.28419e-06,0.1,0.00161551,0.000541483,0.619,0.10002,0.100016,5008.87,191859,806.978,30910.4,0.265342,0.965956
100,1,1,1000,0.01,1 GHz,0.0335178,0.161551,0.162551,0.00055,5.5e-05,1.90526e-06,0.00032428,3.09701e-07,4.28419e-06,0.1,0.00161551,5.41483e-05,0.619,0.10002,0.100015,5008.72,191859,806.955,30910.4,0.265342,0.965957
100,1,10,50,0.001,1 MHz (plan spec),33.5178,0.161551,0.162551,0.00055,5.5e-05,1.90526e-06,0.00032428,3.09701e-07,4.28419e-06,0.005,0.00161551,0.541483,0.619,0.0113098,0.541509,146829,191859,23655.6,30910.4,0.265342,0.362277
100,1,10,50,0.001,100 MHz,0.335178,0.161551,0.162551,0.00055,5.5e-05,1.90526e-06,0.00032428,3.09701e-07,4.28419e-06,0.005,0.00161551,0.00541483,0.619,0.0113098,0.00756524,28.658,191859,4.61708,30910.4,0.265342,0.999802
100,1,10,50,0.001,1 GHz,0.0335178,0.161551,0.162551,0.00055,5.5e-05,1.90526e-06,0.00032428,3.09701e-07,4.28419e-06,0.005,0.00161551,0.000541483,0.619,0.0113098,0.00531089,14.1233,191859,2.2754,30910.4,0.265342,0.999902
100,1,10,50,0.01,1 MHz (plan spec),33.5178,0.161551,0.162551,0.00055,5.5e-05,1.90526e-06,0.00032428,3.09701e-07,4.28419e-06,0.005,0.0161551,0.541483,0.619,0.0196542,0.541748,146958,191859,23676.4,30910.4,0.265342,0.361953
100,1,10,50,0.01,100 MHz,0.335178,0.161551,0.162551,0.00055,5.5e-05,1.90526e-06,0.00032428,3.09701e-07,4.28419e-06,0.005,0.0161551,0.00541483,0.619,0.0196542,0.0177654,158.034,191859,25.4609,30910.4,0.265342,0.998908
100,1,10,50,0.01,1 GHz,0.0335178,0.161551,0.162551,0.00055,5.5e-05,1.90526e-06,0.00032428,3.09701e-07,4.28419e-06,0.005,0.0161551,0.000541483,0.619,0.0196542,0.0169288,143.499,191859,23.1192,30910.4,0.265342,0.999008
100,1,10,200,0.001,1 MHz (plan spec),33.5178,0.161551,0.162551,0.00055,5.5e-05,1.90526e-06,0.00032428,3.09701e-07,4.28419e-06,0.02,0.00161551,0.541483,0.619,0.0224257,0.541855,147017,191859,23685.9,30910.4,0.265342,0.361807
100,1,10,200,0.001,100 MHz,0.335178,0.161551,0.162551,0.00055,5.5e-05,1.90526e-06,0.00032428,3.09701e-07,4.28419e-06,0.02,0.00161551,0.00541483,0.619,0.0224257,0.0207902,216.43,191859,34.8691,30910.4,0.265342,0.998504
100,1,10,200,0.001,1 GHz,0.0335178,0.161551,0.162551,0.00055,5.5e-05,1.90526e-06,0.00032428,3.09701e-07,4.28419e-06,0.02,0.00161551,0.000541483,0.619,0.0224257,0.02008,201.896,191859,32.5274,30910.4,0.265342,0.998605
100,1,10,200,0.01,1 MHz (plan spec),33.5178,0.161551,0.162551,0.00055,5.5e-05,1.90526e-06,0.00032428,3.09701e-07,4.28419e-06,0.02,0.0161551,0.541483,0.619,0.0275915,0.542094,147146,191859,23706.7,30910.4,0.265342,0.361483
100,1,10,200,0.01,100 MHz,0.335178,0.161551,0.162551,0.00055,5.5e-05,1.90526e-06,0.00032428,3.09701e-07,4.28419e-06,0.02,0.0161551,0.00541483,0.619,0.0275915,0.0262795,345.806,191859,55.7128,30910.4,0.265342,0.997612
100,1,10,200,0.01,1 GHz,0.0335178,0.161551,0.162551,0.00055,5.5e-05,1.90526e-06,0.00032428,3.09701e-07,4.28419e-06,0.02,0.0161551,0.000541483,0.619,0.0275915,0.0257212,331.272,191859,53.3712,30910.4,0.265342,0.997712
100,1,10,1000,0.001,1 MHz (plan spec),33.5178,0.161551,0.162551,0.00055,5.5e-05,1.90526e-06,0.00032428,3.09701e-07,4.28419e-06,0.1,0.00161551,0.541483,0.619,0.100513,0.550642,151824,191859,24460.3,30910.4,0.265342,0.349978
100,1,10,1000,0.001,100 MHz,0.335178,0.161551,0.162551,0.00055,5.5e-05,1.90526e-06,0.00032428,3.09701e-07,4.28419e-06,0.1,0.00161551,0.00541483,0.619,0.100513,0.100161,5023.4,191859,809.32,30910.4,0.265342,0.965859
100,1,10,1000,0.001,1 GHz,0.0335178,0.161551,0.162551,0.00055,5.5e-05,1.90526e-06,0.00032428,3.09701e-07,4.28419e-06,0.1,0.00161551,0.000541483,0.619,0.100513,0.100016,5008.87,191859,806.978,30910.4,0.265342,0.965956
100,1,10,1000,0.01,1 MHz (plan spec),33.5178,0.161551,0.162551,0.00055,5.5e-05,1.90526e-06,0.00032428,3.09701e-07,4.28419e-06,0.1,0.0161551,0.541483,0.619,0.10179,0.550877,151953,191859,24481.1,30910.4,0.265342,0.349665
100,1,10,1000,0.01,100 MHz,0.335178,0.161551,0.162551,0.00055,5.5e-05,1.90526e-06,0.00032428,3.09701e-07,4.28419e-06,0.1,0.0161551,0.00541483,0.619,0.10179,0.101443,5152.78,191859,830.163,30910.4,0.265342,0.964995
100,1,10,1000,0.01,1 GHz,0.0335178,0.161551,0.162551,0.00055,5.5e-05,1.90526e-06,0.00032428,3.09701e-07,4.28419e-06,0.1,0.0161551,0.000541483,0.619,0.10179,0.101299,5138.24,191859,827.822,30910.4,0.265342,0.965092
100,1,50,50,0.001,1 MHz (plan spec),33.5178,0.161551,0.162551,0.00055,5.5e-05,1.90526e-06,0.00032428,3.09701e-07,4.28419e-06,0.005,0.00807754,2.70742,0.619,0.0508974,2.70743,3.67042e+06,191859,591341,30910.4,0.265342,9.48263e-12
100,1,50,50,0.001,100 MHz,0.335178,0.161551,0.162551,0.00055,5.5e-05,1.90526e-06,0.00032428,3.09701e-07,4.28419e-06,0.005,0.00807754,0.0270742,0.619,0.0508974,0.0286977,412.378,191859,66.4382,30910.4,0.265342,0.997152
100,1,50,50,0.001,1 GHz,0.0335178,0.161551,0.162551,0.00055,5.5e-05,1.90526e-06,0.00032428,3.09701e-07,4.28419e-06,0.005,0.00807754,0.00270742,0.619,0.0508974,0.0098934,49.0107,191859,7.89612,30910.4,0.265342,0.999661
100,1,50,50,0.01,1 MHz (plan spec),33.5178,0.161551,0.162551,0.00055,5.5e-05,1.90526e-06,0.00032428,3.09701e-07,4.28419e-06,0.005,0.0807754,2.70742,0.619,0.0951314,2.70863,3.67365e+06,191859,591862,30910.4,0.265342,9.27289e-12
100,1,50,50,0.01,100 MHz,0.335178,0.161551,0.162551,0.00055,5.5e-05,1.90526e-06,0.00032428,3.09701e-07,4.28419e-06,0.005,0.0807754,0.0270742,0.619,0.0951314,0.0853404,3646.78,191859,587.533,30910.4,0.265342,0.975097
100,1,50,50,0.01,1 GHz,0.0335178,0.161551,0.162551,0.00055,5.5e-05,1.90526e-06,0.00032428,3.09701e-07,4.28419e-06,0.005,0.0807754,0.00270742,0.619,0.0951314,0.0809772,3283.41,191859,528.991,30910.4,0.265342,0.97755
100,1,50,200,0.001,1 MHz (plan spec),33.5178,0.161551,0.162551,0.00055,5.5e-05,1.90526e-06,0.00032428,3.09701e-07,4.28419e-06,0.02,0.00807754,2.70742,0.619,0.0544569,2.7075,3.67061e+06,191859,591371,30910.4,0.265342,9.47032e-12
100,1,50,200,0.001,100 MHz,0.335178,0.161551,0.162551,0.00055,5.5e-05,1.90526e-06,0.00032428,3.09701e-07,4.28419e-06,0.02,0.00807754,0.0270742,0.619,0.0544569,0.0346202,600.15,191859,96.6901,30910.4,0.265342,0.995858
100,1,50,200,0.001,1 GHz,0.0335178,0.161551,0.162551,0.00055,5.5e-05,1.90526e-06,0.00032428,3.09701e-07,4.28419e-06,0.02,0.00807754,0.00270742,0.619,0.0544569,0.0217458,236.783,191859,38.1481,30910.4,0.265342,0.998364
100,1,50,200,0.01,1 MHz (plan spec),33.5178,0.161551,0.162551,0.00055,5.5e-05,1.90526e-06,0.00032428,3.09701e-07,4.28419e-06,0.02,0.0807754,2.70742,0.619,0.0970823,2.7087,3.67384e+06,191859,591892,30910.4,0.265342,9.26086e-12
100,1,50,200,0.01,100 MHz,0.335178,0.161551,0.162551,0.00055,5.5e-05,1.90526e-06,0.00032428,3.09701e-07,4.28419e-06,0.02,0.0807754,0.0270742,0.619,0.0970823,0.0875099,3834.55,191859,617.785,30910.4,0.265342,0.973832
100,1,50,200,0.01,1 GHz,0.0335178,0.161551,0.162551,0.00055,5.5e-05,1.90526e-06,0.00032428,3.09701e-07,4.28419e-06,0.02,0.0807754,0.00270742,0.619,0.0970823,0.0832605,3471.19,191859,559.243,30910.4,0.265342,0.976282
100,1,50,1000,0.001,1 MHz (plan spec),33.5178,0.161551,0.162551,0.00055,5.5e-05,1.90526e-06,0.00032428,3.09701e-07,4.28419e-06,0.1,0.00807754,2.70742,0.619,0.112096,2.70927,3.67541e+06,191859,592146,30910.4,0.265342,9.16069e-12
100,1,50,1000,0.001,100 MHz,0.335178,0.161551,0.162551,0.00055,5.5e-05,1.90526e-06,0.00032428,3.09701e-07,4.28419e-06,0.1,0.00807754,0.0270742,0.619,0.112096,0.103916,5407.12,191859,871.141,30910.4,0.265342,0.963299
100,1,50,1000,0.001,1 GHz,0.0335178,0.161551,0.162551,0.00055,5.5e-05,1.90526e-06,0.00032428,3.09701e-07,4.28419e-06,0.1,0.00807754,0.00270742,0.619,0.112096,0.100364,5043.75,191859,812.599,30910.4,0.265342,0.965723
100,1,50,1000,0.01,1 MHz (plan spec),33.5178,0.161551,0.162551,0.00055,5.5e-05,1.90526e-06,0.00032428,3.09701e-07,4.28419e-06,0.1,0.0807754,2.70742,0.619,0.137931,2.71047,3.67865e+06,191859,592667,30910.4,0.265342,8.95808e-12
100,1,50,1000,0.01,100 MHz,0.335178,0.161551,0.162551,0.00055,5.5e-05,1.90526e-06,0.00032428,3.09701e-07,4.28419e-06,0.1,0.0807754,0.0270742,0.619,0.137931,0.13137,8641.52,191859,1392.24,30910.4,0.265342,0.941993
100,1,50,1000,0.01,1 GHz,0.0335178,0.161551,0.162551,0.00055,5.5e-05,1.90526e-06,0.00032428,3.09701e-07,4.28419e-06,0.1,0.0807754,0.00270742,0.619,0.137931,0.128578,8278.16,191859,1333.69,30910.4,0.265342,0.944363
100,1,100,50,0.001,1 MHz (plan spec),33.5178,0.161551,0.162551,0.00055,5.5e-05,1.90526e-06,0.00032428,3.09701e-07,4.28419e-06,0.005,0.0161551,5.41483,0.619,0.101421,5.41486,1.46816e+07,191859,2.36536e+06,30910.4,0.265342,8.08777e-45
100,1,100,50,0.001,100 MHz,0.335178,0.161551,0.162551,0.00055,5.5e-05,1.90526e-06,0.00032428,3.09701e-07,4.28419e-06,0.005,0.0161551,0.0541483,0.619,0.101421,0.0567303,1611.5,191859,259.629,30910.4,0.265342,0.988918
100,1,100,50,0.001,1 GHz,0.0335178,0.161551,0.162551,0.00055,5.5e-05,1.90526e-06,0.00032428,3.09701e-07,4.28419e-06,0.005,0.0161551,0.00541483,0.619,0.101421,0.0177654,158.034,191859,25.4609,30910.4,0.265342,0.998908
100,1,100,50,0.01,1 MHz (plan spec),33.5178,0.161551,0.162551,0.00055,5.5e-05,1.90526e-06,0.00032428,3.09701e-07,4.28419e-06,0.005,0.161551,5.41483,0.619,0.190063,5.41724,1.46946e+07,191859,2.36744e+06,30910.4,0.265342,7.39562e-45
100,1,100,50,0.01,100 MHz,0.335178,0.161551,0.162551,0.00055,5.5e-05,1.90526e-06,0.00032428,3.09701e-07,4.28419e-06,0.005,0.161551,0.0541483,0.619,0.190063,0.170458,14549.1,191859,2344.01,30910.4,0.265342,0.904286
100,1,100,50,0.01,1 GHz,0.0335178,0.161551,0.162551,0.00055,5.5e-05,1.90526e-06,0.00032428,3.09701e-07,4.28419e-06,0.005,0.161551,0.00541483,0.619,0.190063,0.16172,13095.6,191859,2109.84,30910.4,0.265342,0.913421
100,1,100,200,0.001,1 MHz (plan spec),33.5178,0.161551,0.162551,0.00055,5.5e-05,1.90526e-06,0.00032428,3.09701e-07,4.28419e-06,0.02,0.0161551,5.41483,0.619,0.103254,5.41489,1.46818e+07,191859,2.36539e+06,30910.4,0.265342,8.07728e-45
100,1,100,200,0.001,100 MHz,0.335178,0.161551,0.162551,0.00055,5.5e-05,1.90526e-06,0.00032428,3.09701e-07,4.28419e-06,0.02,0.0161551,0.0541483,0.619,0.103254,0.0599444,1799.27,191859,289.881,30910.4,0.265342,0.987635
100,1,100,200,0.001,1 GHz,0.0335178,0.161551,0.162551,0.00055,5.5e-05,1.90526e-06,0.00032428,3.09701e-07,4.28419e-06,0.02,0.0161551,0.00541483,0.619,0.103254,0.0262795,345.806,191859,55.7128,30910.4,0.265342,0.997612
100,1,100,200,0.01,1 MHz (plan spec),33.5178,0.161551,0.162551,0.00055,5.5e-05,1.90526e-06,0.00032428,3.09701e-07,4.28419e-06,0.02,0.161551,5.41483,0.619,0.191047,5.41728,1.46948e+07,191859,2.36747e+06,30910.4,0.265342,7.38602e-45
100,1,100,200,0.01,100 MHz,0.335178,0.161551,0.162551,0.00055,5.5e-05,1.90526e-06,0.00032428,3.09701e-07,4.28419e-06,0.02,0.161551,0.0541483,0.619,0.191047,0.171555,14736.9,191859,2374.26,30910.4,0.265342,0.903113
100,1,100,200,0.01,1 GHz,0.0335178,0.161551,0.162551,0.00055,5.5e-05,1.90526e-06,0.00032428,3.09701e-07,4.28419e-06,0.02,0.161551,0.00541483,0.619,0.191047,0.162875,13283.4,191859,2140.09,30910.4,0.265342,0.912236
100,1,100,1000,0.001,1 MHz (plan spec),33.5178,0.161551,0.162551,0.00055,5.5e-05,1.90526e-06,0.00032428,3.09701e-07,4.28419e-06,0.1,0.0161551,5.41483,0.619,0.142342,5.41578,1.46866e+07,191859,2.36616e+06,30910.4,0.265342,7.81319e-45
100,1,100,1000,0.001,100 MHz,0.335178,0.161551,0.162551,0.00055,5.5e-05,1.90526e-06,0.00032428,3.09701e-07,4.28419e-06,0.1,0.0161551,0.0541483,0.619,0.142342,0.114862,6606.24,191859,1064.33,30910.4,0.265342,0.955344
100,1,100,1000,0.001,1 GHz,0.0335178,0.161551,0.162551,0.00055,5.5e-05,1.90526e-06,0.00032428,3.09701e-07,4.28419e-06,0.1,0.0161551,0.00541483,0.619,0.142342,0.101443,5152.78,191859,830.163,30910.4,0.265342,0.964995
100,1,100,1000,0.01,1 MHz (plan spec),33.5178,0.161551,0.162551,0.00055,5.5e-05,1.90526e-06,0.00032428,3.09701e-07,4.28419e-06,0.1,0.161551,5.41483,0.619,0.214707,5.41817,1.46996e+07,191859,2.36825e+06,30910.4,0.265342,7.14454e-45
100,1,100,1000,0.01,100 MHz,0.335178,0.161551,0.162551,0.00055,5.5e-05,1.90526e-06,0.00032428,3.09701e-07,4.28419e-06,0.1,0.161551,0.0541483,0.619,0.214707,0.197563,19543.9,191859,3148.71,30910.4,0.265342,0.873586
100,1,100,1000,0.01,1 GHz,0.0335178,0.161551,0.162551,0.00055,5.5e-05,1.90526e-06,0.00032428,3.09701e-07,4.28419e-06,0.1,0.161551,0.00541483,0.619,0.214707,0.190074,18090.4,191859,2914.54,30910.4,0.265342,0.88241
100,5,1,50,0.001,1 MHz (plan spec),33.5178,0.161551,0.166551,0.00055,5.5e-05,1.90526e-06,0.00032428,3.17322e-07,4.49763e-06,0.005,0.000161551,0.0541483,3.095,0.00709427,0.0543817,1480.83,4.79647e+06,238.577,772759,3.93695e-15,0.989812
100,5,1,50,0.001,100 MHz,0.335178,0.161551,0.166551,0.00055,5.5e-05,1.90526e-06,0.00032428,3.17322e-07,4.49763e-06,0.005,0.000161551,0.000541483,3.095,0.00709427,0.0050618,12.8295,4.79647e+06,2.06696,772759,3.93695e-15,0.999911
100,5,1,50,0.001,1 GHz,0.0335178,0.161551,0.166551,0.00055,5.5e-05,1.90526e-06,0.00032428,3.17322e-07,4.49763e-06,0.005,0.000161551,5.41483e-05,3.095,0.00709427,0.00503305,12.6842,4.79647e+06,2.04355,772759,3.93695e-15,0.999912
100,5,1,50,0.01,1 MHz (plan spec),33.5178,0.161551,0.166551,0.00055,5.5e-05,1.90526e-06,0.00032428,3.17322e-07,4.49763e-06,0.005,0.00161551,0.0541483,3.095,0.00727409,0.0544055,1482.13,4.79647e+06,238.785,772759,3.93695e-15,0.989803
100,5,1,50,0.01,100 MHz,0.335178,0.161551,0.166551,0.00055,5.5e-05,1.90526e-06,0.00032428,3.17322e-07,4.49763e-06,0.005,0.00161551,0.000541483,3.095,0.00727409,0.00531089,14.1233,4.79647e+06,2.2754,772759,3.93695e-15,0.999902
100,5,1,50,0.01,1 GHz,0.0335178,0.161551,0.166551,0.00055,5.5e-05,1.90526e-06,0.00032428,3.17322e-07,4.49763e-06,0.005,0.00161551,5.41483e-05,3.095,0.00727409,0.0052835,13.9779,4.79647e+06,2.25198,772759,3.93695e-15,0.999903
100,5,1,200,0.001,1 MHz (plan spec),33.5178,0.161551,0.166551,0.00055,5.5e-05,1.90526e-06,0.00032428,3.17322e-07,4.49763e-06,0.02,0.000161551,0.0541483,3.095,0.0206235,0.0577267,1668.6,4.79647e+06,268.829,772759,3.93695e-15,0.988528
100,5,1,200,0.001,100 MHz,0.335178,0.161551,0.166551,0.00055,5.5e-05,1.90526e-06,0.00032428,3.17322e-07,4.49763e-06,0.02,0.000161551,0.000541483,3.095,0.0206235,0.0200155,200.602,4.79647e+06,32.3189,772759,3.93695e-15,0.998614
100,5,1,200,0.001,1 GHz,0.0335178,0.161551,0.166551,0.00055,5.5e-05,1.90526e-06,0.00032428,3.17322e-07,4.49763e-06,0.02,0.000161551,5.41483e-05,3.095,0.0206235,0.0200083,200.456,4.79647e+06,32.2955,772759,3.93695e-15,0.998615
100,5,1,200,0.01,1 MHz (plan spec),33.5178,0.161551,0.166551,0.00055,5.5e-05,1.90526e-06,0.00032428,3.17322e-07,4.49763e-06,0.02,0.00161551,0.0541483,3.095,0.020686,0.0577491,1669.9,4.79647e+06,269.037,772759,3.93695e-15,0.988519
100,5,1,200,0.01,100 MHz,0.335178,0.161551,0.166551,0.00055,5.5e-05,1.90526e-06,0.00032428,3.17322e-07,4.49763e-06,0.02,0.00161551,0.000541483,3.095,0.020686,0.02008,201.896,4.79647e+06,32.5274,772759,3.93695e-15,0.998605
100,5,1,200,0.01,1 GHz,0.0335178,0.161551,0.166551,0.00055,5.5e-05,1.90526e-06,0.00032428,3.17322e-07,4.49763e-06,0.02,0.00161551,5.41483e-05,3.095,0.020686,0.0200728,201.75,4.79647e+06,32.504,772759,3.93695e-15,0.998606
100,5,1,1000,0.001,1 MHz (plan spec),33.5178,0.161551,0.166551,0.00055,5.5e-05,1.90526e-06,0.00032428,3.17322e-07,4.49763e-06,0.1,0.000161551,0.0541483,3.095,0.100127,0.113721,6475.57,4.79647e+06,1043.28,772759,3.93695e-15,0.956208
100,5,1,1000,0.001,100 MHz,0.335178,0.161551,0.166551,0.00055,5.5e-05,1.90526e-06,0.00032428,3.17322e-07,4.49763e-06,0.1,0.000161551,0.000541483,3.095,0.100127,0.100003,5007.57,4.79647e+06,806.77,772759,3.93695e-15,0.965965
100,5,1,1000,0.001,1 GHz,0.0335178,0.161551,0.166551,0.00055,5.5e-05,1.90526e-06,0.00032428,3.17322e-07,4.49763e-06,0.1,0.000161551,5.41483e-05,3.095,0.100127,0.100002,5007.43,4.79647e+06,806.746,772759,3.93695e-15,0.965965
100,5,1,1000,0.01,1 MHz (plan spec),33.5178,0.161551,0.166551,0.00055,5.5e-05,1.90526e-06,0.00032428,3.17322e-07,4.49763e-06,0.1,0.00161551,0.0541483,3.095,0.100139,0.113732,6476.87,4.79647e+06,1043.49,772759,3.93695e-15,0.9562
100,5,1,1000,0.01,100 MHz,0.335178,0.161551,0.166551,0.00055,5.5e-05,1.90526e-06,0.00032428,3.17322e-07,4.49763e-06,0.1,0.00161551,0.000541483,3.095,0.100139,0.100016,5008.87,4.79647e+06,806.978,772759,3.93695e-15,0.965956
100,5,1,1000,0.01,1 GHz,0.0335178,0.161551,0.166551,0.00055,5.5e-05,1.90526e-06,0.00032428,3.17322e-07,4.49763e-06,0.1,0.00161551,5.41483e-05,3.095,0.100139,0.100015,5008.72,4.79647e+06,806.955,772759,3.93695e-15,0.965957
100,5,10,50,0.001,1 MHz (plan spec),33.5178,0.161551,0.166551,0.00055,5.5e-05,1.90526e-06,0.00032428,3.17322e-07,4.49763e-06,0.005,0.00161551,0.541483,3.095,0.0502783,0.541509,146829,4.79647e+06,23655.6,772759,3.93695e-15,0.362277
100,5,10,50,0.001,100 MHz,0.335178,0.161551,0.166551,0.00055,5.5e-05,1.90526e-06,0.00032428,3.17322e-07,4.49763e-06,0.005,0.00161551,0.00541483,3.095,0.0502783,0.00756524,28.658,4.79647e+06,4.61708,772759,3.93695e-15,0.999802
100,5,10,50,0.001,1 GHz,0.0335178,0.161551,0.166551,0.00055,5.5e-05,1.90526e-06,0.00032428,3.17322e-07,4.49763e-06,0.005,0.00161551,0.000541483,3.095,0.0502783,0.00531089,14.1233,4.79647e+06,2.2754,772759,3.93695e-15,0.999902
100,5,10,50,0.01,1 MHz (plan spec),33.5178,0.161551,0.166551,0.00055,5.5e-05,1.90526e-06,0.00032428,3.17322e-07,4.49763e-06,0.005,0.0161551,0.541483,3.095,0.0527853,0.541748,146958,4.79647e+06,23676.4,772759,3.93695e-15,0.361953
100,5,10,50,0.01,100 MHz,0.335178,0.161551,0.166551,0.00055,5.5e-05,1.90526e-06,0.00032428,3.17322e-07,4.49763e-06,0.005,0.0161551,0.00541483,3.095,0.0527853,0.0177654,158.034,4.79647e+06,25.4609,772759,3.93695e-15,0.998908
100,5,10,50,0.01,1 GHz,0.0335178,0.161551,0.166551,0.00055,5.5e-05,1.90526e-06,0.00032428,3.17322e-07,4.49763e-06,0.005,0.0161551,0.000541483,3.095,0.0527853,0.0169288,143.499,4.79647e+06,23.1192,772759,3.93695e-15,0.999008
100,5,10,200,0.001,1 MHz (plan spec),33.5178,0.161551,0.166551,0.00055,5.5e-05,1.90526e-06,0.00032428,3.17322e-07,4.49763e-06,0.02,0.00161551,0.541483,3.095,0.0538787,0.541855,147017,4.79647e+06,23685.9,772759,3.93695e-15,0.361807
100,5,10,200,0.001,100 MHz,0.335178,0.161551,0.166551,0.00055,5.5e-05,1.90526e-06,0.00032428,3.17322e-07,4.49763e-06,0.02,0.00161551,0.00541483,3.095,0.0538787,0.0207902,216.43,4.79647e+06,34.8691,772759,3.93695e-15,0.998504
100,5,10,200,0.001,1 GHz,0.0335178,0.161551,0.166551,0.00055,5.5e-05,1.90526e-06,0.00032428,3.17322e-07,4.49763e-06,0.02,0.00161551,0.000541483,3.095,0.0538787,0.02008,201.896,4.79647e+06,32.5274,772759,3.93695e-15,0.998605
100,5,10,200,0.01,1 MHz (plan spec),33.5178,0.161551,0.166551,0.00055,5.5e-05,1.90526e-06,0.00032428,3.17322e-07,4.49763e-06,0.02,0.0161551,0.541483,3.095,0.0562253,0.542094,147146,4.79647e+06,23706.7,772759,3.93695e-15,0.361483
100,5,10,200,0.01,100 MHz,0.335178,0.161551,0.166551,0.00055,5.5e-05,1.90526e-06,0.00032428,3.17322e-07,4.49763e-06,0.02,0.0161551,0.00541483,3.095,0.0562253,0.0262795,345.806,4.79647e+06,55.7128,772759,3.93695e-15,0.997612
100,5,10,200,0.01,1 GHz,0.0335178,0.161551,0.166551,0.00055,5.5e-05,1.90526e-06,0.00032428,3.17322e-07,4.49763e-06,0.02,0.0161551,0.000541483,3.095,0.0562253,0.0257212,331.272,4.79647e+06,53.3712,772759,3.93695e-15,0.997712
100,5,10,1000,0.001,1 MHz (plan spec),33.5178,0.161551,0.166551,0.00055,5.5e-05,1.90526e-06,0.00032428,3.17322e-07,4.49763e-06,0.1,0.00161551,0.541483,3.095,0.111816,0.550642,151824,4.79647e+06,24460.3,772759,3.93695e-15,0.349978
100,5,10,1000,0.001,100 MHz,0.335178,0.161551,0.166551,0.00055,5.5e-05,1.90526e-06,0.00032428,3.17322e-07,4.49763e-06,0.1,0.00161551,0.00541483,3.095,0.111816,0.100161,5023.4,4.79647e+06,809.32,772759,3.93695e-15,0.965859
100,5,10,1000,0.001,1 GHz,0.0335178,0.161551,0.166551,0.00055,5.5e-05,1.90526e-06,0.00032428,3.17322e-07,4.49763e-06,0.1,0.00161551,0.000541483,3.095,0.111816,0.100016,5008.87,4.79647e+06,806.978,772759,3.93695e-15,0.965956
100,5,10,1000,0.01,1 MHz (plan spec),33.5178,0.161551,0.166551,0.00055,5.5e-05,1.90526e-06,0.00032428,3.17322e-07,4.49763e-06,0.1,0.0161551,0.541483,3.095,0.112966,0.550877,151953,4.79647e+06,24481.1,772759,3.93695e-15,0.349665
100,5,10,1000,0.01,100 MHz,0.335178,0.161551,0.166551,0.00055,5.5e-05,1.90526e-06,0.00032428,3.17322e-07,4.49763e-06,0.1,0.0161551,0.00541483,3.095,0.112966,0.101443,5152.78,4.79647e+06,830.163,772759,3.93695e-15,0.964995
100,5,10,1000,0.01,1 GHz,0.0335178,0.161551,0.166551,0.00055,5.5e-05,1.90526e-06,0.00032428,3.17322e-07,4.49763e-06,0.1,0.0161551,0.000541483,3.095,0.112966,0.101299,5138.24,4.79647e+06,827.822,772759,3.93695e-15,0.965092
100,5,50,50,0.001,1 MHz (plan spec),33.5178,0.161551,0.166551,0.00055,5.5e-05,1.90526e-06,0.00032428,3.17322e-07,4.49763e-06,0.005,0.00807754,2.70742,3.095,0.250181,2.70743,3.67042e+06,4.79647e+06,591341,772759,3.93695e-15,9.48263e-12
100,5,50,50,0.001,100 MHz,0.335178,0.161551,0.166551,0.00055,5.5e-05,1.90526e-06,0.00032428,3.17322e-07,4.49763e-06,0.005,0.00807754,0.0270742,3.095,0.250181,0.0286977,412.378,4.79647e+06,66.4382,772759,3.93695e-15,0.997152
100,5,50,50,0.001,1 GHz,0.0335178,0.161551,0.166551,0.00055,5.5e-05,1.90526e-06,0.00032428,3.17322e-07,4.49763e-06,0.005,0.00807754,0.00270742,3.095,0.250181,0.0098934,49.0107,4.79647e+06,7.89612,772759,3.93695e-15,0.999661
100,5,50,50,0.01,1 MHz (plan spec),33.5178,0.161551,0.166551,0.00055,5.5e-05,1.90526e-06,0.00032428,3.17322e-07,4.49763e-06,0.005,0.0807754,2.70742,3.095,0.262774,2.70863,3.67365e+06,4.79647e+06,591862,772759,3.93695e-15,9.27289e-12
100,5,50,50,0.01,100 MHz,0.335178,0.161551,0.166551,0.00055,5.5e-05,1.90526e-06,0.00032428,3.17322e-07,4.49763e-06,0.005,0.0807754,0.0270742,3.095,0.262774,0.0853404,3646.78,4.79647e+06,587.533,772759,3.93695e-15,0.975097
100,5,50,50,0.01,1 GHz,0.0335178,0.161551,0.166551,0.00055,5.5e-05,1.90526e-06,0.00032428,3.17322e-07,4.49763e-06,0.005,0.0807754,0.00270742,3.095,0.262774,0.0809772,3283.41,4.79647e+06,528.991,772759,3.93695e-15,0.97755
100,5,50,200,0.001,1 MHz (plan spec),33.5178,0.161551,0.166551,0.00055,5.5e-05,1.90526e-06,0.00032428,3.17322e-07,4.49763e-06,0.02,0.00807754,2.70742,3.095,0.250929,2.7075,3.67061e+06,4.79647e+06,591371,772759,3.93695e-15,9.47032e-12
100,5,50,200,0.001,100 MHz,0.335178,0.161551,0.166551,0.00055,5.5e-05,1.90526e-06,0.00032428,3.17322e-07,4.49763e-06,0.02,0.00807754,0.0270742,3.095,0.250929,0.0346202,600.15,4.79647e+06,96.6901,772759,3.93695e-15,0.995858
100,5,50,200,0.001,1 GHz,0.0335178,0.161551,0.166551,0.00055,5.5e-05,1.90526e-06,0.00032428,3.17322e-07,4.49763e-06,0.02,0.00807754,0.00270742,3.095,0.250929,0.0217458,236.783,4.79647e+06,38.1481,772759,3.93695e-15,0.998364
100,5,50,200,0.01,1 MHz (plan spec),33.5178,0.161551,0.166551,0.00055,5.5e-05,1.90526e-06,0.00032428,3.17322e-07,4.49763e-06,0.02,0.0807754,2.70742,3.095,0.263486,2.7087,3.67384e+06,4.79647e+06,591892,772759,3.93695e-15,9.26086e-12
100,5,50,200,0.01,100 MHz,0.335178,0.161551,0.166551,0.00055,5.5e-05,1.90526e-06,0.00032428,3.17322e-07,4.49763e-06,0.02,0.0807754,0.0270742,3.095,0.263486,0.0875099,3834.55,4.79647e+06,617.785,772759,3.93695e-15,0.973832
100,5,50,200,0.01,1 GHz,0.0335178,0.161551,0.166551,0.00055,5.5e-05,1.90526e-06,0.00032428,3.17322e-07,4.49763e-06,0.02,0.0807754,0.00270742,3.095,0.263486,0.0832605,3471.19,4.79647e+06,559.243,772759,3.93695e-15,0.976282
100,5,50,1000,0.001,1 MHz (plan spec),33.5178,0.161551,0.166551,0.00055,5.5e-05,1.90526e-06,0.00032428,3.17322e-07,4.49763e-06,0.1,0.00807754,2.70742,3.095,0.26938,2.70927,3.67541e+06,4.79647e+06,592146,772759,3.93695e-15,9.16069e-12
100,5,50,1000,0.001,100 MHz,0.335178,0.161551,0.166551,0.00055,5.5e-05,1.90526e-06,0.00032428,3.17322e-07,4.49763e-06,0.1,0.00807754,0.0270742,3.095,0.26938,0.103916,5407.12,4.79647e+06,871.141,772759,3.93695e-15,0.963299
100,5,50,1000,0.001,1 GHz,0.0335178,0.161551,0.166551,0.00055,5.5e-05,1.90526e-06,0.00032428,3.17322e-07,4.49763e-06,0.1,0.00807754,0.00270742,3.095,0.26938,0.100364,5043.75,4.79647e+06,812.599,772759,3.93695e-15,0.965723
100,5,50,1000,0.01,1 MHz (plan spec),33.5178,0.161551,0.166551,0.00055,5.5e-05,1.90526e-06,0.00032428,3.17322e-07,4.49763e-06,0.1,0.0807754,2.70742,3.095,0.281114,2.71047,3.67865e+06,4.79647e+06,592667,772759,3.93695e-15,8.95808e-12
100,5,50,1000,0.01,100 MHz,0.335178,0.161551,0.166551,0.00055,5.5e-05,1.90526e-06,0.00032428,3.17322e-07,4.49763e-06,0.1,0.0807754,0.0270742,3.095,0.281114,0.13137,8641.52,4.79647e+06,1392.24,772759,3.93695e-15,0.941993
100,5,50,1000,0.01,1 GHz,0.0335178,0.161551,0.166551,0.00055,5.5e-05,1.90526e-06,0.00032428,3.17322e-07,4.49763e-06,0.1,0.0807754,0.00270742,3.095,0.281114,0.128578,8278.16,4.79647e+06,1333.69,772759,3.93695e-15,0.944363
100,5,100,50,0.001,1 MHz (plan spec),33.5178,0.161551,0.166551,0.00055,5.5e-05,1.90526e-06,0.00032428,3.17322e-07,4.49763e-06,0.005,0.0161551,5.41483,3.095,0.500286,5.41486,1.46816e+07,4.79647e+06,2.36536e+06,772759,3.93695e-15,8.08777e-45
100,5,100,50,0.001,100 MHz,0.335178,0.161551,0.166551,0.00055,5.5e-05,1.90526e-06,0.00032428,3.17322e-07,4.49763e-06,0.005,0.0161551,0.0541483,3.095,0.500286,0.0567303,1611.5,4.79647e+06,259.629,772759,3.93695e-15,0.988918
100,5,100,50,0.001,1 GHz,0.0335178,0.161551,0.166551,0.00055,5.5e-05,1.90526e-06,0.00032428,3.17322e-07,4.49763e-06,0.005,0.0161551,0.00541483,3.095,0.500286,0.0177654,158.034,4.79647e+06,25.4609,772759,3.93695e-15,0.998908
100,5,100,50,0.01,1 MHz (plan spec),33.5178,0.161551,0.166551,0.00055,5.5e-05,1.90526e-06,0.00032428,3.17322e-07,4.49763e-06,0.005,0.161551,5.41483,3.095,0.525475,5.41724,1.46946e+07,4.79647e+06,2.36744e+06,772759,3.93695e-15,7.39562e-45
100,5,100,50,0.01,100 MHz,0.335178,0.161551,0.166551,0.00055,5.5e-05,1.90526e-06,0.00032428,3.17322e-07,4.49763e-06,0.005,0.161551,0.0541483,3.095,0.525475,0.170458,14549.1,4.79647e+06,2344.01,772759,3.93695e-15,0.904286
100,5,100,50,0.01,1 GHz,0.0335178,0.161551,0.166551,0.00055,5.5e-05,1.90526e-06,0.00032428,3.17322e-07,4.49763e-06,0.005,0.161551,0.00541483,3.095,0.525475,0.16172,13095.6,4.79647e+06,2109.84,772759,3.93695e-15,0.913421
100,5,100,200,0.001,1 MHz (plan spec),33.5178,0.161551,0.166551,0.00055,5.5e-05,1.90526e-06,0.00032428,3.17322e-07,4.49763e-06,0.02,0.0161551,5.41483,3.095,0.500661,5.41489,1.46818e+07,4.79647e+06,2.36539e+06,772759,3.93695e-15,8.07728e-45
100,5,100,200,0.001,100 MHz,0.335178,0.161551,0.166551,0.00055,5.5e-05,1.90526e-06,0.00032428,3.17322e-07,4.49763e-06,0.02,0.0161551,0.0541483,3.095,0.500661,0.0599444,1799.27,4.79647e+06,289.881,772759,3.93695e-15,0.987635
100,5,100,200,0.001,1 GHz,0.0335178,0.161551,0.166551,0.00055,5.5e-05,1.90526e-06,0.00032428,3.17322e-07,4.49763e-06,0.02,0.0161551,0.00541483,3.095,0.500661,0.0262795,345.806,4.79647e+06,55.7128,772759,3.93695e-15,0.997612
100,5,100,200,0.01,1 MHz (plan spec),33.5178,0.161551,0.166551,0.00055,5.5e-05,1.90526e-06,0.00032428,3.17322e-07,4.49763e-06,0.02,0.161551,5.41483,3.095,0.525832,5.41728,1.46948e+07,4.79647e+06,2.36747e+06,772759,3.93695e-15,7.38602e-45
100,5,100,200,0.01,100 MHz,0.335178,0.161551,0.166551,0.00055,5.5e-05,1.90526e-06,0.00032428,3.17322e-07,4.49763e-06,0.02,0.161551,0.0541483,3.095,0.525832,0.171555,14736.9,4.79647e+06,2374.26,772759,3.93695e-15,0.903113
100,5,100,200,0.01,1 GHz,0.0335178,0.161551,0.166551,0.00055,5.5e-05,1.90526e-06,0.00032428,3.17322e-07,4.49763e-06,0.02,0.161551,0.00541483,3.095,0.525832,0.162875,13283.4,4.79647e+06,2140.09,772759,3.93695e-15,0.912236
100,5,100,1000,0.001,1 MHz (plan spec),33.5178,0.161551,0.166551,0.00055,5.5e-05,1.90526e-06,0.00032428,3.17322e-07,4.49763e-06,0.1,0.0161551,5.41483,3.095,0.510158,5.41578,1.46866e+07,4.79647e+06,2.36616e+06,772759,3.93695e-15,7.81319e-45
100,5,100,1000,0.001,100 MHz,0.335178,0.161551,0.166551,0.00055,5.5e-05,1.90526e-06,0.00032428,3.17322e-07,4.49763e-06,0.1,0.0161551,0.0541483,3.095,0.510158,0.114862,6606.24,4.79647e+06,1064.33,772759,3.93695e-15,0.955344
100,5,100,1000,0.001,1 GHz,0.0335178,0.161551,0.166551,0.00055,5.5e-05,1.90526e-06,0.00032428,3.17322e-07,4.49763e-06,0.1,0.0161551,0.00541483,3.095,0.510158,0.101443,5152.78,4.79647e+06,830.163,772759,3.93695e-15,0.964995
100,5,100,1000,0.01,1 MHz (plan spec),33.5178,0.161551,0.166551,0.00055,5.5e-05,1.90526e-06,0.00032428,3.17322e-07,4.49763e-06,0.1,0.161551,5.41483,3.095,0.534882,5.41817,1.46996e+07,4.79647e+06,2.36825e+06,772759,3.93695e-15,7.14454e-45
100,5,100,1000,0.01,100 MHz,0.335178,0.161551,0.166551,0.00055,5.5e-05,1.90526e-06,0.00032428,3.17322e-07,4.49763e-06,0.1,0.161551,0.0541483,3.095,0.534882,0.197563,19543.9,4.79647e+06,3148.71,772759,3.93695e-15,0.873586
100,5,100,1000,0.01,1 GHz,0.0335178,0.161551,0.166551,0.00055,5.5e-05,1.90526e-06,0.00032428,3.17322e-07,4.49763e-06,0.1,0.161551,0.00541483,3.095,0.534882,0.190074,18090.4,4.79647e+06,2914.54,772759,3.93695e-15,0.88241
100,10,1,50,0.001,1 MHz (plan spec),33.5178,0.161551,0.171551,0.00055,5.5e-05,1.90526e-06,0.00032428,3.26848e-07,4.77173e-06,0.005,0.000161551,0.0541483,6.19,0.011195,0.0543817,1480.83,1.91859e+07,238.577,3.09103e+06,2.40238e-58,0.989812
100,10,1,50,0.001,100 MHz,0.335178,0.161551,0.171551,0.00055,5.5e-05,1.90526e-06,0.00032428,3.26848e-07,4.77173e-06,0.005,0.000161551,0.000541483,6.19,0.011195,0.0050618,12.8295,1.91859e+07,2.06696,3.09103e+06,2.40238e-58,0.999911
100,10,1,50,0.001,1 GHz,0.0335178,0.161551,0.171551,0.00055,5.5e-05,1.90526e-06,0.00032428,3.26848e-07,4.77173e-06,0.005,0.000161551,5.41483e-05,6.19,0.011195,0.00503305,12.6842,1.91859e+07,2.04355,3.09103e+06,2.40238e-58,0.999912
100,10,1,50,0.01,1 MHz (plan spec),33.5178,0.161551,0.171551,0.00055,5.5e-05,1.90526e-06,0.00032428,3.26848e-07,4.77173e-06,0.005,0.00161551,0.0541483,6.19,0.0113098,0.0544055,1482.13,1.91859e+07,238.785,3.09103e+06,2.40238e-58,0.989803
100,10,1,50,0.01,100 MHz,0.335178,0.161551,0.171551,0.00055,5.5e-05,1.90526e-06,0.00032428,3.26848e-07,4.77173e-06,0.005,0.00161551,0.000541483,6.19,0.0113098,0.00531089,14.1233,1.91859e+07,2.2754,3.09103e+06,2.40238e-58,0.999902
100,10,1,50,0.01,1 GHz,0.0335178,0.161551,0.171551,0.00055,5.5e-05,1.90526e-06,0.00032428,3.26848e-07,4.77173e-06,0.005,0.00161551,5.41483e-05,6.19,0.0113098,0.0052835,13.9779,1.91859e+07,2.25198,3.09103e+06,2.40238e-58,0.999903
100,10,1,200,0.001,1 MHz (plan spec),33.5178,0.161551,0.171551,0.00055,5.5e-05,1.90526e-06,0.00032428,3.26848e-07,4.77173e-06,0.02,0.000161551,0.0541483,6.19,0.022368,0.0577267,1668.6,1.91859e+07,268.829,3.09103e+06,2.40238e-58,0.988528
100,10,1,200,0.001,100 MHz,0.335178,0.161551,0.171551,0.00055,5.5e-05,1.90526e-06,0.00032428,3.26848e-07,4.77173e-06,0.02,0.000161551,0.000541483,6.19,0.022368,0.0200155,200.602,1.91859e+07,32.3189,3.09103e+06,2.40238e-58,0.998614
100,10,1,200,0.001,1 GHz,0.0335178,0.161551,0.171551,0.00055,5.5e-05,1.90526e-06,0.00032428,3.26848e-07,4.77173e-06,0.02,0.000161551,5.41483e-05,6.19,0.022368,0.0200083,200.456,1.91859e+07,32.2955,3.09103e+06,2.40238e-58,0.998615
100,10,1,200,0.01,1 MHz (plan spec),33.5178,0.161551,0.171551,0.00055,5.5e-05,1.90526e-06,0.00032428,3.26848e-07,4.77173e-06,0.02,0.00161551,0.0541483,6.19,0.0224257,0.0577491,1669.9,1.91859e+07,269.037,3.09103e+06,2.40238e-58,0.988519
100,10,1,200,0.01,100 MHz,0.335178,0.161551,0.171551,0.00055,5.5e-05,1.90526e-06,0.00032428,3.26848e-07,4.77173e-06,0.02,0.00161551,0.000541483,6.19,0.0224257,0.02008,201.896,1.91859e+07,32.5274,3.09103e+06,2.40238e-58,0.998605
100,10,1,200,0.01,1 GHz,0.0335178,0.161551,0.171551,0.00055,5.5e-05,1.90526e-06,0.00032428,3.26848e-07,4.77173e-06,0.02,0.00161551,5.41483e-05,6.19,0.0224257,0.0200728,201.75,1.91859e+07,32.504,3.09103e+06,2.40238e-58,0.998606
100,10,1,1000,0.001,1 MHz (plan spec),33.5178,0.161551,0.171551,0.00055,5.5e-05,1.90526e-06,0.00032428,3.26848e-07,4.77173e-06,0.1,0.000161551,0.0541483,6.19,0.1005,0.113721,6475.57,1.91859e+07,1043.28,3.09103e+06,2.40238e-58,0.956208
100,10,1,1000,0.001,100 MHz,0.335178,0.161551,0.171551,0.00055,5.5e-05,1.90526e-06,0.00032428,3.26848e-07,4.77173e-06,0.1,0.000161551,0.000541483,6.19,0.1005,0.100003,5007.57,1.91859e+07,806.77,3.09103e+06,2.40238e-58,0.965965
100,10,1,1000,0.001,1 GHz,0.0335178,0.161551,0.171551,0.00055,5.5e-05,1.90526e-06,0.00032428,3.26848e-07,4.77173e-06,0.1,0.000161551,5.41483e-05,6.19,0.1005,0.100002,5007.43,1.91859e+07,806.746,3.09103e+06,2.40238e-58,0.965965
100,10,1,1000,0.01,1 MHz (plan spec),33.5178,0.161551,0.171551,0.00055,5.5e-05,1.90526e-06,0.00032428,3.26848e-07,4.77173e-06,0.1,0.00161551,0.0541483,6.19,0.100513,0.113732,6476.87,1.91859e+07,1043.49,3.09103e+06,2.40238e-58,0.9562
100,10,1,1000,0.01,100 MHz,0.335178,0.161551,0.171551,0.00055,5.5e-05,1.90526e-06,0.00032428,3.26848e-07,4.77173e-06,0.1,0.00161551,0.000541483,6.19,0.100513,0.100016,5008.87,1.91859e+07,806.978,3.09103e+06,2.40238e-58,0.965956
100,10,1,1000,0.01,1 GHz,0.0335178,0.161551,0.171551,0.00055,5.5e-05,1.90526e-06,0.00032428,3.26848e-07,4.77173e-06,0.1,0.00161551,5.41483e-05,6.19,0.100513,0.100015,5008.72,1.91859e+07,806.955,3.09103e+06,2.40238e-58,0.965957
100,10,10,50,0.001,1 MHz (plan spec),33.5178,0.161551,0.171551,0.00055,5.5e-05,1.90526e-06,0.00032428,3.26848e-07,4.77173e-06,0.005,0.00161551,0.541483,6.19,0.100139,0.541509,146829,1.91859e+07,23655.6,3.09103e+06,2.40238e-58,0.362277
100,10,10,50,0.001,100 MHz,0.335178,0.161551,0.171551,0.00055,5.5e-05,1.90526e-06,0.00032428,3.26848e-07,4.77173e-06,0.005,0.00161551,0.00541483,6.19,0.100139,0.00756524,28.658,1.91859e+07,4.61708,3.09103e+06,2.40238e-58,0.999802
100,10,10,50,0.001,1 GHz,0.0335178,0.161551,0.171551,0.00055,5.5e-05,1.90526e-06,0.00032428,3.26848e-07,4.77173e-06,0.005,0.00161551,0.000541483,6.19,0.100139,0.00531089,14.1233,1.91859e+07,2.2754,3.09103e+06,2.40238e-58,0.999902
100,10,10,50,0.01,1 MHz (plan spec),33.5178,0.161551,0.171551,0.00055,5.5e-05,1.90526e-06,0.00032428,3.26848e-07,4.77173e-06,0.005,0.0161551,0.541483,6.19,0.101421,0.541748,146958,1.91859e+07,23676.4,3.09103e+06,2.40238e-58,0.361953
100,10,10,50,0.01,100 MHz,0.335178,0.161551,0.171551,0.00055,5.5e-05,1.90526e-06,0.00032428,3.26848e-07,4.77173e-06,0.005,0.0161551,0.00541483,6.19,0.101421,0.0177654,158.034,1.91859e+07,25.4609,3.09103e+06,2.40238e-58,0.998908
100,10,10,50,0.01,1 GHz,0.0335178,0.161551,0.171551,0.00055,5.5e-05,1.90526e-06,0.00032428,3.26848e-07,4.77173e-06,0.005,0.0161551,0.000541483,6.19,0.101421,0.0169288,143.499,1.91859e+07,23.1192,3.09103e+06,2.40238e-58,0.999008
100,10,10,200,0.001,1 MHz (plan spec),33.5178,0.161551,0.171551,0.00055,5.5e-05,1.90526e-06,0.00032428,3.26848e-07,4.77173e-06,0.02,0.00161551,0.541483,6.19,0.101995,0.541855,147017,1.91859e+07,23685.9,3.09103e+06,2.40238e-58,0.361807
100,10,10,200,0.001,100 MHz,0.335178,0.161551,0.171551,0.00055,5.5e-05,1.90526e-06,0.00032428,3.26848e-07,4.77173e-06,0.02,0.00161551,0.00541483,6.19,0.101995,0.0207902,216.43,1.91859e+07,34.8691,3.09103e+06,2.40238e-58,0.998504
100,10,10,200,0.001,1 GHz,0.0335178,0.161551,0.171551,0.00055,5.5e-05,1.90526e-06,0.00032428,3.26848e-07,4.77173e-06,0.02,0.00161551,0.000541483,6.19,0.101995,0.02008,201.896,1.91859e+07,32.5274,3.09103e+06,2.40238e-58,0.998605
100,10,10,200,0.01,1 MHz (plan spec),33.5178,0.161551,0.171551,0.00055,5.5e-05,1.90526e-06,0.00032428,3.26848e-07,4.77173e-06,0.02,0.0161551,0.541483,6.19,0.103254,0.542094,147146,1.91859e+07,23706.7,3.09103e+06,2.40238e-58,0.361483
100,10,10,200,0.01,100 MHz,0.335178,0.161551,0.171551,0.00055,5.5e-05,1.90526e-06,0.00032428,3.26848e-07,4.77173e-06,0.02,0.0161551,0.00541483,6.19,0.103254,0.0262795,345.806,1.91859e+07,55.7128,3.09103e+06,2.40238e-58,0.997612
100,10,10,200,0.01,1 GHz,0.0335178,0.161551,0.171551,0.00055,5.5e-05,1.90526e-06,0.00032428,3.26848e-07,4.77173e-06,0.02,0.0161551,0.000541483,6.19,0.103254,0.0257212,331.272,1.91859e+07,53.3712,3.09103e+06,2.40238e-58,0.997712
100,10,10,1000,0.001,1 MHz (plan spec),33.5178,0.161551,0.171551,0.00055,5.5e-05,1.90526e-06,0.00032428,3.26848e-07,4.77173e-06,0.1,0.00161551,0.541483,6.19,0.141432,0.550642,151824,1.91859e+07,24460.3,3.09103e+06,2.40238e-58,0.349978
100,10,10,1000,0.001,100 MHz,0.335178,0.161551,0.171551,0.00055,5.5e-05,1.90526e-06,0.00032428,3.26848e-07,4.77173e-06,0.1,0.00161551,0.00541483,6.19,0.141432,0.100161,5023.4,1.91859e+07,809.32,3.09103e+06,2.40238e-58,0.965859
100,10,10,1000,0.001,1 GHz,0.0335178,0.161551,0.171551,0.00055,5.5e-05,1.90526e-06,0.00032428,3.26848e-07,4.77173e-06,0.1,0.00161551,0.000541483,6.19,0.141432,0.100016,5008.87,1.91859e+07,806.978,3.09103e+06,2.40238e-58,0.965956
100,10,10,1000,0.01,1 MHz (plan spec),33.5178,0.161551,0.171551,0.00055,5.5e-05,1.90526e-06,0.00032428,3.26848e-07,4.77173e-06,0.1,0.0161551,0.541483,6.19,0.142342,0.550877,151953,1.91859e+07,24481.1,3.09103e+06,2.40238e-58,0.349665
100,10,10,1000,0.01,100 MHz,0.335178,0.161551,0.171551,0.00055,5.5e-05,1.90526e-06,0.00032428,3.26848e-07,4.77173e-06,0.1,0.0161551,0.00541483,6.19,0.142342,0.101443,5152.78,1.91859e+07,830.163,3.09103e+06,2.40238e-58,0.964995
100,10,10,1000,0.01,1 GHz,0.0335178,0.161551,0.171551,0.00055,5.5e-05,1.90526e-06,0.00032428,3.26848e-07,4.77173e-06,0.1,0.0161551,0.000541483,6.19,0.142342,0.101299,5138.24,1.91859e+07,827.822,3.09103e+06,2.40238e-58,0.965092
100,10,50,50,0.001,1 MHz (plan spec),33.5178,0.161551,0.171551,0.00055,5.5e-05,1.90526e-06,0.00032428,3.26848e-07,4.77173e-06,0.005,0.00807754,2.70742,6.19,0.500091,2.70743,3.67042e+06,1.91859e+07,591341,3.09103e+06,2.40238e-58,9.48263e-12
100,10,50,50,0.001,100 MHz,0.335178,0.161551,0.171551,0.00055,5.5e-05,1.90526e-06,0.00032428,3.26848e-07,4.77173e-06,0.005,0.00807754,0.0270742,6.19,0.500091,0.0286977,412.378,1.91859e+07,66.4382,3.09103e+06,2.40238e-58,0.997152
100,10,50,50,0.001,1 GHz,0.0335178,0.161551,0.171551,0.00055,5.5e-05,1.90526e-06,0.00032428,3.26848e-07,4.77173e-06,0.005,0.00807754,0.00270742,6.19,0.500091,0.0098934,49.0107,1.91859e+07,7.89612,3.09103e+06,2.40238e-58,0.999661
100,10,50,50,0.01,1 MHz (plan spec),33.5178,0.161551,0.171551,0.00055,5.5e-05,1.90526e-06,0.00032428,3.26848e-07,4.77173e-06,0.005,0.0807754,2.70742,6.19,0.506508,2.70863,3.67365e+06,1.91859e+07,591862,3.09103e+06,2.40238e-58,9.27289e-12
100,10,50,50,0.01,100 MHz,0.335178,0.161551,0.171551,0.00055,5.5e-05,1.90526e-06,0.00032428,3.26848e-07,4.77173e-06,0.005,0.0807754,0.0270742,6.19,0.506508,0.0853404,3646.78,1.91859e+07,587.533,3.09103e+06,2.40238e-58,0.975097
100,10,50,50,0.01,1 GHz,0.0335178,0.161551,0.171551,0.00055,5.5e-05,1.90526e-06,0.00032428,3.26848e-07,4.77173e-06,0.005,0.0807754,0.00270742,6.19,0.506508,0.0809772,3283.41,1.91859e+07,528.991,3.09103e+06,2.40238e-58,0.97755
100,10,50,200,0.001,1 MHz (plan spec),33.5178,0.161551,0.171551,0.00055,5.5e-05,1.90526e-06,0.00032428,3.26848e-07,4.77173e-06,0.02,0.00807754,2.70742,6.19,0.500465,2.7075,3.67061e+06,1.91859e+07,591371,3.09103e+06,2.40238e-58,9.47032e-12
100,10,50,200,0.001,100 MHz,0.335178,0.161551,0.171551,0.00055,5.5e-05,1.90526e-06,0.00032428,3.26848e-07,4.77173e-06,0.02,0.00807754,0.0270742,6.19,0.500465,0.0346202,600.15,1.91859e+07,96.6901,3.09103e+06,2.40238e-58,0.995858
100,10,50,200,0.001,1 GHz,0.0335178,0.161551,0.171551,0.00055,5.5e-05,1.90526e-06,0.00032428,3.26848e-07,4.77173e-06,0.02,0.00807754,0.00270742,6.19,0.500465,0.0217458,236.783,1.91859e+07,38.1481,3.09103e+06,2.40238e-58,0.998364
100,10,50,200,0.01,1 MHz (plan spec),33.5178,0.161551,0.171551,0.00055,5.5e-05,1.90526e-06,0.00032428,3.26848e-07,4.77173e-06,0.02,0.0807754,2.70742,6.19,0.506878,2.7087,3.67384e+06,1.91859e+07,591892,3.09103e+06,2.40238e-58,9.26086e-12
100,10,50,200,0.01,100 MHz,0.335178,0.161551,0.171551,0.00055,5.5e-05,1.90526e-06,0.00032428,3.26848e-07,4.77173e-06,0.02,0.0807754,0.0270742,6.19,0.506878,0.0875099,3834.55,1.91859e+07,617.785,3.09103e+06,2.40238e-58,0.973832
100,10,50,200,0.01,1 GHz,0.0335178,0.161551,0.171551,0.00055,5.5e-05,1.90526e-06,0.00032428,3.26848e-07,4.77173e-06,0.02,0.0807754,0.00270742,6.19,0.506878,0.0832605,3471.19,1.91859e+07,559.243,3.09103e+06,2.40238e-58,0.976282
100,10,50,1000,0.001,1 MHz (plan spec),33.5178,0.161551,0.171551,0.00055,5.5e-05,1.90526e-06,0.00032428,3.26848e-07,4.77173e-06,0.1,0.00807754,2.70742,6.19,0.509966,2.70927,3.67541e+06,1.91859e+07,592146,3.09103e+06,2.40238e-58,9.16069e-12
100,10,50,1000,0.001,100 MHz,0.335178,0.161551,0.171551,0.00055,5.5e-05,1.90526e-06,0.00032428,3.26848e-07,4.77173e-06,0.1,0.00807754,0.0270742,6.19,0.509966,0.103916,5407.12,1.91859e+07,871.141,3.09103e+06,2.40238e-58,0.963299
100,10,50,1000,0.001,1 GHz,0.0335178,0.161551,0.171551,0.00055,5.5e-05,1.90526e-06,0.00032428,3.26848e-07,4.77173e-06,0.1,0.00807754,0.00270742,6.19,0.509966,0.100364,5043.75,1.91859e+07,812.599,3.09103e+06,2.40238e-58,0.965723
100,10,50,1000,0.01,1 MHz (plan spec),33.5178,0.161551,0.171551,0.00055,5.5e-05,1.90526e-06,0.00032428,3.26848e-07,4.77173e-06,0.1,0.0807754,2.70742,6.19,0.516261,2.71047,3.67865e+06,1.91859e+07,592667,3.09103e+06,2.40238e-58,8.95808e-12
100,10,50,1000,0.01,100 MHz,0.335178,0.161551,0.171551,0.00055,5.5e-05,1.90526e-06,0.00032428,3.26848e-07,4.77173e-06,0.1,0.0807754,0.0270742,6.19,0.516261,0.13137,8641.52,1.91859e+07,1392.24,3.09103e+06,2.40238e-58,0.941993
100,10,50,1000,0.01,1 GHz,0.0335178,0.161551,0.171551,0.00055,5.5e-05,1.90526e-06,0.00032428,3.26848e-07,4.77173e-06,0.1,0.0807754,0.00270742,6.19,0.516261,0.128578,8278.16,1.91859e+07,1333.69,3.09103e+06,2.40238e-58,0.944363
100,10,100,50,0.001,1 MHz (plan spec),33.5178,0.161551,0.171551,0.00055,5.5e-05,1.90526e-06,0.00032428,3.26848e-07,4.77173e-06,0.005,0.0161551,5.41483,6.19,1.00014,5.41486,1.46816e+07,1.91859e+07,2.36536e+06,3.09103e+06,2.40238e-58,8.08777e-45
100,10,100,50,0.001,100 MHz,0.335178,0.161551,0.171551,0.00055,5.5e-05,1.90526e-06,0.00032428,3.26848e-07,4.77173e-06,0.005,0.0161551,0.0541483,6.19,1.00014,0.0567303,1611.5,1.91859e+07,259.629,3.09103e+06,2.40238e-58,0.988918
100,10,100,50,0.001,1 GHz,0.0335178,0.161551,0.171551,0.00055,5.5e-05,1.90526e-06,0.00032428,3.26848e-07,4.77173e-06,0.005,0.0161551,0.00541483,6.19,1.00014,0.0177654,158.034,1.91859e+07,25.4609,3.09103e+06,2.40238e-58,0.998908
100,10,100,50,0.01,1 MHz (plan spec),33.5178,0.161551,0.171551,0.00055,5.5e-05,1.90526e-06,0.00032428,3.26848e-07,4.77173e-06,0.005,0.161551,5.41483,6.19,1.01298,5.41724,1.46946e+07,1.91859e+07,2.36744e+06,3.09103e+06,2.40238e-58,7.39562e-45
100,10,100,50,0.01,100 MHz,0.335178,0.161551,0.171551,0.00055,5.5e-05,1.90526e-06,0.00032428,3.26848e-07,4.77173e-06,0.005,0.161551,0.0541483,6.19,1.01298,0.170458,14549.1,1.91859e+07,2344.01,3.09103e+06,2.40238e-58,0.904286
100,10,100,50,0.01,1 GHz,0.0335178,0.161551,0.171551,0.00055,5.5e-05,1.90526e-06,0.00032428,3.26848e-07,4.77173e-06,0.005,0.161551,0.00541483,6.19,1.01298,0.16172,13095.6,1.91859e+07,2109.84,3.09103e+06,2.40238e-58,0.913421
100,10,100,200,0.001,1 MHz (plan spec),33.5178,0.161551,0.171551,0.00055,5.5e-05,1.90526e-06,0.00032428,3.26848e-07,4.77173e-06,0.02,0.0161551,5.41483,6.19,1.00033,5.41489,1.46818e+07,1.91859e+07,2.36539e+06,3.09103e+06,2.40238e-58,8.07728e-45
100,10,100,200,0.001,100 MHz,0.335178,0.161551,0.171551,0.00055,5.5e-05,1.90526e-06,0.00032428,3.26848e-07,4.77173e-06,0.02,0.0161551,0.0541483,6.19,1.00033,0.0599444,1799.27,1.91859e+07,289.881,3.09103e+06,2.40238e-58,0.987635
100,10,100,200,0.001,1 GHz,0.0335178,0.161551,0.171551,0.00055,5.5e-05,1.90526e-06,0.00032428,3.26848e-07,4.77173e-06,0.02,0.0161551,0.00541483,6.19,1.00033,0.0262795,345.806,1.91859e+07,55.7128,3.09103e+06,2.40238e-58,0.997612
100,10,100,200,0.01,1 MHz (plan spec),33.5178,0.161551,0.171551,0.00055,5.5e-05,1.90526e-06,0.00032428,3.26848e-07,4.77173e-06,0.02,0.161551,5.41483,6.19,1.01316,5.41728,1.46948e+07,1.91859e+07,2.36747e+06,3.09103e+06,2.40238e-58,7.38602e-45
100,10,100,200,0.01,100 MHz,0.335178,0.161551,0.171551,0.00055,5.5e-05,1.90526e-06,0.00032428,3.26848e-07,4.77173e-06,0.02,0.161551,0.0541483,6.19,1.01316,0.171555,14736.9,1.91859e+07,2374.26,3.09103e+06,2.40238e-58,0.903113
100,10,100,200,0.01,1 GHz,0.0335178,0.161551,0.171551,0.00055,5.5e-05,1.90526e-06,0.00032428,3.26848e-07,4.77173e-06,0.02,0.161551,0.00541483,6.19,1.01316,0.162875,13283.4,1.91859e+07,2140.09,3.09103e+06,2.40238e-58,0.912236
100,10,100,1000,0.001,1 MHz (plan spec),33.5178,0.161551,0.171551,0.00055,5.5e-05,1.90526e-06,0.00032428,3.26848e-07,4.77173e-06,0.1,0.0161551,5.41483,6.19,1.00512,5.41578,1.46866e+07,1.91859e+07,2.36616e+06,3.09103e+06,2.40238e-58,7.81319e-45
100,10,100,1000,0.001,100 MHz,0.335178,0.161551,0.171551,0.00055,5.5e-05,1.90526e-06,0.00032428,3.26848e-07,4.77173e-06,0.1,0.0161551,0.0541483,6.19,1.00512,0.114862,6606.24,1.91859e+07,1064.33,3.09103e+06,2.40238e-58,0.955344
100,10,100,1000,0.001,1 GHz,0.0335178,0.161551,0.171551,0.00055,5.5e-05,1.90526e-06,0.00032428,3.26848e-07,4.77173e-06,0.1,0.0161551,0.00541483,6.19,1.00512,0.101443,5152.78,1.91859e+07,830.163,3.09103e+06,2.40238e-58,0.964995
100,10,100,1000,0.01,1 MHz (plan spec),33.5178,0.161551,0.171551,0.00055,5.5e-05,1.90526e-06,0.00032428,3.26848e-07,4.77173e-06,0.1,0.161551,5.41483,6.19,1.01789,5.41817,1.46996e+07,1.91859e+07,2.36825e+06,3.09103e+06,2.40238e-58,7.14454e-45
100,10,100,1000,0.01,100 MHz,0.335178,0.161551,0.171551,0.00055,5.5e-05,1.90526e-06,0.00032428,3.26848e-07,4.77173e-06,0.1,0.161551,0.0541483,6.19,1.01789,0.197563,19543.9,1.91859e+07,3148.71,3.09103e+06,2.40238e-58,0.873586
100,10,100,1000,0.01,1 GHz,0.0335178,0.161551,0.171551,0.00055,5.5e-05,1.90526e-06,0.00032428,3.26848e-07,4.77173e-06,0.1,0.161551,0.00541483,6.19,1.01789,0.190074,18090.4,1.91859e+07,2914.54,3.09103e+06,2.40238e-58,0.88241
100,50,1,50,0.001,1 MHz (plan spec),33.5178,0.161551,0.211551,0.00055,5.5e-05,1.90526e-06,0.00032428,4.03059e-07,7.25637e-06,0.005,0.000161551,0.0541483,30.95,0.0502526,0.0543817,1480.83,4.79647e+08,238.577,7.72759e+07,0,0.989812
100,50,1,50,0.001,100 MHz,0.335178,0.161551,0.211551,0.00055,5.5e-05,1.90526e-06,0.00032428,4.03059e-07,7.25637e-06,0.005,0.000161551,0.000541483,30.95,0.0502526,0.0050618,12.8295,4.79647e+08,2.06696,7.72759e+07,0,0.999911
100,50,1,50,0.001,1 GHz,0.0335178,0.161551,0.211551,0.00055,5.5e-05,1.90526e-06,0.00032428,4.03059e-07,7.25637e-06,0.005,0.000161551,5.41483e-05,30.95,0.0502526,0.00503305,12.6842,4.79647e+08,2.04355,7.72759e+07,0,0.999912
100,50,1,50,0.01,1 MHz (plan spec),33.5178,0.161551,0.211551,0.00055,5.5e-05,1.90526e-06,0.00032428,4.03059e-07,7.25637e-06,0.005,0.00161551,0.0541483,30.95,0.0502783,0.0544055,1482.13,4.79647e+08,238.785,7.72759e+07,0,0.989803
100,50,1,50,0.01,100 MHz,0.335178,0.161551,0.211551,0.00055,5.5e-05,1.90526e-06,0.00032428,4.03059e-07,7.25637e-06,0.005,0.00161551,0.000541483,30.95,0.0502783,0.0053109,14.1233,4.79647e+08,2.2754,7.72759e+07,0,0.999902
100,50,1,50,0.01,1 GHz,0.0335178,0.161551,0.211551,0.00055,5.5e-05,1.90526e-06,0.00032428,4.03059e-07,7.25637e-06,0.005,0.00161551,5.41483e-05,30.95,0.0502783,0.0052835,13.9779,4.79647e+08,2.25199,7.72759e+07,0,0.999903
100,50,1,200,0.001,1 MHz (plan spec),33.5178,0.161551,0.211551,0.00055,5.5e-05,1.90526e-06,0.00032428,4.03059e-07,7.25637e-06,0.02,0.000161551,0.0541483,30.95,0.0538547,0.0577267,1668.6,4.79647e+08,268.829,7.72759e+07,0,0.988528
100,50,1,200,0.001,100 MHz,0.335178,0.161551,0.211551,0.00055,5.5e-05,1.90526e-06,0.00032428,4.03059e-07,7.25637e-06,0.02,0.000161551,0.000541483,30.95,0.0538547,0.0200155,200.602,4.79647e+08,32.3189,7.72759e+07,0,0.998614
100,50,1,200,0.001,1 GHz,0.0335178,0.161551,0.211551,0.00055,5.5e-05,1.90526e-06,0.00032428,4.03059e-07,7.25637e-06,0.02,0.000161551,5.41483e-05,30.95,0.0538547,0.0200083,200.456,4.79647e+08,32.2955,7.72759e+07,0,0.998615
100,50,1,200,0.01,1 MHz (plan spec),33.5178,0.161551,0.211551,0.00055,5.5e-05,1.90526e-06,0.00032428,4.03059e-07,7.25637e-06,0.02,0.00161551,0.0541483,30.95,0.0538787,0.0577491,1669.9,4.79647e+08,269.037,7.72759e+07,0,0.988519
100,50,1,200,0.01,100 MHz,0.335178,0.161551,0.211551,0.00055,5.5e-05,1.90526e-06,0.00032428,4.03059e-07,7.25637e-06,0.02,0.00161551,0.000541483,30.95,0.0538787,0.02008,201.896,4.79647e+08,32.5274,7.72759e+07,0,0.998605
100,50,1,200,0.01,1 GHz,0.0335178,0.161551,0.211551,0.00055,5.5e-05,1.90526e-06,0.00032428,4.03059e-07,7.25637e-06,0.02,0.00161551,5.41483e-05,30.95,0.0538787,0.0200728,201.75,4.79647e+08,32.504,7.72759e+07,0,0.998606
100,50,1,1000,0.001,1 MHz (plan spec),33.5178,0.161551,0.211551,0.00055,5.5e-05,1.90526e-06,0.00032428,4.03059e-07,7.25637e-06,0.1,0.000161551,0.0541483,30.95,0.111805,0.113721,6475.57,4.79647e+08,1043.28,7.72759e+07,0,0.956208
100,50,1,1000,0.001,100 MHz,0.335178,0.161551,0.211551,0.00055,5.5e-05,1.90526e-06,0.00032428,4.03059e-07,7.25637e-06,0.1,0.000161551,0.000541483,30.95,0.111805,0.100003,5007.57,4.79647e+08,806.77,7.72759e+07,0,0.965965
100,50,1,1000,0.001,1 GHz,0.0335178,0.161551,0.211551,0.00055,5.5e-05,1.90526e-06,0.00032428,4.03059e-07,7.25637e-06,0.1,0.000161551,5.41483e-05,30.95,0.111805,0.100002,5007.43,4.79647e+08,806.746,7.72759e+07,0,0.965965
100,50,1,1000,0.01,1 MHz (plan spec),33.5178,0.161551,0.211551,0.00055,5.5e-05,1.90526e-06,0.00032428,4.03059e-07,7.25637e-06,0.1,0.00161551,0.0541483,30.95,0.111816,0.113732,6476.87,4.79647e+08,1043.49,7.72759e+07,0,0.9562
100,50,1,1000,0.01,100 MHz,0.335178,0.161551,0.211551,0.00055,5.5e-05,1.90526e-06,0.00032428,4.03059e-07,7.25637e-06,0.1,0.00161551,0.000541483,30.95,0.111816,0.100016,5008.87,4.79647e+08,806.978,7.72759e+07,0,0.965956
100,50,1,1000,0.01,1 GHz,0.0335178,0.161551,0.211551,0.00055,5.5e-05,1.90526e-06,0.00032428,4.03059e-07,7.25637e-06,0.1,0.00161551,5.41483e-05,30.95,0.111816,0.100015,5008.72,4.79647e+08,806.955,7.72759e+07,0,0.965957
100,50,10,50,0.001,1 MHz (plan spec),33.5178,0.161551,0.211551,0.00055,5.5e-05,1.90526e-06,0.00032428,4.03059e-07,7.25637e-06,0.005,0.00161551,0.541483,30.95,0.500028,0.541509,146829,4.79647e+08,23655.6,7.72759e+07,0,0.362277
100,50,10,50,0.001,100 MHz,0.335178,0.161551,0.211551,0.00055,5.5e-05,1.90526e-06,0.00032428,4.03059e-07,7.25637e-06,0.005,0.00161551,0.00541483,30.95,0.500028,0.00756524,28.658,4.79647e+08,4.61708,7.72759e+07,0,0.999802
100,50,10,50,0.001,1 GHz,0.0335178,0.161551,0.211551,0.00055,5.5e-05,1.90526e-06,0.00032428,4.03059e-07,7.25637e-06,0.005,0.00161551,0.000541483,30.95,0.500028,0.0053109,14.1233,4.79647e+08,2.2754,7.72759e+07,0,0.999902
100,50,10,50,0.01,1 MHz (plan spec),33.5178,0.161551,0.211551,0.00055,5.5e-05,1.90526e-06,0.00032428,4.03059e-07,7.25637e-06,0.005,0.0161551,0.541483,30.95,0.500286,0.541748,146958,4.79647e+08,23676.4,7.72759e+07,0,0.361953
100,50,10,50,0.01,100 MHz,0.335178,0.161551,0.211551,0.00055,5.5e-05,1.90526e-06,0.00032428,4.03059e-07,7.25637e-06,0.005,0.0161551,0.00541483,30.95,0.500286,0.0177654,158.034,4.79647e+08,25.4609,7.72759e+07,0,0.998908
100,50,10,50,0.01,1 GHz,0.0335178,0.161551,0.211551,0.00055,5.5e-05,1.90526e-06,0.00032428,4.03059e-07,7.25637e-06,0.005,0.0161551,0.000541483,30.95,0.500286,0.0169288,143.499,4.79647e+08,23.1192,7.72759e+07,0,0.999008
100,50,10,200,0.001,1 MHz (plan spec),33.5178,0.161551,0.211551,0.00055,5.5e-05,1.90526e-06,0.00032428,4.03059e-07,7.25637e-06,0.02,0.00161551,0.541483,30.95,0.500403,0.541855,147017,4.79647e+08,23685.9,7.72759e+07,0,0.361807
100,50,10,200,0.001,100 MHz,0.335178,0.161551,0.211551,0.00055,5.5e-05,1.90526e-06,0.00032428,4.03059e-07,7.25637e-06,0.02,0.00161551,0.00541483,30.95,0.500403,0.0207902,216.43,4.79647e+08,34.8691,7.72759e+07,0,0.998504
100,50,10,200,0.001,1 GHz,0.0335178,0.161551,0.211551,0.00055,5.5e-05,1.90526e-06,0.00032428,4.03059e-07,7.25637e-06,0.02,0.00161551,0.000541483,30.95,0.500403,0.02008,201.896,4.79647e+08,32.5274,7.72759e+07,0,0.998605
100,50,10,200,0.01,1 MHz (plan spec),33.5178,0.161551,0.211551,0.00055,5.5e-05,1.90526e-06,0.00032428,4.03059e-07,7.25637e-06,0.02,0.0161551,0.541483,30.95,0.500661,0.542094,147146,4.79647e+08,23706.7,7.72759e+07,0,0.361483
100,50,10,200,0.01,100 MHz,0.335178,0.161551,0.211551,0.00055,5.5e-05,1.90526e-06,0.00032428,4.03059e-07,7.25637e-06,0.02,0.0161551,0.00541483,30.95,0.500661,0.0262795,345.806,4.79647e+08,55.7128,7.72759e+07,0,0.997612
100,50,10,200,0.01,1 GHz,0.0335178,0.161551,0.211551,0.00055,5.5e-05,1.90526e-06,0.00032428,4.03059e-07,7.25637e-06,0.02,0.0161551,0.000541483,30.95,0.500661,0.0257212,331.272,4.79647e+08,53.3712,7.72759e+07,0,0.997712
100,50,10,1000,0.001,1 MHz (plan spec),33.5178,0.161551,0.211551,0.00055,5.5e-05,1.90526e-06,0.00032428,4.03059e-07,7.25637e-06,0.1,0.00161551,0.541483,30.95,0.509905,0.550642,151824,4.79647e+08,24460.3,7.72759e+07,0,0.349978
100,50,10,1000,0.001,100 MHz,0.335178,0.161551,0.211551,0.00055,5.5e-05,1.90526e-06,0.00032428,4.03059e-07,7.25637e-06,0.1,0.00161551,0.00541483,30.95,0.509905,0.100161,5023.4,4.79647e+08,809.32,7.72759e+07,0,0.965859
100,50,10,1000,0.001,1 GHz,0.0335178,0.161551,0.211551,0.00055,5.5e-05,1.90526e-06,0.00032428,4.03059e-07,7.25637e-06,0.1,0.00161551,0.000541483,30.95,0.509905,0.100016,5008.87,4.79647e+08,806.978,7.72759e+07,0,0.965956
100,50,10,1000,0.01,1 MHz (plan spec),33.5178,0.161551,0.211551,0.00055,5.5e-05,1.90526e-06,0.00032428,4.03059e-07,7.25637e-06,0.1,0.0161551,0.541483,30.95,0.510158,0.550877,151953,4.79647e+08,24481.1,7.72759e+07,0,0.349665
100,50,10,1000,0.01,100 MHz,0.335178,0.161551,0.211551,0.00055,5.5e-05,1.90526e-06,0.00032428,4.03059e-07,7.25637e-06,0.1,0.0161551,0.00541483,30.95,0.510158,0.101443,5152.78,4.79647e+08,830.163,7.72759e+07,0,0.964995
100,50,10,1000,0.01,1 GHz,0.0335178,0.161551,0.211551,0.00055,5.5e-05,1.90526e-06,0.00032428,4.03059e-07,7.25637e-06,0.1,0.0161551,0.000541483,30.95,0.510158,0.101299,5138.24,4.79647e+08,827.822,7.72759e+07,0,0.965092
100,50,50,50,0.001,1 MHz (plan spec),33.5178,0.161551,0.211551,0.00055,5.5e-05,1.90526e-06,0.00032428,4.03059e-07,7.25637e-06,0.005,0.00807754,2.70742,30.95,2.50002,2.70743,3.67042e+06,4.79647e+08,591341,7.72759e+07,0,9.48263e-12
100,50,50,50,0.001,100 MHz,0.335178,0.161551,0.211551,0.00055,5.5e-05,1.90526e-06,0.00032428,4.03059e-07,7.25637e-06,0.005,0.00807754,0.0270742,30.95,2.50002,0.0286977,412.378,4.79647e+08,66.4382,7.72759e+07,0,0.997152
100,50,50,50,0.001,1 GHz,0.0335178,0.161551,0.211551,0.00055,5.5e-05,1.90526e-06,0.00032428,4.03059e-07,7.25637e-06,0.005,0.00807754,0.00270742,30.95,2.50002,0.0098934,49.0108,4.79647e+08,7.89612,7.72759e+07,0,0.999661
100,50,50,50,0.01,1 MHz (plan spec),33.5178,0.161551,0.211551,0.00055,5.5e-05,1.90526e-06,0.00032428,4.03059e-07,7.25637e-06,0.005,0.0807754,2.70742,30.95,2.50131,2.70863,3.67365e+06,4.79647e+08,591862,7.72759e+07,0,9.27289e-12
100,50,50,50,0.01,100 MHz,0.335178,0.161551,0.211551,0.00055,5.5e-05,1.90526e-06,0.00032428,4.03059e-07,7.25637e-06,0.005,0.0807754,0.0270742,30.95,2.50131,0.0853404,3646.78,4.79647e+08,587.533,7.72759e+07,0,0.975097
100,50,50,50,0.01,1 GHz,0.0335178,0.161551,0.211551,0.00055,5.5e-05,1.90526e-06,0.00032428,4.03059e-07,7.25637e-06,0.005,0.0807754,0.00270742,30.95,2.50131,0.0809772,3283.41,4.79647e+08,528.991,7.72759e+07,0,0.97755
100,50,50,200,0.001,1 MHz (plan spec),33.5178,0.161551,0.211551,0.00055,5.5e-05,1.90526e-06,0.00032428,4.03059e-07,7.25637e-06,0.02,0.00807754,2.70742,30.95,2.50009,2.7075,3.67061e+06,4.79647e+08,591371,7.72759e+07,0,9.47032e-12
100,50,50,200,0.001,100 MHz,0.335178,0.161551,0.211551,0.00055,5.5e-05,1.90526e-06,0.00032428,4.03059e-07,7.25637e-06,0.02,0.00807754,0.0270742,30.95,2.50009,0.0346202,600.15,4.79647e+08,96.6901,7.72759e+07,0,0.995858
100,50,50,200,0.001,1 GHz,0.0335178,0.161551,0.211551,0.00055,5.5e-05,1.90526e-06,0.00032428,4.03059e-07,7.25637e-06,0.02,0.00807754,0.00270742,30.95,2.50009,0.0217458,236.783,4.79647e+08,38.1481,7.72759e+07,0,0.998364
100,50,50,200,0.01,1 MHz (plan spec),33.5178,0.161551,0.211551,0.00055,5.5e-05,1.90526e-06,0.00032428,4.03059e-07,7.25637e-06,0.02,0.0807754,2.70742,30.95,2.50138,2.7087,3.67384e+06,4.79647e+08,591892,7.72759e+07,0,9.26086e-12
100,50,50,200,0.01,100 MHz,0.335178,0.161551,0.211551,0.00055,5.5e-05,1.90526e-06,0.00032428,4.03059e-07,7.25637e-06,0.02,0.0807754,0.0270742,30.95,2.50138,0.0875099,3834.55,4.79647e+08,617.785,7.72759e+07,0,0.973832
100,50,50,200,0.01,1 GHz,0.0335178,0.161551,0.211551,0.00055,5.5e-05,1.90526e-06,0.00032428,4.03059e-07,7.25637e-06,0.02,0.0807754,0.00270742,30.95,2.50138,0.0832605,3471.19,4.79647e+08,559.243,7.72759e+07,0,0.976282
100,50,50,1000,0.001,1 MHz (plan spec),33.5178,0.161551,0.211551,0.00055,5.5e-05,1.90526e-06,0.00032428,4.03059e-07,7.25637e-06,0.1,0.00807754,2.70742,30.95,2.50201,2.70927,3.67541e+06,4.79647e+08,592146,7.72759e+07,0,9.16069e-12
100,50,50,1000,0.001,100 MHz,0.335178,0.161551,0.211551,0.00055,5.5e-05,1.90526e-06,0.00032428,4.03059e-07,7.25637e-06,0.1,0.00807754,0.0270742,30.95,2.50201,0.103916,5407.12,4.79647e+08,871.141,7.72759e+07,0,0.963299
100,50,50,1000,0.001,1 GHz,0.0335178,0.161551,0.211551,0.00055,5.5e-05,1.90526e-06,0.00032428,4.03059e-07,7.25637e-06,0.1,0.00807754,0.00270742,30.95,2.50201,0.100364,5043.75,4.79647e+08,812.599,7.72759e+07,0,0.965723
100,50,50,1000,0.01,1 MHz (plan spec),33.5178,0.161551,0.211551,0.00055,5.5e-05,1.90526e-06,0.00032428,4.03059e-07,7.25637e-06,0.1,0.0807754,2.70742,30.95,2.5033,2.71047,3.67865e+06,4.79647e+08,592667,7.72759e+07,0,8.95808e-12
100,50,50,1000,0.01,100 MHz,0.335178,0.161551,0.211551,0.00055,5.5e-05,1.90526e-06,0.00032428,4.03059e-07,7.25637e-06,0.1,0.0807754,0.0270742,30.95,2.5033,0.13137,8641.52,4.79647e+08,1392.24,7.72759e+07,0,0.941993
100,50,50,1000,0.01,1 GHz,0.0335178,0.161551,0.211551,0.00055,5.5e-05,1.90526e-06,0.00032428,4.03059e-07,7.25637e-06,0.1,0.0807754,0.00270742,30.95,2.5033,0.128578,8278.16,4.79647e+08,1333.69,7.72759e+07,0,0.944363
100,50,100,50,0.001,1 MHz (plan spec),33.5178,0.161551,0.211551,0.00055,5.5e-05,1.90526e-06,0.00032428,4.03059e-07,7.25637e-06,0.005,0.0161551,5.41483,30.95,5.00003,5.41486,1.46816e+07,4.79647e+08,2.36536e+06,7.72759e+07,0,8.08777e-45
100,50,100,50,0.001,100 MHz,0.335178,0.161551,0.211551,0.00055,5.5e-05,1.90526e-06,0.00032428,4.03059e-07,7.25637e-06,0.005,0.0161551,0.0541483,30.95,5.00003,0.0567303,1611.5,4.79647e+08,259.629,7.72759e+07,0,0.988918
100,50,100,50,0.001,1 GHz,0.0335178,0.161551,0.211551,0.00055,5.5e-05,1.90526e-06,0.00032428,4.03059e-07,7.25637e-06,0.005,0.0161551,0.00541483,30.95,5.00003,0.0177654,158.034,4.79647e+08,25.4609,7.72759e+07,0,0.998908
100,50,100,50,0.01,1 MHz (plan spec),33.5178,0.161551,0.211551,0.00055,5.5e-05,1.90526e-06,0.00032428,4.03059e-07,7.25637e-06,0.005,0.161551,5.41483,30.95,5.00261,5.41724,1.46946e+07,4.79647e+08,2.36744e+06,7.72759e+07,0,7.39562e-45
100,50,100,50,0.01,100 MHz,0.335178,0.161551,0.211551,0.00055,5.5e-05,1.90526e-06,0.00032428,4.03059e-07,7.25637e-06,0.005,0.161551,0.0541483,30.95,5.00261,0.170458,14549.1,4.79647e+08,2344.01,7.72759e+07,0,0.904286
100,50,100,50,0.01,1 GHz,0.0335178,0.161551,0.211551,0.00055,5.5e-05,1.90526e-06,0.00032428,4.03059e-07,7.25637e-06,0.005,0.161551,0.00541483,30.95,5.00261,0.16172,13095.6,4.79647e+08,2109.84,7.72759e+07,0,0.913421
100,50,100,200,0.001,1 MHz (plan spec),33.5178,0.161551,0.211551,0.00055,5.5e-05,1.90526e-06,0.00032428,4.03059e-07,7.25637e-06,0.02,0.0161551,5.41483,30.95,5.00007,5.41489,1.46818e+07,4.79647e+08,2.36539e+06,7.72759e+07,0,8.07728e-45
100,50,100,200,0.001,100 MHz,0.335178,0.161551,0.211551,0.00055,5.5e-05,1.90526e-06,0.00032428,4.03059e-07,7.25637e-06,0.02,0.0161551,0.0541483,30.95,5.00007,0.0599444,1799.27,4.79647e+08,289.881,7.72759e+07,0,0.987635
100,50,100,200,0.001,1 GHz,0.0335178,0.161551,0.211551,0.00055,5.5e-05,1.90526e-06,0.00032428,4.03059e-07,7.25637e-06,0.02,0.0161551,0.00541483,30.95,5.00007,0.0262795,345.806,4.79647e+08,55.7128,7.72759e+07,0,0.997612
100,50,100,200,0.01,1 MHz (plan spec),33.5178,0.161551,0.211551,0.00055,5.5e-05,1.90526e-06,0.00032428,4.03059e-07,7.25637e-06,0.02,0.161551,5.41483,30.95,5.00265,5.41728,1.46948e+07,4.79647e+08,2.36747e+06,7.72759e+07,0,7.38602e-45
100,50,100,200,0.01,100 MHz,0.335178,0.161551,0.211551,0.00055,5.5e-05,1.90526e-06,0.00032428,4.03059e-07,7.25637e-06,0.02,0.161551,0.0541483,30.95,5.00265,0.171555,14736.9,4.79647e+08,2374.26,7.72759e+07,0,0.903113
100,50,100,200,0.01,1 GHz,0.0335178,0.161551,0.211551,0.00055,5.5e-05,1.90526e-06,0.00032428,4.03059e-07,7.25637e-06,0.02,0.161551,0.00541483,30.95,5.00265,0.162875,13283.4,4.79647e+08,2140.09,7.72759e+07,0,0.912236
100,50,100,1000,0.001,1 MHz (plan spec),33.5178,0.161551,0.211551,0.00055,5.5e-05,1.90526e-06,0.00032428,4.03059e-07,7.25637e-06,0.1,0.0161551,5.41483,30.95,5.00103,5.41578,1.46866e+07,4.79647e+08,2.36616e+06,7.72759e+07,0,7.81319e-45
100,50,100,1000,0.001,100 MHz,0.335178,0.161551,0.211551,0.00055,5.5e-05,1.90526e-06,0.00032428,4.03059e-07,7.25637e-06,0.1,0.0161551,0.0541483,30.95,5.00103,0.114862,6606.24,4.79647e+08,1064.33,7.72759e+07,0,0.955344
100,50,100,1000,0.001,1 GHz,0.0335178,0.161551,0.211551,0.00055,5.5e-05,1.90526e-06,0.00032428,4.03059e-07,7.25637e-06,0.1,0.0161551,0.00541483,30.95,5.00103,0.101443,5152.78,4.79647e+08,830.163,7.72759e+07,0,0.964995
100,50,100,1000,0.01,1 MHz (plan spec),33.5178,0.161551,0.211551,0.00055,5.5e-05,1.90526e-06,0.00032428,4.03059e-07,7.25637e-06,0.1,0.161551,5.41483,30.95,5.00361,5.41817,1.46996e+07,4.79647e+08,2.36825e+06,7.72759e+07,0,7.14454e-45
100,50,100,1000,0.01,100 MHz,0.335178,0.161551,0.211551,0.00055,5.5e-05,1.90526e-06,0.00032428,4.03059e-07,7.25637e-06,0.1,0.161551,0.0541483,30.95,5.00361,0.197563,19543.9,4.79647e+08,3148.71,7.72759e+07,0,0.873586
100,50,100,1000,0.01,1 GHz,0.0335178,0.161551,0.211551,0.00055,5.5e-05,1.90526e-06,0.00032428,4.03059e-07,7.25637e-06,0.1,0.161551,0.00541483,30.95,5.00361,0.190074,18090.4,4.79647e+08,2914.54,7.72759e+07,0,0.88241
100,100,1,50,0.001,1 MHz (plan spec),33.5178,0.161551,0.261551,0.00055,5.5e-05,1.90526e-06,0.00032428,4.98321e-07,1.10918e-05,0.005,0.000161551,0.0541483,61.9,0.100127,0.0543817,1480.83,1.91859e+09,238.577,3.09103e+08,0,0.989812
100,100,1,50,0.001,100 MHz,0.335178,0.161551,0.261551,0.00055,5.5e-05,1.90526e-06,0.00032428,4.98321e-07,1.10918e-05,0.005,0.000161551,0.000541483,61.9,0.100127,0.00506181,12.8296,1.91859e+09,2.06697,3.09103e+08,0,0.999911
100,100,1,50,0.001,1 GHz,0.0335178,0.161551,0.261551,0.00055,5.5e-05,1.90526e-06,0.00032428,4.98321e-07,1.10918e-05,0.005,0.000161551,5.41483e-05,61.9,0.100127,0.00503306,12.6842,1.91859e+09,2.04355,3.09103e+08,0,0.999912
100,100,1,50,0.01,1 MHz (plan spec),33.5178,0.161551,0.261551,0.00055,5.5e-05,1.90526e-06,0.00032428,4.98321e-07,1.10918e-05,0.005,0.00161551,0.0541483,61.9,0.100139,0.0544055,1482.13,1.91859e+09,238.785,3.09103e+08,0,0.989803
100,100,1,50,0.01,100 MHz,0.335178,0.161551,0.261551,0.00055,5.5e-05,1.90526e-06,0.00032428,4.98321e-07,1.10918e-05,0.005,0.00161551,0.000541483,61.9,0.100139,0.0053109,14.1233,1.91859e+09,2.27541,3.09103e+08,0,0.999902
100,100,1,50,0.01,1 GHz,0.0335178,0.161551,0.261551,0.00055,5.5e-05,1.90526e-06,0.00032428,4.98321e-07,1.10918e-05,0.005,0.00161551,5.41483e-05,61.9,0.100139,0.0052835,13.978,1.91859e+09,2.25199,3.09103e+08,0,0.999903
100,100,1,200,0.001,1 MHz (plan spec),33.5178,0.161551,0.261551,0.00055,5.5e-05,1.90526e-06,0.00032428,4.98321e-07,1.10918e-05,0.02,0.000161551,0.0541483,61.9,0.101982,0.0577267,1668.6,1.91859e+09,268.829,3.09103e+08,0,0.988528
100,100,1,200,0.001,100 MHz,0.335178,0.161551,0.261551,0.00055,5.5e-05,1.90526e-06,0.00032428,4.98321e-07,1.10918e-05,0.02,0.000161551,0.000541483,61.9,0.101982,0.0200155,200.602,1.91859e+09,32.3189,3.09103e+08,0,0.998614
100,100,1,200,0.001,1 GHz,0.0335178,0.161551,0.261551,0.00055,5.5e-05,1.90526e-06,0.00032428,4.98321e-07,1.10918e-05,0.02,0.000161551,5.41483e-05,61.9,0.101982,0.0200083,200.456,1.91859e+09,32.2955,3.09103e+08,0,0.998615
100,100,1,200,0.01,1 MHz (plan spec),33.5178,0.161551,0.261551,0.00055,5.5e-05,1.90526e-06,0.00032428,4.98321e-07,1.10918e-05,0.02,0.00161551,0.0541483,61.9,0.101995,0.0577491,1669.9,1.91859e+09,269.037,3.09103e+08,0,0.988519
100,100,1,200,0.01,100 MHz,0.335178,0.161551,0.261551,0.00055,5.5e-05,1.90526e-06,0.00032428,4.98321e-07,1.10918e-05,0.02,0.00161551,0.000541483,61.9,0.101995,0.02008,201.896,1.91859e+09,32.5274,3.09103e+08,0,0.998605
100,100,1,200,0.01,1 GHz,0.0335178,0.161551,0.261551,0.00055,5.5e-05,1.90526e-06,0.00032428,4.98321e-07,1.10918e-05,0.02,0.00161551,5.41483e-05,61.9,0.101995,0.0200728,201.75,1.91859e+09,32.504,3.09103e+08,0,0.998606
100,100,1,1000,0.001,1 MHz (plan spec),33.5178,0.161551,0.261551,0.00055,5.5e-05,1.90526e-06,0.00032428,4.98321e-07,1.10918e-05,0.1,0.000161551,0.0541483,61.9,0.141423,0.113721,6475.57,1.91859e+09,1043.28,3.09103e+08,0,0.956208
100,100,1,1000,0.001,100 MHz,0.335178,0.161551,0.261551,0.00055,5.5e-05,1.90526e-06,0.00032428,4.98321e-07,1.10918e-05,0.1,0.000161551,0.000541483,61.9,0.141423,0.100003,5007.57,1.91859e+09,806.77,3.09103e+08,0,0.965965
100,100,1,1000,0.001,1 GHz,0.0335178,0.161551,0.261551,0.00055,5.5e-05,1.90526e-06,0.00032428,4.98321e-07,1.10918e-05,0.1,0.000161551,5.41483e-05,61.9,0.141423,0.100002,5007.43,1.91859e+09,806.746,3.09103e+08,0,0.965965
100,100,1,1000,0.01,1 MHz (plan spec),33.5178,0.161551,0.261551,0.00055,5.5e-05,1.90526e-06,0.00032428,4.98321e-07,1.10918e-05,0.1,0.00161551,0.0541483,61.9,0.141432,0.113732,6476.87,1.91859e+09,1043.49,3.09103e+08,0,0.9562
100,100,1,1000,0.01,100 MHz,0.335178,0.161551,0.261551,0.00055,5.5e-05,1.90526e-06,0.00032428,4.98321e-07,1.10918e-05,0.1,0.00161551,0.000541483,61.9,0.141432,0.100016,5008.87,1.91859e+09,806.978,3.09103e+08,0,0.965956
100,100,1,1000,0.01,1 GHz,0.0335178,0.161551,0.261551,0.00055,5.5e-05,1.90526e-06,0.00032428,4.98321e-07,1.10918e-05,0.1,0.00161551,5.41483e-05,61.9,0.141432,0.100015,5008.72,1.91859e+09,806.955,3.09103e+08,0,0.965957
100,100,10,50,0.001,1 MHz (plan spec),33.5178,0.161551,0.261551,0.00055,5.5e-05,1.90526e-06,0.00032428,4.98321e-07,1.10918e-05,0.005,0.00161551,0.541483,61.9,1.00001,0.541509,146829,1.91859e+09,23655.6,3.09103e+08,0,0.362277
100,100,10,50,0.001,100 MHz,0.335178,0.161551,0.261551,0.00055,5.5e-05,1.90526e-06,0.00032428,4.98321e-07,1.10918e-05,0.005,0.00161551,0.00541483,61.9,1.00001,0.00756524,28.658,1.91859e+09,4.61709,3.09103e+08,0,0.999802
100,100,10,50,0.001,1 GHz,0.0335178,0.161551,0.261551,0.00055,5.5e-05,1.90526e-06,0.00032428,4.98321e-07,1.10918e-05,0.005,0.00161551,0.000541483,61.9,1.00001,0.0053109,14.1233,1.91859e+09,2.27541,3.09103e+08,0,0.999902
100,100,10,50,0.01,1 MHz (plan spec),33.5178,0.161551,0.261551,0.00055,5.5e-05,1.90526e-06,0.00032428,4.98321e-07,1.10918e-05,0.005,0.0161551,0.541483,61.9,1.00014,0.541748,146958,1.91859e+09,23676.4,3.09103e+08,0,0.361953
100,100,10,50,0.01,100 MHz,0.335178,0.161551,0.261551,0.00055,5.5e-05,1.90526e-06,0.00032428,4.98321e-07,1.10918e-05,0.005,0.0161551,0.00541483,61.9,1.00014,0.0177654,158.034,1.91859e+09,25.4609,3.09103e+08,0,0.998908
100,100,10,50,0.01,1 GHz,0.0335178,0.161551,0.261551,0.00055,5.5e-05,1.90526e-06,0.00032428,4.98321e-07,1.10918e-05,0.005,0.0161551,0.000541483,61.9,1.00014,0.0169288,143.499,1.91859e+09,23.1192,3.09103e+08,0,0.999008
100,100,10,200,0.001,1 MHz (plan spec),33.5178,0.161551,0.261551,0.00055,5.5e-05,1.90526e-06,0.00032428,4.98321e-07,1.10918e-05,0.02,0.00161551,0.541483,61.9,1.0002,0.541855,147017,1.91859e+09,23685.9,3.09103e+08,0,0.361807
100,100,10,200,0.001,100 MHz,0.335178,0.161551,0.261551,0.00055,5.5e-05,1.90526e-06,0.00032428,4.98321e-07,1.10918e-05,0.02,0.00161551,0.00541483,61.9,1.0002,0.0207902,216.43,1.91859e+09,34.8691,3.09103e+08,0,0.998504
100,100,10,200,0.001,1 GHz,0.0335178,0.161551,0.261551,0.00055,5.5e-05,1.90526e-06,0.00032428,4.98321e-07,1.10918e-05,0.02,0.00161551,0.000541483,61.9,1.0002,0.02008,201.896,1.91859e+09,32.5274,3.09103e+08,0,0.998605
100,100,10,200,0.01,1 MHz (plan spec),33.5178,0.161551,0.261551,0.00055,5.5e-05,1.90526e-06,0.00032428,4.98321e-07,1.10918e-05,0.02,0.0161551,0.541483,61.9,1.00033,0.542094,147146,1.91859e+09,23706.7,3.09103e+08,0,0.361483
100,100,10,200,0.01,100 MHz,0.335178,0.161551,0.261551,0.00055,5.5e-05,1.90526e-06,0.00032428,4.98321e-07,1.10918e-05,0.02,0.0161551,0.00541483,61.9,1.00033,0.0262795,345.806,1.91859e+09,55.7128,3.09103e+08,0,0.997612
100,100,10,200,0.01,1 GHz,0.0335178,0.161551,0.261551,0.00055,5.5e-05,1.90526e-06,0.00032428,4.98321e-07,1.10918e-05,0.02,0.0161551,0.000541483,61.9,1.00033,0.0257213,331.272,1.91859e+09,53.3712,3.09103e+08,0,0.997712
100,100,10,1000,0.001,1 MHz (plan spec),33.5178,0.161551,0.261551,0.00055,5.5e-05,1.90526e-06,0.00032428,4.98321e-07,1.10918e-05,0.1,0.00161551,0.541483,61.9,1.00499,0.550642,151824,1.91859e+09,24460.3,3.09103e+08,0,0.349978
100,100,10,1000,0.001,100 MHz,0.335178,0.161551,0.261551,0.00055,5.5e-05,1.90526e-06,0.00032428,4.98321e-07,1.10918e-05,0.1,0.00161551,0.00541483,61.9,1.00499,0.100161,5023.4,1.91859e+09,809.32,3.09103e+08,0,0.965859
100,100,10,1000,0.001,1 GHz,0.0335178,0.161551,0.261551,0.00055,5.5e-05,1.90526e-06,0.00032428,4.98321e-07,1.10918e-05,0.1,0.00161551,0.000541483,61.9,1.00499,0.100016,5008.87,1.91859e+09,806.978,3.09103e+08,0,0.965956
100,100,10,1000,0.01,1 MHz (plan spec),33.5178,0.161551,0.261551,0.00055,5.5e-05,1.90526e-06,0.00032428,4.98321e-07,1.10918e-05,0.1,0.0161551,0.541483,61.9,1.00512,0.550877,151953,1.91859e+09,24481.1,3.09103e+08,0,0.349665
100,100,10,1000,0.01,100 MHz,0.335178,0.161551,0.261551,0.00055,5.5e-05,1.90526e-06,0.00032428,4.98321e-07,1.10918e-05,0.1,0.0161551,0.00541483,61.9,1.00512,0.101443,5152.78,1.91859e+09,830.163,3.09103e+08,0,0.964995
100,100,10,1000,0.01,1 GHz,0.0335178,0.161551,0.261551,0.00055,5.5e-05,1.90526e-06,0.00032428,4.98321e-07,1.10918e-05,0.1,0.0161551,0.000541483,61.9,1.00512,0.101299,5138.24,1.91859e+09,827.822,3.09103e+08,0,0.965092
100,100,50,50,0.001,1 MHz (plan spec),33.5178,0.161551,0.261551,0.00055,5.5e-05,1.90526e-06,0.00032428,4.98321e-07,1.10918e-05,0.005,0.00807754,2.70742,61.9,5.00001,2.70743,3.67042e+06,1.91859e+09,591341,3.09103e+08,0,9.48263e-12
100,100,50,50,0.001,100 MHz,0.335178,0.161551,0.261551,0.00055,5.5e-05,1.90526e-06,0.00032428,4.98321e-07,1.10918e-05,0.005,0.00807754,0.0270742,61.9,5.00001,0.0286977,412.378,1.91859e+09,66.4382,3.09103e+08,0,0.997152
100,100,50,50,0.001,1 GHz,0.0335178,0.161551,0.261551,0.00055,5.5e-05,1.90526e-06,0.00032428,4.98321e-07,1.10918e-05,0.005,0.00807754,0.00270742,61.9,5.00001,0.0098934,49.0108,1.91859e+09,7.89613,3.09103e+08,0,0.999661
100,100,50,50,0.01,1 MHz (plan spec),33.5178,0.161551,0.261551,0.00055,5.5e-05,1.90526e-06,0.00032428,4.98321e-07,1.10918e-05,0.005,0.0807754,2.70742,61.9,5.00065,2.70863,3.67365e+06,1.91859e+09,591862,3.09103e+08,0,9.27289e-12
100,100,50,50,0.01,100 MHz,0.335178,0.161551,0.261551,0.00055,5.5e-05,1.90526e-06,0.00032428,4.98321e-07,1.10918e-05,0.005,0.0807754,0.0270742,61.9,5.00065,0.0853404,3646.78,1.91859e+09,587.533,3.09103e+08,0,0.975097
100,100,50,50,0.01,1 GHz,0.0335178,0.161551,0.261551,0.00055,5.5e-05,1.90526e-06,0.00032428,4.98321e-07,1.10918e-05,0.005,0.0807754,0.00270742,61.9,5.00065,0.0809772,3283.41,1.91859e+09,528.991,3.09103e+08,0,0.97755
100,100,50,200,0.001,1 MHz (plan spec),33.5178,0.161551,0.261551,0.00055,5.5e-05,1.90526e-06,0.00032428,4.98321e-07,1.10918e-05,0.02,0.00807754,2.70742,61.9,5.00005,2.7075,3.67061e+06,1.91859e+09,591371,3.09103e+08,0,9.47032e-12
100,100,50,200,0.001,100 MHz,0.335178,0.161551,0.261551,0.00055,5.5e-05,1.90526e-06,0.00032428,4.98321e-07,1.10918e-05,0.02,0.00807754,0.0270742,61.9,5.00005,0.0346202,600.15,1.91859e+09,96.6901,3.09103e+08,0,0.995858
100,100,50,200,0.001,1 GHz,0.0335178,0.161551,0.261551,0.00055,5.5e-05,1.90526e-06,0.00032428,4.98321e-07,1.10918e-05,0.02,0.00807754,0.00270742,61.9,5.00005,0.0217458,236.783,1.91859e+09,38.1481,3.09103e+08,0,0.998364
100,100,50,200,0.01,1 MHz (plan spec),33.5178,0.161551,0.261551,0.00055,5.5e-05,1.90526e-06,0.00032428,4.98321e-07,1.10918e-05,0.02,0.0807754,2.70742,61.9,5.00069,2.7087,3.67384e+06,1.91859e+09,591892,3.09103e+08,0,9.26086e-12
100,100,50,200,0.01,100 MHz,0.335178,0.161551,0.261551,0.00055,5.5e-05,1.90526e-06,0.00032428,4.98321e-07,1.10918e-05,0.02,0.0807754,0.0270742,61.9,5.00069,0.0875099,3834.55,1.91859e+09,617.785,3.09103e+08,0,0.973832
100,100,50,200,0.01,1 GHz,0.0335178,0.161551,0.261551,0.00055,5.5e-05,1.90526e-06,0.00032428,4.98321e-07,1.10918e-05,0.02,0.0807754,0.00270742,61.9,5.00069,0.0832605,3471.19,1.91859e+09,559.243,3.09103e+08,0,0.976282
100,100,50,1000,0.001,1 MHz (plan spec),33.5178,0.161551,0.261551,0.00055,5.5e-05,1.90526e-06,0.00032428,4.98321e-07,1.10918e-05,0.1,0.00807754,2.70742,61.9,5.00101,2.70927,3.67541e+06,1.91859e+09,592146,3.09103e+08,0,9.16069e-12
100,100,50,1000,0.001,100 MHz,0.335178,0.161551,0.261551,0.00055,5.5e-05,1.90526e-06,0.00032428,4.98321e-07,1.10918e-05,0.1,0.00807754,0.0270742,61.9,5.00101,0.103916,5407.12,1.91859e+09,871.141,3.09103e+08,0,0.963299
100,100,50,1000,0.001,1 GHz,0.0335178,0.161551,0.261551,0.00055,5.5e-05,1.90526e-06,0.00032428,4.98321e-07,1.10918e-05,0.1,0.00807754,0.00270742,61.9,5.00101,0.100364,5043.75,1.91859e+09,812.599,3.09103e+08,0,0.965723
100,100,50,1000,0.01,1 MHz (plan spec),33.5178,0.161551,0.261551,0.00055,5.5e-05,1.90526e-06,0.00032428,4.98321e-07,1.10918e-05,0.1,0.0807754,2.70742,61.9,5.00165,2.71047,3.67865e+06,1.91859e+09,592667,3.09103e+08,0,8.95808e-12
100,100,50,1000,0.01,100 MHz,0.335178,0.161551,0.261551,0.00055,5.5e-05,1.90526e-06,0.00032428,4.98321e-07,1.10918e-05,0.1,0.0807754,0.0270742,61.9,5.00165,0.13137,8641.52,1.91859e+09,1392.24,3.09103e+08,0,0.941993
100,100,50,1000,0.01,1 GHz,0.0335178,0.161551,0.261551,0.00055,5.5e-05,1.90526e-06,0.00032428,4.98321e-07,1.10918e-05,0.1,0.0807754,0.00270742,61.9,5.00165,0.128578,8278.16,1.91859e+09,1333.69,3.09103e+08,0,0.944363
100,100,100,50,0.001,1 MHz (plan spec),33.5178,0.161551,0.261551,0.00055,5.5e-05,1.90526e-06,0.00032428,4.98321e-07,1.10918e-05,0.005,0.0161551,5.41483,61.9,10,5.41486,1.46816e+07,1.91859e+09,2.36536e+06,3.09103e+08,0,8.08777e-45
100,100,100,50,0.001,100 MHz,0.335178,0.161551,0.261551,0.00055,5.5e-05,1.90526e-06,0.00032428,4.98321e-07,1.10918e-05,0.005,0.0161551,0.0541483,61.9,10,0.0567303,1611.5,1.91859e+09,259.629,3.09103e+08,0,0.988918
100,100,100,50,0.001,1 GHz,0.0335178,0.161551,0.261551,0.00055,5.5e-05,1.90526e-06,0.00032428,4.98321e-07,1.10918e-05,0.005,0.0161551,0.00541483,61.9,10,0.0177654,158.034,1.91859e+09,25.4609,3.09103e+08,0,0.998908
100,100,100,50,0.01,1 MHz (plan spec),33.5178,0.161551,0.261551,0.00055,5.5e-05,1.90526e-06,0.00032428,4.98321e-07,1.10918e-05,0.005,0.161551,5.41483,61.9,10.0013,5.41724,1.46946e+07,1.91859e+09,2.36744e+06,3.09103e+08,0,7.39562e-45
100,100,100,50,0.01,100 MHz,0.335178,0.161551,0.261551,0.00055,5.5e-05,1.90526e-06,0.00032428,4.98321e-07,1.10918e-05,0.005,0.161551,0.0541483,61.9,10.0013,0.170458,14549.1,1.91859e+09,2344.01,3.09103e+08,0,0.904286
100,100,100,50,0.01,1 GHz,0.0335178,0.161551,0.261551,0.00055,5.5e-05,1.90526e-06,0.00032428,4.98321e-07,1.10918e-05,0.005,0.161551,0.00541483,61.9,10.0013,0.16172,13095.6,1.91859e+09,2109.84,3.09103e+08,0,0.913421
100,100,100,200,0.001,1 MHz (plan spec),33.5178,0.161551,0.261551,0.00055,5.5e-05,1.90526e-06,0.00032428,4.98321e-07,1.10918e-05,0.02,0.0161551,5.41483,61.9,10,5.41489,1.46818e+07,1.91859e+09,2.36539e+06,3.09103e+08,0,8.07728e-45
100,100,100,200,0.001,100 MHz,0.335178,0.161551,0.261551,0.00055,5.5e-05,1.90526e-06,0.00032428,4.98321e-07,1.10918e-05,0.02,0.0161551,0.0541483,61.9,10,0.0599444,1799.27,1.91859e+09,289.881,3.09103e+08,0,0.987635
100,100,100,200,0.001,1 GHz,0.0335178,0.161551,0.261551,0.00055,5.5e-05,1.90526e-06,0.00032428,4.98321e-07,1.10918e-05,0.02,0.0161551,0.00541483,61.9,10,0.0262795,345.806,1.91859e+09,55.7128,3.09103e+08,0,0.997612
100,100,100,200,0.01,1 MHz (plan spec),33.5178,0.161551,0.261551,0.00055,5.5e-05,1.90526e-06,0.00032428,4.98321e-07,1.10918e-05,0.02,0.161551,5.41483,61.9,10.0013,5.41728,1.46948e+07,1.91859e+09,2.36747e+06,3.09103e+08,0,7.38602e-45
100,100,100,200,0.01,100 MHz,0.335178,0.161551,0.261551,0.00055,5.5e-05,1.90526e-06,0.00032428,4.98321e-07,1.10918e-05,0.02,0.161551,0.0541483,61.9,10.0013,0.171555,14736.9,1.91859e+09,2374.26,3.09103e+08,0,0.903113
100,100,100,200,0.01,1 GHz,0.0335178,0.161551,0.261551,0.00055,5.5e-05,1.90526e-06,0.00032428,4.98321e-07,1.10918e-05,0.02,0.161551,0.00541483,61.9,10.0013,0.162875,13283.4,1.91859e+09,2140.09,3.09103e+08,0,0.912236
100,100,100,1000,0.001,1 MHz (plan spec),33.5178,0.161551,0.261551,0.00055,5.5e-05,1.90526e-06,0.00032428,4.98321e-07,1.10918e-05,0.1,0.0161551,5.41483,61.9,10.0005,5.41578,1.46866e+07,1.91859e+09,2.36616e+06,3.09103e+08,0,7.81319e-45
100,100,100,1000,0.001,100 MHz,0.335178,0.161551,0.261551,0.00055,5.5e-05,1.90526e-06,0.00032428,4.98321e-07,1.10918e-05,0.1,0.0161551,0.0541483,61.9,10.0005,0.114862,6606.24,1.91859e+09,1064.33,3.09103e+08,0,0.955344
100,100,100,1000,0.001,1 GHz,0.0335178,0.161551,0.261551,0.00055,5.5e-05,1.90526e-06,0.00032428,4.98321e-07,1.10918e-05,0.1,0.0161551,0.00541483,61.9,10.0005,0.101443,5152.78,1.91859e+09,830.163,3.09103e+08,0,0.964995
100,100,100,1000,0.01,1 MHz (plan spec),33.5178,0.161551,0.261551,0.00055,5.5e-05,1.90526e-06,0.00032428,4.98321e-07,1.10918e-05,0.1,0.161551,5.41483,61.9,10.0018,5.41817,1.46996e+07,1.91859e+09,2.36825e+06,3.09103e+08,0,7.14454e-45
100,100,100,1000,0.01,100 MHz,0.335178,0.161551,0.261551,0.00055,5.5e-05,1.90526e-06,0.00032428,4.98321e-07,1.10918e-05,0.1,0.161551,0.0541483,61.9,10.0018,0.197563,19543.9,1.91859e+09,3148.71,3.09103e+08,0,0.873586
100,100,100,1000,0.01,1 GHz,0.0335178,0.161551,0.261551,0.00055,5.5e-05,1.90526e-06,0.00032428,4.98321e-07,1.10918e-05,0.1,0.161551,0.00541483,61.9,10.0018,0.190074,18090.4,1.91859e+09,2914.54,3.09103e+08,0,0.88241
