d_debris_cm,h_km,dh_km,v_rel_m_s,solar_case,P_viable,P_viable_no_value_test,P_viable_perkg,P_c1,P_c2,P_c3,P_c4,P_c5,P_c6,median_t_natural,median_cost_object,median_shot_g,median_t_decay,d_miss_mm
0.5,400,150,400,solar_min,0,0.66075,0,1,1,1,1,0.66075,0,0.145287,23551.4,3.2287,0.0125893,8.61863
0.5,400,150,400,nominal,0,0.6597,0,1,1,1,1,0.6597,0,0.0312242,23882.7,3.24777,0.00492752,8.61863
0.5,400,150,400,solar_max,0,0.6576,0,1,1,1,1,0.6576,0,0.0122591,24129.8,3.23402,0.0025931,8.61863
0.5,400,150,500,solar_min,0,0.659,0,1,1,1,1,0.659,0,0.145287,24223.1,1.70749,0.0125893,6.99863
0.5,400,150,500,nominal,0,0.65775,0,1,1,1,1,0.65775,0,0.0312242,23805.7,1.71159,0.00492752,6.99863
0.5,400,150,500,solar_max,0,0.65995,0,1,1,1,1,0.65995,0,0.0122591,23788.3,1.71285,0.0025931,6.99863
0.5,400,150,619,solar_min,0,0.6629,0,1,1,1,1,0.6629,0,0.145287,23364.3,0.941722,0.0125893,5.77491
0.5,400,150,619,nominal,0,0.66065,0,1,1,1,1,0.66065,0,0.0312242,23295.2,0.938663,0.00492752,5.77491
0.5,400,150,619,solar_max,0,0.6596,0,1,1,1,1,0.6596,0,0.0122591,24188.7,0.934185,0.0025931,5.77491
0.5,400,150,800,solar_min,0,0.65765,0,0.98935,1,1,0.98935,0.66455,0,0.145287,24120.1,0.470541,0.0125893,4.64462
0.5,400,150,800,nominal,0,0.6513,0,0.9905,1,1,0.9905,0.6578,0,0.0312242,24465.4,0.470553,0.00492752,4.64462
0.5,400,150,800,solar_max,0,0.64915,0,0.98885,1,1,0.98885,0.6572,0,0.0122591,23739,0.468308,0.0025931,4.64462
0.5,400,150,1000,solar_min,0,0.6078,0,0.9164,1,1,0.9164,0.66305,0,0.145287,23365.7,0.264538,0.0125893,3.9048
0.5,400,150,1000,nominal,0,0.60085,0,0.91435,1,1,0.91435,0.659,0,0.0312242,24283.3,0.265679,0.00492752,3.9048
0.5,400,150,1000,solar_max,0,0.6013,0,0.91125,1,1,0.91125,0.65895,0,0.0122591,23878.2,0.266049,0.0025931,3.9048
0.5,400,200,400,solar_min,0,0.666,0,1,1,1,1,0.666,0,0.145287,23180.9,4.3378,0.00349655,8.61863
0.5,400,200,400,nominal,0,0.658,0,1,1,1,1,0.658,0,0.0312242,24277.3,4.35065,0.00186818,8.61863
0.5,400,200,400,solar_max,0,0.65715,0,1,1,1,1,0.65715,0,0.0122591,24382.7,4.3429,0.00115153,8.61863
0.5,400,200,500,solar_min,0,0.664,0,1,1,1,1,0.664,0,0.145287,23336.3,2.28607,0.00349655,6.99863
0.5,400,200,500,nominal,0,0.65945,0,1,1,1,1,0.65945,0,0.0312242,23737.1,2.28665,0.00186818,6.99863
0.5,400,200,500,solar_max,0,0.6579,0,1,1,1,1,0.6579,0,0.0122591,24258.9,2.28044,0.00115153,6.99863
0.5,400,200,619,solar_min,0,0.64855,0,0.9819,1,1,0.9819,0.66115,0,0.145287,23789.9,1.25626,0.00349655,5.77491
0.5,400,200,619,nominal,0,0.64885,0,0.98255,1,1,0.98255,0.66055,0,0.0312242,23519.5,1.25473,0.00186818,5.77491
0.5,400,200,619,solar_max,0,0.653,0,0.9833,1,1,0.9833,0.66395,0,0.0122591,23341.1,1.26397,0.00115153,5.77491
0.5,400,200,800,solar_min,0,0.583,0,0.8768,1,1,0.8768,0.663,0,0.145287,23555.8,0.627518,0.00349655,4.64462
0.5,400,200,800,nominal,0,0.57915,0,0.8766,1,1,0.8766,0.65975,0,0.0312242,24181.1,0.630697,0.00186818,4.64462
0.5,400,200,800,solar_max,0,0.5775,0,0.8742,1,1,0.8742,0.66065,0,0.0122591,23509,0.631034,0.00115153,4.64462
0.5,400,200,1000,solar_min,0,0.45015,0,0.68,1,1,0.68,0.66435,0,0.145287,23702.8,0.356921,0.00349655,3.9048
0.5,400,200,1000,nominal,0,0.4498,0,0.68165,1,1,0.68165,0.6604,0,0.0312242,24218.7,0.355321,0.00186818,3.9048
0.5,400,200,1000,solar_max,0,0.44995,0,0.6801,1,1,0.6801,0.6616,0,0.0122591,24111,0.357751,0.00115153,3.9048
0.5,400,250,400,solar_min,0,0.6556,0,1,1,1,1,0.6556,0,0.145287,24465.3,5.46407,0.000558934,8.61863
0.5,400,250,400,nominal,0,0.6628,0,1,1,1,1,0.6628,0,0.0312242,23527.8,5.46282,0.000420769,8.61863
0.5,400,250,400,solar_max,0,0.6616,0,1,1,1,1,0.6616,0,0.0122591,24012.4,5.43087,0.000318739,8.61863
0.5,400,250,500,solar_min,0,0.63955,0,0.98,1,1,0.98,0.6533,0,0.145287,24671.1,2.85399,0.000558934,6.99863
0.5,400,250,500,nominal,0,0.65435,0,0.9803,1,1,0.9803,0.6672,0,0.0312242,23078.9,2.8597,0.000420769,6.99863
0.5,400,250,500,solar_max,0,0.64945,0,0.9799,1,1,0.9799,0.66235,0,0.0122591,24051.9,2.89528,0.000318739,6.99863
0.5,400,250,619,solar_min,0,0.59255,0,0.89265,1,1,0.89265,0.6633,0,0.145287,24226.5,1.58593,0.000558934,5.77491
0.5,400,250,619,nominal,0,0.59185,0,0.8916,1,1,0.8916,0.66485,0,0.0312242,23409.3,1.58227,0.000420769,5.77491
0.5,400,250,619,solar_max,0,0.58975,0,0.8927,1,1,0.8927,0.6588,0,0.0122591,23793.2,1.57386,0.000318739,5.77491
0.5,400,250,800,solar_min,0,0.4452,0,0.6752,1,1,0.6752,0.66195,0,0.145287,23939.7,0.791431,0.000558934,4.64462
0.5,400,250,800,nominal,0,0.4464,0,0.67575,1,1,0.67575,0.6588,0,0.0312242,24144.2,0.793364,0.000420769,4.64462
0.5,400,250,800,solar_max,0,0.45635,0,0.6822,1,1,0.6822,0.6668,0,0.0122591,23223,0.788189,0.000318739,4.64462
0.5,400,250,1000,solar_min,0,0.2927,0,0.44005,1,1,0.44005,0.66195,0,0.145287,24135.6,0.444737,0.000558934,3.9048
0.5,400,250,1000,nominal,0,0.2842,0,0.42875,1,1,0.42875,0.6591,0,0.0312242,24285.8,0.449412,0.000420769,3.9048
0.5,400,250,1000,solar_max,0,0.28805,0,0.4311,1,1,0.4311,0.6608,0,0.0122591,24157,0.44679,0.000318739,3.9048
0.5,500,150,400,solar_min,0,0.66155,0,1,1,1,1,0.66155,0,1.32249,23721.8,3.16301,0.178559,8.61863
0.5,500,150,400,nominal,0,0.66485,0,1,1,1,1,0.66485,0,0.173017,23715.8,3.16563,0.0388549,8.61863
0.5,500,150,400,solar_max,0,0.66125,0,1,1,1,1,0.66125,0,0.0528017,24030.8,3.15808,0.0151661,8.61863
0.5,500,150,500,solar_min,0,0.66465,0,1,1,1,1,0.66465,0,1.32249,23616.7,1.66727,0.178559,6.99863
0.5,500,150,500,nominal,0,0.66455,0,1,1,1,1,0.66455,0,0.173017,23276,1.67513,0.0388549,6.99863
0.5,500,150,500,solar_max,0,0.66495,0,1,1,1,1,0.66495,0,0.0528017,23499.6,1.67522,0.0151661,6.99863
0.5,500,150,619,solar_min,0,0.66455,0,1,1,1,1,0.66455,0,1.32249,23838.3,0.918072,0.178559,5.77491
0.5,500,150,619,nominal,0,0.6615,0,1,1,1,1,0.6615,0,0.173017,23494.5,0.92567,0.0388549,5.77491
0.5,500,150,619,solar_max,0,0.6675,0,1,1,1,1,0.6675,0,0.0528017,23423.1,0.921351,0.0151661,5.77491
0.5,500,150,800,solar_min,0,0.6552,0,0.9924,1,1,0.9924,0.66035,0,1.32249,23270.7,0.458959,0.178559,4.64462
0.5,500,150,800,nominal,0,0.6562,0,0.9919,1,1,0.9919,0.6611,0,0.173017,23204.1,0.462055,0.0388549,4.64462
0.5,500,150,800,solar_max,0,0.65925,0,0.99335,1,1,0.99335,0.6636,0,0.0528017,23837.8,0.45951,0.0151661,4.64462
0.5,500,150,1000,solar_min,0,0.60915,0,0.92565,1,1,0.92565,0.65815,0,1.32249,24506.4,0.259976,0.178559,3.9048
0.5,500,150,1000,nominal,0,0.61605,0,0.92945,1,1,0.92945,0.66105,0,0.173017,23956.2,0.258949,0.0388549,3.9048
0.5,500,150,1000,solar_max,0,0.61765,0,0.9287,1,1,0.9287,0.66645,0,0.0528017,23750.3,0.258949,0.0151661,3.9048
0.5,500,200,400,solar_min,0,0.6569,0,1,1,1,1,0.6569,0,1.32249,24401,4.23234,0.0715334,8.61863
0.5,500,200,400,nominal,0,0.6704,0,1,1,1,1,0.6704,0,0.173017,23209,4.2197,0.0198993,8.61863
0.5,500,200,400,solar_max,0,0.6656,0,1,1,1,1,0.6656,0,0.0528017,23616.7,4.25912,0.00873304,8.61863
0.5,500,200,500,solar_min,0,0.66325,0,1,1,1,1,0.66325,0,1.32249,23862.3,2.24037,0.0715334,6.99863
0.5,500,200,500,nominal,0,0.6614,0,1,1,1,1,0.6614,0,0.173017,23958.6,2.24494,0.0198993,6.99863
0.5,500,200,500,solar_max,0,0.66145,0,1,1,1,1,0.66145,0,0.0528017,24038.7,2.24223,0.00873304,6.99863
0.5,500,200,619,solar_min,0,0.65385,0,0.9869,1,1,0.9869,0.6632,0,1.32249,23814.6,1.23318,0.0715334,5.77491
0.5,500,200,619,nominal,0,0.65525,0,0.9874,1,1,0.9874,0.66355,0,0.173017,23366.6,1.23293,0.0198993,5.77491
0.5,500,200,619,solar_max,0,0.6546,0,0.987,1,1,0.987,0.6632,0,0.0528017,23535.3,1.22909,0.00873304,5.77491
0.5,500,200,800,solar_min,0,0.5877,0,0.8925,1,1,0.8925,0.6594,0,1.32249,24005.6,0.616728,0.0715334,4.64462
0.5,500,200,800,nominal,0,0.5846,0,0.89055,1,1,0.89055,0.6562,0,0.173017,24045.9,0.616008,0.0198993,4.64462
0.5,500,200,800,solar_max,0,0.58215,0,0.88825,1,1,0.88825,0.65445,0,0.0528017,24003,0.617587,0.00873304,4.64462
0.5,500,200,1000,solar_min,0,0.4641,0,0.70285,1,1,0.70285,0.6612,0,1.32249,23802.4,0.347902,0.0715334,3.9048
0.5,500,200,1000,nominal,0,0.4642,0,0.705,1,1,0.705,0.6595,0,0.173017,23902.9,0.348202,0.0198993,3.9048
0.5,500,200,1000,solar_max,0,0.47085,0,0.70835,1,1,0.70835,0.6672,0,0.0528017,22923.8,0.346833,0.00873304,3.9048
0.5,500,250,400,solar_min,0,0.6592,0,1,1,1,1,0.6592,0,1.32249,24144.4,5.35775,0.0239112,8.61863
0.5,500,250,400,nominal,0,0.66505,0,1,1,1,1,0.66505,0,0.173017,23844.7,5.33006,0.00888613,8.61863
0.5,500,250,400,solar_max,0,0.6617,0,1,1,1,1,0.6617,0,0.0528017,23482.9,5.30773,0.00449754,8.61863
0.5,500,250,500,solar_min,0,0.64785,0,0.9872,1,1,0.9872,0.65695,0,1.32249,24283.7,2.79757,0.0239112,6.99863
0.5,500,250,500,nominal,0,0.6449,0,0.9841,1,1,0.9841,0.6557,0,0.173017,24429.2,2.84519,0.00888613,6.99863
0.5,500,250,500,solar_max,0,0.65755,0,0.9862,1,1,0.9862,0.6669,0,0.0528017,23139.9,2.81298,0.00449754,6.99863
0.5,500,250,619,solar_min,0,0.6039,0,0.9084,1,1,0.9084,0.66565,0,1.32249,23246.4,1.54066,0.0239112,5.77491
0.5,500,250,619,nominal,0,0.5993,0,0.9047,1,1,0.9047,0.663,0,0.173017,23102.5,1.54048,0.00888613,5.77491
0.5,500,250,619,solar_max,0,0.59625,0,0.9051,1,1,0.9051,0.6579,0,0.0528017,24479.3,1.55434,0.00449754,5.77491
0.5,500,250,800,solar_min,0,0.4615,0,0.703,1,1,0.703,0.6557,0,1.32249,24041.4,0.769286,0.0239112,4.64462
0.5,500,250,800,nominal,0,0.46505,0,0.7011,1,1,0.7011,0.6606,0,0.173017,23949.7,0.772505,0.00888613,4.64462
0.5,500,250,800,solar_max,0,0.46365,0,0.69915,1,1,0.69915,0.663,0,0.0528017,23729,0.772909,0.00449754,4.64462
0.5,500,250,1000,solar_min,0,0.31075,0,0.4626,1,1,0.4626,0.6642,0,1.32249,23650.2,0.436658,0.0239112,3.9048
0.5,500,250,1000,nominal,0,0.3092,0,0.4643,1,1,0.4643,0.6667,0,0.173017,23335.9,0.436717,0.00888613,3.9048
0.5,500,250,1000,solar_max,0,0.3057,0,0.46365,1,1,0.46365,0.6572,0,0.0528017,24070.9,0.43744,0.00449754,3.9048
0.5,600,150,400,solar_min,0,0.65785,0,1,1,1,1,0.65785,0,8.60149,24197.1,3.09146,1.6343,8.61863
0.5,600,150,400,nominal,0,0.66245,0,1,1,1,1,0.66245,0,0.796398,23619.9,3.08743,0.214797,8.61863
0.5,600,150,400,solar_max,0,0.66535,0,1,1,1,1,0.66535,0,0.192149,23396.4,3.11509,0.0647863,8.61863
0.5,600,150,500,solar_min,0,0.6635,0,1,1,1,1,0.6635,0,8.60149,23829,1.63548,1.6343,6.99863
0.5,600,150,500,nominal,0,0.66145,0,1,1,1,1,0.66145,0,0.796398,23635.7,1.62777,0.214797,6.99863
0.5,600,150,500,solar_max,0,0.6563,0,1,1,1,1,0.6563,0,0.192149,24487.8,1.63243,0.0647863,6.99863
0.5,600,150,619,solar_min,0,0.65905,0,1,1,1,1,0.65905,0,8.60149,23472.9,0.901836,1.6343,5.77491
0.5,600,150,619,nominal,0,0.65525,0,1,1,1,1,0.65525,0,0.796398,24064.6,0.897044,0.214797,5.77491
0.5,600,150,619,solar_max,0,0.662,0,1,1,1,1,0.662,0,0.192149,23525.6,0.897976,0.0647863,5.77491
0.5,600,150,800,solar_min,0,0.6621,0,0.99535,1,1,0.99535,0.66515,0,8.60149,23215.7,0.448546,1.6343,4.64462
0.5,600,150,800,nominal,0,0.6514,0,0.9954,1,1,0.9954,0.65435,0,0.796398,24494.7,0.449161,0.214797,4.64462
0.5,600,150,800,solar_max,0,0.65045,0,0.9952,1,1,0.9952,0.6539,0,0.192149,24305.8,0.447876,0.0647863,4.64462
0.5,600,150,1000,solar_min,0,0.6216,0,0.93825,1,1,0.93825,0.6628,0,8.60149,23514.8,0.25344,1.6343,3.9048
0.5,600,150,1000,nominal,0,0.61965,0,0.93745,1,1,0.93745,0.661,0,0.796398,24388.9,0.25409,0.214797,3.9048
0.5,600,150,1000,solar_max,0,0.61785,0,0.9386,1,1,0.9386,0.65845,0,0.192149,24043,0.253479,0.0647863,3.9048
0.5,600,200,400,solar_min,0,0.66335,0,1,1,1,1,0.66335,0,8.60149,23448.2,4.1501,0.768341,8.61863
0.5,600,200,400,nominal,0,0.66605,0,1,1,1,1,0.66605,0,0.796398,23805.3,4.17693,0.123769,8.61863
0.5,600,200,400,solar_max,0,0.6626,0,1,1,1,1,0.6626,0,0.192149,23776,4.16257,0.0412426,8.61863
0.5,600,200,500,solar_min,0,0.66225,0,1,1,1,1,0.66225,0,8.60149,24118.6,2.19437,0.768341,6.99863
0.5,600,200,500,nominal,0,0.6658,0,1,1,1,1,0.6658,0,0.796398,23546.4,2.18639,0.123769,6.99863
0.5,600,200,500,solar_max,0,0.6577,0,1,1,1,1,0.6577,0,0.192149,24438.6,2.18928,0.0412426,6.99863
0.5,600,200,619,solar_min,0,0.65365,0,0.99145,1,1,0.99145,0.65925,0,8.60149,23988.4,1.19842,0.768341,5.77491
0.5,600,200,619,nominal,0,0.64845,0,0.98965,1,1,0.98965,0.655,0,0.796398,24350.4,1.1982,0.123769,5.77491
0.5,600,200,619,solar_max,0,0.6593,0,0.9901,1,1,0.9901,0.6656,0,0.192149,23409.9,1.21082,0.0412426,5.77491
0.5,600,200,800,solar_min,0,0.59425,0,0.90075,1,1,0.90075,0.66015,0,8.60149,23495.9,0.601197,0.768341,4.64462
0.5,600,200,800,nominal,0,0.5909,0,0.9003,1,1,0.9003,0.65705,0,0.796398,24010,0.600097,0.123769,4.64462
0.5,600,200,800,solar_max,0,0.5935,0,0.8996,1,1,0.8996,0.6602,0,0.192149,23897.5,0.604044,0.0412426,4.64462
0.5,600,200,1000,solar_min,0,0.47745,0,0.7273,1,1,0.7273,0.6554,0,8.60149,24103.1,0.340137,0.768341,3.9048
0.5,600,200,1000,nominal,0,0.48685,0,0.72705,1,1,0.72705,0.6658,0,0.796398,23477.1,0.339738,0.123769,3.9048
0.5,600,200,1000,solar_max,0,0.4866,0,0.72605,1,1,0.72605,0.6666,0,0.192149,23713.4,0.340971,0.0412426,3.9048
0.5,600,250,400,solar_min,0,0.6697,0,1,1,1,1,0.6697,0,8.60149,23168.1,5.21127,0.323931,8.61863
0.5,600,250,400,nominal,0,0.6586,0,1,1,1,1,0.6586,0,0.796398,23980,5.1996,0.0662273,8.61863
0.5,600,250,400,solar_max,0,0.6611,0,1,1,1,1,0.6611,0,0.192149,23914,5.21787,0.024729,8.61863
0.5,600,250,500,solar_min,0,0.6483,0,0.98815,1,1,0.98815,0.65615,0,8.60149,24182.5,2.73817,0.323931,6.99863
0.5,600,250,500,nominal,0,0.6508,0,0.987,1,1,0.987,0.65945,0,0.796398,23880.9,2.73064,0.0662273,6.99863
0.5,600,250,500,solar_max,0,0.65565,0,0.98845,1,1,0.98845,0.66255,0,0.192149,23823.2,2.74505,0.024729,6.99863
0.5,600,250,619,solar_min,0,0.6113,0,0.9206,1,1,0.9206,0.66565,0,8.60149,23446.5,1.50906,0.323931,5.77491
0.5,600,250,619,nominal,0,0.611,0,0.91885,1,1,0.91885,0.66555,0,0.796398,23146.1,1.51115,0.0662273,5.77491
0.5,600,250,619,solar_max,0,0.60675,0,0.91865,1,1,0.91865,0.6613,0,0.192149,23851.9,1.51162,0.024729,5.77491
0.5,600,250,800,solar_min,0,0.47625,0,0.72165,1,1,0.72165,0.66075,0,8.60149,24010.4,0.754483,0.323931,4.64462
0.5,600,250,800,nominal,0,0.4717,0,0.71565,1,1,0.71565,0.658,0,0.796398,24104.7,0.757376,0.0662273,4.64462
0.5,600,250,800,solar_max,0,0.475,0,0.7246,1,1,0.7246,0.6532,0,0.192149,24394.3,0.756135,0.024729,4.64462
0.5,600,250,1000,solar_min,0,0.32515,0,0.4889,1,1,0.4889,0.6639,0,8.60149,24070,0.428416,0.323931,3.9048
0.5,600,250,1000,nominal,0,0.32265,0,0.48755,1,1,0.48755,0.6646,0,0.796398,23395.5,0.426447,0.0662273,3.9048
0.5,600,250,1000,solar_max,0,0.317,0,0.48205,1,1,0.48205,0.66155,0,0.192149,24105.2,0.428826,0.024729,3.9048
0.5,700,150,400,solar_min,0.66225,0.66225,0,1,1,1,1,0.66225,1,36.076,23896.1,3.02362,10.4743,8.61863
0.5,700,150,400,nominal,0,0.6616,0,1,1,1,1,0.6616,0,3.18677,23545.7,3.02247,0.981824,8.61863
0.5,700,150,400,solar_max,0,0.66155,0,1,1,1,1,0.66155,0,0.625381,23604.9,3.03942,0.233762,8.61863
0.5,700,150,500,solar_min,0.66865,0.66865,0,1,1,1,1,0.66865,1,36.076,23221.2,1.59072,10.4743,6.99863
0.5,700,150,500,nominal,0,0.663,0,1,1,1,1,0.663,0,3.18677,23577.9,1.60627,0.981824,6.99863
0.5,700,150,500,solar_max,0,0.66295,0,1,1,1,1,0.66295,0,0.625381,23223.2,1.5999,0.233762,6.99863
0.5,700,150,619,solar_min,0.6592,0.6592,0,1,1,1,1,0.6592,1,36.076,23806.6,0.8797,10.4743,5.77491
0.5,700,150,619,nominal,0,0.66405,0,1,1,1,1,0.66405,0,3.18677,23514.7,0.879854,0.981824,5.77491
0.5,700,150,619,solar_max,0,0.667,0,1,1,1,1,0.667,0,0.625381,23838,0.880228,0.233762,5.77491
0.5,700,150,800,solar_min,0.65345,0.65345,0,0.99735,1,1,0.99735,0.6552,1,36.076,24328.5,0.43866,10.4743,4.64462
0.5,700,150,800,nominal,0,0.65665,0,0.99725,1,1,0.99725,0.65845,0,3.18677,23983,0.44055,0.981824,4.64462
0.5,700,150,800,solar_max,0,0.65735,0,0.9969,1,1,0.9969,0.65945,0,0.625381,23559.1,0.442059,0.233762,4.64462
0.5,700,150,1000,solar_min,0.62755,0.62755,0,0.9446,1,1,0.9446,0.66435,1,36.076,23437.5,0.248563,10.4743,3.9048
0.5,700,150,1000,nominal,0,0.6227,0,0.9455,1,1,0.9455,0.6583,0,3.18677,24510.2,0.24904,0.981824,3.9048
0.5,700,150,1000,solar_max,0,0.6249,0,0.94585,1,1,0.94585,0.66015,0,0.625381,24249.7,0.248644,0.233762,3.9048
0.5,700,200,400,solar_min,0.66065,0.66065,0,1,1,1,1,0.66065,1,36.076,23968.3,4.06713,5.74474,8.61863
0.5,700,200,400,nominal,0,0.6562,0,1,1,1,1,0.6562,0,3.18677,23925.6,4.09523,0.604432,8.61863
0.5,700,200,400,solar_max,0,0.6596,0,1,1,1,1,0.6596,0,0.625381,24108,4.06239,0.157355,8.61863
0.5,700,200,500,solar_min,0.66555,0.66555,0,1,1,1,1,0.66555,1,36.076,23245.8,2.1443,5.74474,6.99863
0.5,700,200,500,nominal,0,0.66095,0,1,1,1,1,0.66095,0,3.18677,23656.9,2.15037,0.604432,6.99863
0.5,700,200,500,solar_max,0,0.661,0,1,1,1,1,0.661,0,0.625381,24074.4,2.12524,0.157355,6.99863
0.5,700,200,619,solar_min,0.65815,0.65815,0,0.9934,1,1,0.9934,0.66255,1,36.076,23057.3,1.17788,5.74474,5.77491
0.5,700,200,619,nominal,0,0.6586,0,0.9928,1,1,0.9928,0.6635,0,3.18677,23532.6,1.18191,0.604432,5.77491
0.5,700,200,619,solar_max,0,0.66075,0,0.9932,1,1,0.9932,0.6654,0,0.625381,23748,1.17826,0.157355,5.77491
0.5,700,200,800,solar_min,0.60685,0.60685,0,0.9158,1,1,0.9158,0.66335,1,36.076,23844.3,0.587947,5.74474,4.64462
0.5,700,200,800,nominal,0,0.6036,0,0.90895,1,1,0.90895,0.6626,0,3.18677,23940.1,0.592733,0.604432,4.64462
0.5,700,200,800,solar_max,0,0.60215,0,0.9136,1,1,0.9136,0.6592,0,0.625381,23864.5,0.591162,0.157355,4.64462
0.5,700,200,1000,solar_min,0.4982,0.4982,0,0.74855,1,1,0.74855,0.66425,1,36.076,23759.3,0.332912,5.74474,3.9048
0.5,700,200,1000,nominal,0,0.4972,0,0.74535,1,1,0.74535,0.6655,0,3.18677,23625.5,0.332693,0.604432,3.9048
0.5,700,200,1000,solar_max,0,0.48885,0,0.74085,1,1,0.74085,0.65885,0,0.625381,24059.2,0.334659,0.157355,3.9048
0.5,700,250,400,solar_min,0.65705,0.65705,0,1,1,1,1,0.65705,1,36.076,25223.5,5.09619,2.83037,8.61863
0.5,700,250,400,nominal,0,0.66235,0,1,1,1,1,0.66235,0,3.18677,23895.1,5.09905,0.353081,8.61863
0.5,700,250,400,solar_max,0,0.6644,0,1,1,1,1,0.6644,0,0.625381,23644.9,5.11975,0.10167,8.61863
0.5,700,250,500,solar_min,0.6542,0.6542,0,0.992,1,1,0.992,0.6597,1,36.076,24150.6,2.69201,2.83037,6.99863
0.5,700,250,500,nominal,0,0.6518,0,0.9913,1,1,0.9913,0.65715,0,3.18677,24618.1,2.68804,0.353081,6.99863
0.5,700,250,500,solar_max,0,0.65335,0,0.99105,1,1,0.99105,0.6597,0,0.625381,23478.2,2.68201,0.10167,6.99863
0.5,700,250,619,solar_min,0.6188,0.6188,0,0.92995,1,1,0.92995,0.66625,1,36.076,23140.5,1.48055,2.83037,5.77491
0.5,700,250,619,nominal,0,0.6134,0,0.9275,1,1,0.9275,0.6609,0,3.18677,23742.5,1.48003,0.353081,5.77491
0.5,700,250,619,solar_max,0,0.6116,0,0.927,1,1,0.927,0.66165,0,0.625381,23544.6,1.47777,0.10167,5.77491
0.5,700,250,800,solar_min,0.49155,0.49155,0,0.74135,1,1,0.74135,0.66195,1,36.076,23673.5,0.739991,2.83037,4.64462
0.5,700,250,800,nominal,0,0.48885,0,0.7384,1,1,0.7384,0.6599,0,3.18677,23854.3,0.743754,0.353081,4.64462
0.5,700,250,800,solar_max,0,0.4894,0,0.7371,1,1,0.7371,0.6645,0,0.625381,22970,0.74118,0.10167,4.64462
0.5,700,250,1000,solar_min,0.337,0.337,0,0.515,1,1,0.515,0.6591,1,36.076,24327.7,0.417319,2.83037,3.9048
0.5,700,250,1000,nominal,0,0.3368,0,0.51065,1,1,0.51065,0.66025,0,3.18677,23379.5,0.417407,0.353081,3.9048
0.5,700,250,1000,solar_max,0,0.33935,0,0.50955,1,1,0.50955,0.66485,0,0.625381,23262.8,0.419634,0.10167,3.9048
0.5,800,150,400,solar_min,0,0,0,1,1,0,1,0.65735,0,100.34,23858,2.97995,42.7378,8.61863
0.5,800,150,400,nominal,0,0.65815,0,1,1,1,1,0.65815,0,11,23964.5,2.97737,3.88659,8.61863
0.5,800,150,400,solar_max,0,0.6617,0,1,1,1,1,0.6617,0,1.86608,23678.8,2.97866,0.754684,8.61863
0.5,800,150,500,solar_min,0,0,0,1,1,0,1,0.65255,0,100.34,24811.4,1.56637,42.7378,6.99863
0.5,800,150,500,nominal,0,0.6604,0,1,1,1,1,0.6604,0,11,24090.1,1.56909,3.88659,6.99863
0.5,800,150,500,solar_max,0,0.66315,0,1,1,1,1,0.66315,0,1.86608,23837.7,1.56198,0.754684,6.99863
0.5,800,150,619,solar_min,0,0,0,1,1,0,1,0.6575,0,100.34,23925.8,0.85842,42.7378,5.77491
0.5,800,150,619,nominal,0,0.665,0,1,1,1,1,0.665,0,11,23277.6,0.86213,3.88659,5.77491
0.5,800,150,619,solar_max,0,0.66145,0,1,1,1,1,0.66145,0,1.86608,23900.7,0.858251,0.754684,5.77491
0.5,800,150,800,solar_min,0,0,0,0.99865,1,0,0.99865,0.6567,0,100.34,24621.5,0.429511,42.7378,4.64462
0.5,800,150,800,nominal,0,0.669,0,0.9985,1,1,0.9985,0.67,0,11,23040.2,0.431031,3.88659,4.64462
0.5,800,150,800,solar_max,0,0.66525,0,0.99825,1,1,0.99825,0.66655,0,1.86608,23475,0.430362,0.754684,4.64462
0.5,800,150,1000,solar_min,0,0,0,0.95485,1,0,0.95485,0.66035,0,100.34,23797.4,0.244448,42.7378,3.9048
0.5,800,150,1000,nominal,0,0.6329,0,0.9554,1,1,0.9554,0.66195,0,11,24159.4,0.243896,3.88659,3.9048
0.5,800,150,1000,solar_max,0,0.6366,0,0.9542,1,1,0.9542,0.6666,0,1.86608,23046.1,0.243364,0.754684,3.9048
0.5,800,200,400,solar_min,0,0,0,1,1,0,1,0.66095,0,100.34,24042.6,3.98029,28.1263,8.61863
0.5,800,200,400,nominal,0,0.66635,0,1,1,1,1,0.66635,0,11,23136.3,3.95702,2.5244,8.61863
0.5,800,200,400,solar_max,0,0.6598,0,1,1,1,1,0.6598,0,1.86608,24277,3.96691,0.527413,8.61863
0.5,800,200,500,solar_min,0,0,0,1,1,0,1,0.6591,0,100.34,23713.6,2.08981,28.1263,6.99863
0.5,800,200,500,nominal,0,0.665,0,1,1,1,1,0.665,0,11,23202.5,2.08946,2.5244,6.99863
0.5,800,200,500,solar_max,0,0.6632,0,1,1,1,1,0.6632,0,1.86608,23794.5,2.09725,0.527413,6.99863
0.5,800,200,619,solar_min,0,0,0,0.9962,1,0,0.9962,0.66515,0,100.34,23684.6,1.15736,28.1263,5.77491
0.5,800,200,619,nominal,0,0.6577,0,0.9962,1,1,0.9962,0.66005,0,11,23976.7,1.15512,2.5244,5.77491
0.5,800,200,619,solar_max,0,0.65895,0,0.9962,1,1,0.9962,0.66175,0,1.86608,23817.6,1.15117,0.527413,5.77491
0.5,800,200,800,solar_min,0,0,0,0.9289,1,0,0.9289,0.65795,0,100.34,23999.8,0.575856,28.1263,4.64462
0.5,800,200,800,nominal,0,0.61725,0,0.92905,1,1,0.92905,0.66345,0,11,23108.8,0.578189,2.5244,4.64462
0.5,800,200,800,solar_max,0,0.6112,0,0.92625,1,1,0.92625,0.65975,0,1.86608,23932.9,0.576496,0.527413,4.64462
0.5,800,200,1000,solar_min,0,0,0,0.7667,1,0,0.7667,0.6582,0,100.34,23718.4,0.326182,28.1263,3.9048
0.5,800,200,1000,nominal,0,0.50915,0,0.76685,1,1,0.76685,0.6636,0,11,23761.6,0.327216,2.5244,3.9048
0.5,800,200,1000,solar_max,0,0.5025,0,0.76645,1,1,0.76645,0.65625,0,1.86608,23988.6,0.325991,0.527413,3.9048
0.5,800,250,400,solar_min,0.6632,0.6632,0,1,1,1,1,0.6632,1,100.34,24049.4,4.99479,16.7771,8.61863
0.5,800,250,400,nominal,0,0.66305,0,1,1,1,1,0.66305,0,11,24084,5.00107,1.56663,8.61863
0.5,800,250,400,solar_max,0,0.66395,0,1,1,1,1,0.66395,0,1.86608,23361.7,5.0071,0.35696,8.61863
0.5,800,250,500,solar_min,0.6565,0.6565,0,0.99495,1,1,0.99495,0.6602,1,100.34,23836.8,2.62976,16.7771,6.99863
0.5,800,250,500,nominal,0,0.65465,0,0.9941,1,1,0.9941,0.6585,0,11,23984.8,2.63205,1.56663,6.99863
0.5,800,250,500,solar_max,0,0.6624,0,0.99425,1,1,0.99425,0.666,0,1.86608,23273.6,2.63374,0.35696,6.99863
0.5,800,250,619,solar_min,0.6182,0.6182,0,0.9366,1,1,0.9366,0.65975,1,100.34,23903.5,1.45394,16.7771,5.77491
0.5,800,250,619,nominal,0,0.624,0,0.94,1,1,0.94,0.66315,0,11,23369.1,1.44779,1.56663,5.77491
0.5,800,250,619,solar_max,0,0.62485,0,0.9406,1,1,0.9406,0.6646,0,1.86608,23741.3,1.45274,0.35696,5.77491
0.5,800,250,800,solar_min,0.5026,0.5026,0,0.7584,1,1,0.7584,0.6601,1,100.34,23869.5,0.726822,16.7771,4.64462
0.5,800,250,800,nominal,0,0.4974,0,0.75665,1,1,0.75665,0.65875,0,11,23916.8,0.728313,1.56663,4.64462
0.5,800,250,800,solar_max,0,0.50915,0,0.7632,1,1,0.7632,0.66385,0,1.86608,23421,0.725211,0.35696,4.64462
0.5,800,250,1000,solar_min,0.35015,0.35015,0,0.5335,1,1,0.5335,0.65975,1,100.34,23829.8,0.410169,16.7771,3.9048
0.5,800,250,1000,nominal,0,0.35935,0,0.54205,1,1,0.54205,0.65915,0,11,23704.9,0.408441,1.56663,3.9048
0.5,800,250,1000,solar_max,0,0.3545,0,0.53235,1,1,0.53235,0.66465,0,1.86608,23101.6,0.410437,0.35696,3.9048
0.5,900,150,400,solar_min,0,0,0,1,1,0,1,0.65725,0,10000,24515.1,2.91229,115.911,8.61863
0.5,900,150,400,nominal,0.66225,0.66225,0,1,1,1,1,0.66225,1,31.763,23226.1,2.91205,13.195,8.61863
0.5,900,150,400,solar_max,0,0.65915,0,1,1,1,1,0.65915,0,5.14056,23665.4,2.92303,2.23314,8.61863
0.5,900,150,500,solar_min,0,0,0,1,1,0,1,0.65935,0,10000,24250,1.53485,115.911,6.99863
0.5,900,150,500,nominal,0.6658,0.6658,0,1,1,1,1,0.6658,1,31.763,23557.2,1.53067,13.195,6.99863
0.5,900,150,500,solar_max,0,0.6651,0,1,1,1,1,0.6651,0,5.14056,23408.2,1.53184,2.23314,6.99863
0.5,900,150,619,solar_min,0,0,0,1,1,0,1,0.6597,0,10000,23914.1,0.844221,115.911,5.77491
0.5,900,150,619,nominal,0.65725,0.65725,0,1,1,1,1,0.65725,1,31.763,23948,0.839304,13.195,5.77491
0.5,900,150,619,solar_max,0,0.6622,0,1,1,1,1,0.6622,0,5.14056,23823.5,0.844262,2.23314,5.77491
0.5,900,150,800,solar_min,0,0,0,0.9996,1,0,0.9996,0.6604,0,10000,24171.5,0.423628,115.911,4.64462
0.5,900,150,800,nominal,0.6594,0.6594,0,0.9995,1,1,0.9995,0.65975,1,31.763,24288.8,0.421443,13.195,4.64462
0.5,900,150,800,solar_max,0,0.658,0,0.9994,1,1,0.9994,0.65845,0,5.14056,23589.9,0.422341,2.23314,4.64462
0.5,900,150,1000,solar_min,0,0,0,0.96305,1,0,0.96305,0.65805,0,10000,24210.9,0.23823,115.911,3.9048
0.5,900,150,1000,nominal,0.62965,0.62965,0,0.9605,1,1,0.9605,0.6556,1,31.763,23808.7,0.238212,13.195,3.9048
0.5,900,150,1000,solar_max,0,0.6386,0,0.96295,1,1,0.96295,0.6647,0,5.14056,23298.8,0.238698,2.23314,3.9048
0.5,900,200,400,solar_min,0,0,0,1,1,0,1,0.6635,0,10000,23887.9,3.897,87.5406,8.61863
0.5,900,200,400,nominal,0.66355,0.66355,0,1,1,1,1,0.66355,1,31.763,24345.9,3.89714,9.09243,8.61863
0.5,900,200,400,solar_max,0,0.6639,0,1,1,1,1,0.6639,0,5.14056,23432.5,3.88315,1.6083,8.61863
0.5,900,200,500,solar_min,0,0,0,1,1,0,1,0.6634,0,10000,23590.7,2.05049,87.5406,6.99863
0.5,900,200,500,nominal,0.6561,0.6561,0,1,1,1,1,0.6561,1,31.763,24057.5,2.06298,9.09243,6.99863
0.5,900,200,500,solar_max,0,0.66025,0,1,1,1,1,0.66025,0,5.14056,24423.2,2.04772,1.6083,6.99863
0.5,900,200,619,solar_min,0,0,0,0.998,1,0,0.998,0.66025,0,10000,23743.2,1.13379,87.5406,5.77491
0.5,900,200,619,nominal,0.6628,0.6628,0,0.9977,1,1,0.9977,0.66425,1,31.763,23314.9,1.13286,9.09243,5.77491
0.5,900,200,619,solar_max,0,0.6606,0,0.99765,1,1,0.99765,0.6624,0,5.14056,24029.3,1.13063,1.6083,5.77491
0.5,900,200,800,solar_min,0,0,0,0.93425,1,0,0.93425,0.66995,0,10000,22994.9,0.56697,87.5406,4.64462
0.5,900,200,800,nominal,0.61835,0.61835,0,0.93425,1,1,0.93425,0.66125,1,31.763,24326.4,0.565676,9.09243,4.64462
0.5,900,200,800,solar_max,0,0.61315,0,0.9336,1,1,0.9336,0.656,0,5.14056,24051,0.566149,1.6083,4.64462
0.5,900,200,1000,solar_min,0,0,0,0.78635,1,0,0.78635,0.65505,0,10000,24367.3,0.318937,87.5406,3.9048
0.5,900,200,1000,nominal,0.51985,0.51985,0,0.78425,1,1,0.78425,0.66195,1,31.763,23885.5,0.31903,9.09243,3.9048
0.5,900,200,1000,solar_max,0,0.51515,0,0.7796,1,1,0.7796,0.6594,0,5.14056,23432.8,0.320291,1.6083,3.9048
0.5,900,250,400,solar_min,0,0,0,1,1,0,1,0.6638,0,10000,23547.7,4.87908,62.1789,8.61863
0.5,900,250,400,nominal,0.65655,0.65655,0,1,1,1,1,0.65655,1,31.763,24438.9,4.93499,5.9944,8.61863
0.5,900,250,400,solar_max,0,0.6645,0,1,1,1,1,0.6645,0,5.14056,23639.3,4.87563,1.12685,8.61863
0.5,900,250,500,solar_min,0,0,0,0.9968,1,0,0.9968,0.6632,0,10000,23858.7,2.57576,62.1789,6.99863
0.5,900,250,500,nominal,0.66045,0.66045,0,0.99615,1,1,0.99615,0.6631,1,31.763,23557,2.57631,5.9944,6.99863
0.5,900,250,500,solar_max,0,0.6608,0,0.9966,1,1,0.9966,0.66305,0,5.14056,23639.9,2.5592,1.12685,6.99863
0.5,900,250,619,solar_min,0,0,0,0.9467,1,0,0.9467,0.6608,0,10000,24411.2,1.41914,62.1789,5.77491
0.5,900,250,619,nominal,0.6254,0.6254,0,0.94665,1,1,0.94665,0.65935,1,31.763,24066.5,1.41652,5.9944,5.77491
0.5,900,250,619,solar_max,0,0.6247,0,0.9462,1,1,0.9462,0.6602,0,5.14056,23816.3,1.42056,1.12685,5.77491
0.5,900,250,800,solar_min,0,0,0,0.7835,1,0,0.7835,0.661,0,10000,23848.1,0.707989,62.1789,4.64462
0.5,900,250,800,nominal,0.51875,0.51875,0,0.7789,1,1,0.7789,0.66315,1,31.763,23469.8,0.711407,5.9944,4.64462
0.5,900,250,800,solar_max,0,0.51835,0,0.7835,1,1,0.7835,0.6641,0,5.14056,23581.1,0.708551,1.12685,4.64462
0.5,900,250,1000,solar_min,0,0,0,0.55685,1,0,0.55685,0.66075,0,10000,23360,0.401817,62.1789,3.9048
0.5,900,250,1000,nominal,0.37275,0.37275,0,0.5599,1,1,0.5599,0.66505,1,31.763,23619.6,0.400752,5.9944,3.9048
0.5,900,250,1000,solar_max,0,0.36645,0,0.55525,1,1,0.55525,0.66225,0,5.14056,23997.1,0.402294,1.12685,3.9048
0.5,1000,150,400,solar_min,0,0,0,1,1,0,1,0.667,0,10000,22991.5,2.86487,10000,8.61863
0.5,1000,150,400,nominal,0,0,0,1,1,0,1,0.66355,0,75.6186,23834,2.84742,37.2702,8.61863
0.5,1000,150,400,solar_max,0,0.6646,0,1,1,1,1,0.6646,0,13.0148,23321.6,2.84845,6.09229,8.61863
0.5,1000,150,500,solar_min,0,0,0,1,1,0,1,0.6585,0,10000,23571.2,1.51478,10000,6.99863
0.5,1000,150,500,nominal,0,0,0,1,1,0,1,0.6604,0,75.6186,24501.3,1.50426,37.2702,6.99863
0.5,1000,150,500,solar_max,0,0.6586,0,1,1,1,1,0.6586,0,13.0148,23709,1.50749,6.09229,6.99863
0.5,1000,150,619,solar_min,0,0,0,1,1,0,1,0.6628,0,10000,23835.1,0.829453,10000,5.77491
0.5,1000,150,619,nominal,0,0,0,1,1,0,1,0.65705,0,75.6186,24594.6,0.822378,37.2702,5.77491
0.5,1000,150,619,solar_max,0,0.6646,0,1,1,1,1,0.6646,0,13.0148,23255.6,0.828074,6.09229,5.77491
0.5,1000,150,800,solar_min,0,0,0,0.99995,1,0,0.99995,0.66035,0,10000,23845.6,0.412968,10000,4.64462
0.5,1000,150,800,nominal,0,0,0,0.9999,1,0,0.9999,0.66205,0,75.6186,23621.6,0.41197,37.2702,4.64462
0.5,1000,150,800,solar_max,0,0.6635,0,0.99985,1,1,0.99985,0.66365,0,13.0148,23670.4,0.41222,6.09229,4.64462
0.5,1000,150,1000,solar_min,0,0,0,0.9674,1,0,0.9674,0.66295,0,10000,24084.9,0.23277,10000,3.9048
0.5,1000,150,1000,nominal,0,0,0,0.9717,1,0,0.9717,0.6589,0,75.6186,23865.8,0.233348,37.2702,3.9048
0.5,1000,150,1000,solar_max,0,0.64305,0,0.97005,1,1,0.97005,0.66385,0,13.0148,23078.4,0.233956,6.09229,3.9048
0.5,1000,200,400,solar_min,0,0,0,1,1,0,1,0.65995,0,10000,23870.6,3.80846,198.762,8.61863
0.5,1000,200,400,nominal,0,0,0,1,1,0,1,0.65665,0,75.6186,24186.5,3.80237,27.4871,8.61863
0.5,1000,200,400,solar_max,0,0.66105,0,1,1,1,1,0.66105,0,13.0148,23723.9,3.8014,4.51507,8.61863
0.5,1000,200,500,solar_min,0,0,0,1,1,0,1,0.66115,0,10000,24166.5,2.01736,198.762,6.99863
0.5,1000,200,500,nominal,0,0,0,1,1,0,1,0.6656,0,75.6186,23483.5,2.02282,27.4871,6.99863
0.5,1000,200,500,solar_max,0,0.65765,0,1,1,1,1,0.65765,0,13.0148,23832.4,2.01643,4.51507,6.99863
0.5,1000,200,619,solar_min,0,0,0,0.99915,1,0,0.99915,0.6592,0,10000,24277.3,1.10152,198.762,5.77491
0.5,1000,200,619,nominal,0,0,0,0.9987,1,0,0.9987,0.6613,0,75.6186,23262.4,1.10414,27.4871,5.77491
0.5,1000,200,619,solar_max,0,0.65695,0,0.99905,1,1,0.99905,0.6576,0,13.0148,24054.9,1.10539,4.51507,5.77491
0.5,1000,200,800,solar_min,0,0,0,0.9459,1,0,0.9459,0.6663,0,10000,23512.9,0.553818,198.762,4.64462
0.5,1000,200,800,nominal,0,0,0,0.9433,1,0,0.9433,0.6597,0,75.6186,24331.8,0.553284,27.4871,4.64462
0.5,1000,200,800,solar_max,0,0.62605,0,0.947,1,1,0.947,0.6608,0,13.0148,23561.6,0.554734,4.51507,4.64462
0.5,1000,200,1000,solar_min,0,0,0,0.80335,1,0,0.80335,0.6613,0,10000,23687.9,0.312421,198.762,3.9048
0.5,1000,200,1000,nominal,0,0,0,0.80155,1,0,0.80155,0.65195,0,75.6186,24369.8,0.313386,27.4871,3.9048
0.5,1000,200,1000,solar_max,0,0.5234,0,0.79705,1,1,0.79705,0.65565,0,13.0148,24378.5,0.314801,4.51507,3.9048
0.5,1000,250,400,solar_min,0,0,0,1,1,0,1,0.6608,0,10000,23950.4,4.77935,156.826,8.61863
0.5,1000,250,400,nominal,0.65925,0.65925,0,1,1,1,1,0.65925,1,75.6186,24017.1,4.77756,19.4427,8.61863
0.5,1000,250,400,solar_max,0,0.6579,0,1,1,1,1,0.6579,0,13.0148,23666.4,4.79664,3.26278,8.61863
0.5,1000,250,500,solar_min,0,0,0,0.9984,1,0,0.9984,0.65335,0,10000,24349.3,2.52119,156.826,6.99863
0.5,1000,250,500,nominal,0.65985,0.65985,0,0.99765,1,1,0.99765,0.66165,1,75.6186,23510.3,2.53598,19.4427,6.99863
0.5,1000,250,500,solar_max,0,0.65775,0,0.99795,1,1,0.99795,0.65925,0,13.0148,23748.4,2.52412,3.26278,6.99863
0.5,1000,250,619,solar_min,0,0,0,0.9547,1,0,0.9547,0.65515,0,10000,24007.5,1.38563,156.826,5.77491
0.5,1000,250,619,nominal,0.63205,0.63205,0,0.9553,1,1,0.9553,0.66165,1,75.6186,23517.6,1.3829,19.4427,5.77491
0.5,1000,250,619,solar_max,0,0.6333,0,0.9552,1,1,0.9552,0.6617,0,13.0148,23910.1,1.39298,3.26278,5.77491
0.5,1000,250,800,solar_min,0,0,0,0.79505,1,0,0.79505,0.6576,0,10000,23877.6,0.69766,156.826,4.64462
0.5,1000,250,800,nominal,0.5328,0.5328,0,0.8021,1,1,0.8021,0.6652,1,75.6186,23596.5,0.694641,19.4427,4.64462
0.5,1000,250,800,solar_max,0,0.52785,0,0.7974,1,1,0.7974,0.66315,0,13.0148,23319.5,0.693993,3.26278,4.64462
0.5,1000,250,1000,solar_min,0,0,0,0.5837,1,0,0.5837,0.6598,0,10000,24444.1,0.395063,156.826,3.9048
0.5,1000,250,1000,nominal,0.37765,0.37765,0,0.5746,1,1,0.5746,0.6599,1,75.6186,23812.2,0.394105,19.4427,3.9048
0.5,1000,250,1000,solar_max,0,0.38905,0,0.58365,1,1,0.58365,0.6667,0,13.0148,23436.1,0.392813,3.26278,3.9048
0.5,1100,150,400,solar_min,0,0,0,1,1,0,1,0.65995,0,10000,23575.9,2.76948,10000,8.61863
0.5,1100,150,400,nominal,0,0,0,1,1,0,1,0.66015,0,151.884,23989.2,2.78184,86.7232,8.61863
0.5,1100,150,400,solar_max,0.65835,0.65835,0,1,1,1,1,0.65835,1,29.9742,23802.6,2.76911,15.2409,8.61863
0.5,1100,150,500,solar_min,0,0,0,1,1,0,1,0.66355,0,10000,23610.6,1.46561,10000,6.99863
0.5,1100,150,500,nominal,0,0,0,1,1,0,1,0.65855,0,151.884,23989.2,1.46844,86.7232,6.99863
0.5,1100,150,500,solar_max,0.65895,0.65895,0,1,1,1,1,0.65895,1,29.9742,23983.2,1.46887,15.2409,6.99863
0.5,1100,150,619,solar_min,0,0,0,1,1,0,1,0.65725,0,10000,24126.8,0.809099,10000,5.77491
0.5,1100,150,619,nominal,0,0,0,1,1,0,1,0.6589,0,151.884,23903.4,0.809861,86.7232,5.77491
0.5,1100,150,619,solar_max,0.6565,0.6565,0,1,1,1,1,0.6565,1,29.9742,24238.1,0.809696,15.2409,5.77491
0.5,1100,150,800,solar_min,0,0,0,1,1,0,1,0.6608,0,10000,24354.4,0.404585,10000,4.64462
0.5,1100,150,800,nominal,0,0,0,1,1,0,1,0.65955,0,151.884,23708.4,0.403629,86.7232,4.64462
0.5,1100,150,800,solar_max,0.6638,0.6638,0,1,1,1,1,0.6638,1,29.9742,23416.4,0.404603,15.2409,4.64462
0.5,1100,150,1000,solar_min,0,0,0,0.9728,1,0,0.9728,0.66125,0,10000,23345.9,0.230006,10000,3.9048
0.5,1100,150,1000,nominal,0,0,0,0.9723,1,0,0.9723,0.6606,0,151.884,23845.8,0.229048,86.7232,3.9048
0.5,1100,150,1000,solar_max,0.64265,0.64265,0,0.9761,1,1,0.9761,0.6578,1,29.9742,23787,0.228776,15.2409,3.9048
0.5,1100,200,400,solar_min,0,0,0,1,1,0,1,0.6639,0,10000,23925.8,3.73849,10000,8.61863
0.5,1100,200,400,nominal,0,0,0,1,1,0,1,0.66495,0,151.884,23519.5,3.71892,68.3034,8.61863
0.5,1100,200,400,solar_max,0.66435,0.66435,0,1,1,1,1,0.66435,1,29.9742,23180.2,3.73506,11.6459,8.61863
0.5,1100,200,500,solar_min,0,0,0,1,1,0,1,0.65805,0,10000,23802,1.96538,10000,6.99863
0.5,1100,200,500,nominal,0,0,0,1,1,0,1,0.66065,0,151.884,23846.8,1.96433,68.3034,6.99863
0.5,1100,200,500,solar_max,0.66005,0.66005,0,1,1,1,1,0.66005,1,29.9742,24548.9,1.96187,11.6459,6.99863
0.5,1100,200,619,solar_min,0,0,0,0.9998,1,0,0.9998,0.6613,0,10000,23754.7,1.08263,10000,5.77491
0.5,1100,200,619,nominal,0,0,0,0.99975,1,0,0.99975,0.6621,0,151.884,23827,1.0856,68.3034,5.77491
0.5,1100,200,619,solar_max,0.66595,0.66595,0,0.9998,1,1,0.9998,0.66615,1,29.9742,22978.8,1.08024,11.6459,5.77491
0.5,1100,200,800,solar_min,0,0,0,0.95115,1,0,0.95115,0.66165,0,10000,23901.8,0.543345,10000,4.64462
0.5,1100,200,800,nominal,0,0,0,0.95155,1,0,0.95155,0.6633,0,151.884,23835.1,0.543593,68.3034,4.64462
0.5,1100,200,800,solar_max,0.629,0.629,0,0.9516,1,1,0.9516,0.6595,1,29.9742,23987.7,0.542485,11.6459,4.64462
0.5,1100,200,1000,solar_min,0,0,0,0.8195,1,0,0.8195,0.6689,0,10000,23214.5,0.306385,10000,3.9048
0.5,1100,200,1000,nominal,0,0,0,0.8229,1,0,0.8229,0.66855,0,151.884,23189.6,0.306594,68.3034,3.9048
0.5,1100,200,1000,solar_max,0.5446,0.5446,0,0.81905,1,1,0.81905,0.66385,1,29.9742,23844.3,0.308818,11.6459,3.9048
0.5,1100,250,400,solar_min,0,0,0,1,1,0,1,0.6642,0,10000,23777.3,4.71142,10000,8.61863
0.5,1100,250,400,nominal,0,0,0,1,1,0,1,0.6641,0,151.884,23512.1,4.66683,51.9764,8.61863
0.5,1100,250,400,solar_max,0.65605,0.65605,0,1,1,1,1,0.65605,1,29.9742,23622.4,4.69209,8.68822,8.61863
0.5,1100,250,500,solar_min,0,0,0,0.9994,1,0,0.9994,0.65395,0,10000,24345.9,2.46732,10000,6.99863
0.5,1100,250,500,nominal,0,0,0,0.99925,1,0,0.99925,0.6585,0,151.884,24365,2.47018,51.9764,6.99863
0.5,1100,250,500,solar_max,0.66,0.66,0,0.99945,1,1,0.99945,0.66045,1,29.9742,23398.7,2.4811,8.68822,6.99863
0.5,1100,250,619,solar_min,0,0,0,0.96495,1,0,0.96495,0.6567,0,10000,24333.3,1.3639,10000,5.77491
0.5,1100,250,619,nominal,0,0,0,0.96115,1,0,0.96115,0.6652,0,151.884,23695.8,1.35697,51.9764,5.77491
0.5,1100,250,619,solar_max,0.6388,0.6388,0,0.96395,1,1,0.96395,0.6632,1,29.9742,23932.3,1.35647,8.68822,5.77491
0.5,1100,250,800,solar_min,0,0,0,0.81985,1,0,0.81985,0.6705,0,10000,23274.5,0.677447,10000,4.64462
0.5,1100,250,800,nominal,0,0,0,0.81775,1,0,0.81775,0.65975,0,151.884,23902,0.682226,51.9764,4.64462
0.5,1100,250,800,solar_max,0.53665,0.53665,0,0.8193,1,1,0.8193,0.6551,1,29.9742,24140.2,0.679939,8.68822,4.64462
0.5,1100,250,1000,solar_min,0,0,0,0.6055,1,0,0.6055,0.6589,0,10000,23976.6,0.383076,10000,3.9048
0.5,1100,250,1000,nominal,0,0,0,0.6016,1,0,0.6016,0.6578,0,151.884,23951.3,0.38605,51.9764,3.9048
0.5,1100,250,1000,solar_max,0.39445,0.39445,0,0.59855,1,1,0.59855,0.6583,1,29.9742,24034.1,0.385347,8.68822,3.9048
0.5,1200,150,400,solar_min,0,0,0,1,1,0,1,0.6583,0,10000,24402.1,2.73742,10000,8.61863
0.5,1200,150,400,nominal,0,0,0,1,1,0,1,0.66235,0,10000,23756.1,2.73364,170.873,8.61863
0.5,1200,150,400,solar_max,0,0,0,1,1,0,1,0.6566,0,62.2692,23939,2.72998,34.6006,8.61863
0.5,1200,150,500,solar_min,0,0,0,1,1,0,1,0.66095,0,10000,24082.5,1.44258,10000,6.99863
0.5,1200,150,500,nominal,0,0,0,1,1,0,1,0.6598,0,10000,23953.8,1.4439,170.873,6.99863
0.5,1200,150,500,solar_max,0,0,0,1,1,0,1,0.66595,0,62.2692,23481.5,1.43652,34.6006,6.99863
0.5,1200,150,619,solar_min,0,0,0,1,1,0,1,0.66065,0,10000,23786.6,0.795892,10000,5.77491
0.5,1200,150,619,nominal,0,0,0,1,1,0,1,0.65985,0,10000,23663,0.793376,170.873,5.77491
0.5,1200,150,619,solar_max,0,0,0,1,1,0,1,0.6559,0,62.2692,24286.7,0.788268,34.6006,5.77491
0.5,1200,150,800,solar_min,0,0,0,1,1,0,1,0.66365,0,10000,23744.7,0.396701,10000,4.64462
0.5,1200,150,800,nominal,0,0,0,1,1,0,1,0.6662,0,10000,23810.5,0.396703,170.873,4.64462
0.5,1200,150,800,solar_max,0,0,0,1,1,0,1,0.6681,0,62.2692,23422,0.395656,34.6006,4.64462
0.5,1200,150,1000,solar_min,0,0,0,0.9803,1,0,0.9803,0.66275,0,10000,24087.7,0.224477,10000,3.9048
0.5,1200,150,1000,nominal,0,0,0,0.97875,1,0,0.97875,0.6653,0,10000,23421.3,0.223742,170.873,3.9048
0.5,1200,150,1000,solar_max,0,0,0,0.9803,1,0,0.9803,0.66235,0,62.2692,23415.6,0.223628,34.6006,3.9048
0.5,1200,200,400,solar_min,0,0,0,1,1,0,1,0.66515,0,10000,23209,3.66995,10000,8.61863
0.5,1200,200,400,nominal,0,0,0,1,1,0,1,0.66075,0,10000,23931.1,3.66848,141.759,8.61863
0.5,1200,200,400,solar_max,0,0,0,1,1,0,1,0.66245,0,62.2692,23451.1,3.66345,27.3383,8.61863
0.5,1200,200,500,solar_min,0,0,0,1,1,0,1,0.65765,0,10000,23988.6,1.92809,10000,6.99863
0.5,1200,200,500,nominal,0,0,0,1,1,0,1,0.6582,0,10000,24106.4,1.92542,141.759,6.99863
0.5,1200,200,500,solar_max,0,0,0,1,1,0,1,0.65915,0,62.2692,24316.6,1.9292,27.3383,6.99863
0.5,1200,200,619,solar_min,0,0,0,0.99995,1,0,0.99995,0.65705,0,10000,23811.4,1.05592,10000,5.77491
0.5,1200,200,619,nominal,0,0,0,0.99995,1,0,0.99995,0.66225,0,10000,23927.4,1.06048,141.759,5.77491
0.5,1200,200,619,solar_max,0,0,0,1,1,0,1,0.66295,0,62.2692,23707.8,1.06757,27.3383,5.77491
0.5,1200,200,800,solar_min,0,0,0,0.9596,1,0,0.9596,0.6583,0,10000,24461.5,0.532483,10000,4.64462
0.5,1200,200,800,nominal,0,0,0,0.9594,1,0,0.9594,0.6643,0,10000,23492.1,0.530036,141.759,4.64462
0.5,1200,200,800,solar_max,0,0,0,0.9614,1,0,0.9614,0.6625,0,62.2692,23805.2,0.529902,27.3383,4.64462
0.5,1200,200,1000,solar_min,0,0,0,0.8374,1,0,0.8374,0.66295,0,10000,23635.5,0.299768,10000,3.9048
0.5,1200,200,1000,nominal,0,0,0,0.83515,1,0,0.83515,0.66075,0,10000,23516.6,0.300802,141.759,3.9048
0.5,1200,200,1000,solar_max,0,0,0,0.8349,1,0,0.8349,0.66215,0,62.2692,23587.3,0.300236,27.3383,3.9048
0.5,1200,250,400,solar_min,0,0,0,1,1,0,1,0.6622,0,10000,23947,4.59713,10000,8.61863
0.5,1200,250,400,nominal,0,0,0,1,1,0,1,0.6653,0,10000,23419.9,4.5759,114.725,8.61863
0.5,1200,250,400,solar_max,0.66445,0.66445,0,1,1,1,1,0.66445,1,62.2692,24034.5,4.59726,21.1175,8.61863
0.5,1200,250,500,solar_min,0,0,0,0.99955,1,0,0.99955,0.66,0,10000,24306.3,2.42841,10000,6.99863
0.5,1200,250,500,nominal,0,0,0,0.9996,1,0,0.9996,0.65875,0,10000,24247.4,2.41908,114.725,6.99863
0.5,1200,250,500,solar_max,0.66395,0.66395,0,0.99965,1,1,0.99965,0.6641,1,62.2692,23687.3,2.41752,21.1175,6.99863
0.5,1200,250,619,solar_min,0,0,0,0.9684,1,0,0.9684,0.66005,0,10000,23944.1,1.33193,10000,5.77491
0.5,1200,250,619,nominal,0,0,0,0.96925,1,0,0.96925,0.6644,0,10000,23760.7,1.33948,114.725,5.77491
0.5,1200,250,619,solar_max,0.64155,0.64155,0,0.96935,1,1,0.96935,0.66245,1,62.2692,23519.9,1.33512,21.1175,5.77491
0.5,1200,250,800,solar_min,0,0,0,0.83575,1,0,0.83575,0.662,0,10000,23666.7,0.664725,10000,4.64462
0.5,1200,250,800,nominal,0,0,0,0.82995,1,0,0.82995,0.6554,0,10000,24156.4,0.666865,114.725,4.64462
0.5,1200,250,800,solar_max,0.54995,0.54995,0,0.8322,1,1,0.8322,0.6613,1,62.2692,23610.9,0.665456,21.1175,4.64462
0.5,1200,250,1000,solar_min,0,0,0,0.62785,1,0,0.62785,0.66405,0,10000,23548,0.376196,10000,3.9048
0.5,1200,250,1000,nominal,0,0,0,0.62175,1,0,0.62175,0.66365,0,10000,23933.4,0.378182,114.725,3.9048
0.5,1200,250,1000,solar_max,0.40885,0.40885,0,0.61895,1,1,0.61895,0.66025,1,62.2692,24278.9,0.380127,21.1175,3.9048
1,400,150,400,solar_min,0,0.65295,0,1,1,1,1,0.65295,0,0.290574,24567.4,6.49094,0.0251787,8.61863
1,400,150,400,nominal,0,0.65845,0,1,1,1,1,0.65845,0,0.0624484,24387.9,6.49006,0.00985503,8.61863
1,400,150,400,solar_max,0,0.66045,0,1,1,1,1,0.66045,0,0.0245183,23683.2,6.49107,0.00518621,8.61863
1,400,150,500,solar_min,0,0.6631,0,1,1,1,1,0.6631,0,0.290574,23984.4,3.39682,0.0251787,6.99863
1,400,150,500,nominal,0,0.66025,0,1,1,1,1,0.66025,0,0.0624484,23961.9,3.41337,0.00985503,6.99863
1,400,150,500,solar_max,0,0.6608,0,1,1,1,1,0.6608,0,0.0245183,23912.3,3.41127,0.00518621,6.99863
1,400,150,619,solar_min,0,0.6638,0,1,1,1,1,0.6638,0,0.290574,23438.8,1.88385,0.0251787,5.77491
1,400,150,619,nominal,0,0.6643,0,1,1,1,1,0.6643,0,0.0624484,23943.6,1.87673,0.00985503,5.77491
1,400,150,619,solar_max,0,0.65315,0,1,1,1,1,0.65315,0,0.0245183,24361.6,1.87955,0.00518621,5.77491
1,400,150,800,solar_min,0,0.65525,0,0.98835,1,1,0.98835,0.662,0,0.290574,23760.6,0.939379,0.0251787,4.64462
1,400,150,800,nominal,0,0.65995,0,0.98875,1,1,0.98875,0.66775,0,0.0624484,23357.5,0.94706,0.00985503,4.64462
1,400,150,800,solar_max,0,0.6537,0,0.98955,1,1,0.98955,0.6599,0,0.0245183,24341.1,0.938558,0.00518621,4.64462
1,400,150,1000,solar_min,0,0.6036,0,0.9157,1,1,0.9157,0.6594,0,0.290574,23699.7,0.531438,0.0251787,3.9048
1,400,150,1000,nominal,0,0.605,0,0.91545,1,1,0.91545,0.66255,0,0.0624484,23987.8,0.532654,0.00985503,3.9048
1,400,150,1000,solar_max,0,0.6052,0,0.9177,1,1,0.9177,0.6595,0,0.0245183,23863.5,0.531812,0.00518621,3.9048
1,400,200,400,solar_min,0,0.664,0,1,1,1,1,0.664,0,0.290574,23671.7,8.70908,0.0069931,8.61863
1,400,200,400,nominal,0,0.65665,0,1,1,1,1,0.65665,0,0.0624484,24280,8.62437,0.00373636,8.61863
1,400,200,400,solar_max,0,0.6627,0,1,1,1,1,0.6627,0,0.0245183,23516.2,8.63986,0.00230306,8.61863
1,400,200,500,solar_min,0,0.65795,0,1,1,1,1,0.65795,0,0.290574,23922.4,4.58658,0.0069931,6.99863
1,400,200,500,nominal,0,0.66115,0,1,1,1,1,0.66115,0,0.0624484,23875.8,4.56326,0.00373636,6.99863
1,400,200,500,solar_max,0,0.6655,0,1,1,1,1,0.6655,0,0.0245183,23738.3,4.53475,0.00230306,6.99863
1,400,200,619,solar_min,0,0.65055,0,0.9816,1,1,0.9816,0.66285,0,0.290574,23601.7,2.52172,0.0069931,5.77491
1,400,200,619,nominal,0,0.651,0,0.98265,1,1,0.98265,0.6629,0,0.0624484,23938.7,2.51816,0.00373636,5.77491
1,400,200,619,solar_max,0,0.64845,0,0.98415,1,1,0.98415,0.65805,0,0.0245183,23610.3,2.53176,0.00230306,5.77491
1,400,200,800,solar_min,0,0.57405,0,0.8743,1,1,0.8743,0.65645,0,0.290574,24003.2,1.25727,0.0069931,4.64462
1,400,200,800,nominal,0,0.5738,0,0.87455,1,1,0.87455,0.6555,0,0.0624484,24148.8,1.26135,0.00373636,4.64462
1,400,200,800,solar_max,0,0.5788,0,0.87895,1,1,0.87895,0.6576,0,0.0245183,24343.6,1.25236,0.00230306,4.64462
1,400,200,1000,solar_min,0,0.453,0,0.67985,1,1,0.67985,0.66515,0,0.290574,23629.9,0.714043,0.0069931,3.9048
1,400,200,1000,nominal,0,0.4566,0,0.6882,1,1,0.6882,0.6598,0,0.0624484,24462.7,0.708548,0.00373636,3.9048
1,400,200,1000,solar_max,0,0.45605,0,0.6877,1,1,0.6877,0.6631,0,0.0245183,23353.6,0.711801,0.00230306,3.9048
1,400,250,400,solar_min,0,0.66355,0,1,1,1,1,0.66355,0,0.290574,23917.2,10.9055,0.00111787,8.61863
1,400,250,400,nominal,0,0.66145,0,1,1,1,1,0.66145,0,0.0624484,24117.2,10.8647,0.000841538,8.61863
1,400,250,400,solar_max,0,0.6594,0,1,1,1,1,0.6594,0,0.0245183,24459.8,10.8886,0.000637479,8.61863
1,400,250,500,solar_min,0,0.6516,0,0.9808,1,1,0.9808,0.6643,0,0.290574,23489.8,5.70052,0.00111787,6.99863
1,400,250,500,nominal,0,0.64985,0,0.97985,1,1,0.97985,0.6636,0,0.0624484,23530.1,5.7561,0.000841538,6.99863
1,400,250,500,solar_max,0,0.6464,0,0.9808,1,1,0.9808,0.65915,0,0.0245183,24220,5.73276,0.000637479,6.99863
1,400,250,619,solar_min,0,0.5893,0,0.89225,1,1,0.89225,0.66185,0,0.290574,23485.5,3.15304,0.00111787,5.77491
1,400,250,619,nominal,0,0.59005,0,0.89455,1,1,0.89455,0.65905,0,0.0624484,24089.3,3.15927,0.000841538,5.77491
1,400,250,619,solar_max,0,0.596,0,0.89495,1,1,0.89495,0.66515,0,0.0245183,23500.6,3.16055,0.000637479,5.77491
1,400,250,800,solar_min,0,0.45045,0,0.68205,1,1,0.68205,0.65935,0,0.290574,23635.5,1.57566,0.00111787,4.64462
1,400,250,800,nominal,0,0.44915,0,0.6796,1,1,0.6796,0.65995,0,0.0624484,24011.6,1.58237,0.000841538,4.64462
1,400,250,800,solar_max,0,0.44635,0,0.6755,1,1,0.6755,0.66195,0,0.0245183,23930,1.5809,0.000637479,4.64462
1,400,250,1000,solar_min,0,0.2821,0,0.4326,1,1,0.4326,0.65775,0,0.290574,23694.7,0.894242,0.00111787,3.9048
1,400,250,1000,nominal,0,0.28075,0,0.42625,1,1,0.42625,0.66085,0,0.0624484,23749.1,0.895156,0.000841538,3.9048
1,400,250,1000,solar_max,0,0.28545,0,0.42945,1,1,0.42945,0.66475,0,0.0245183,23407.8,0.894829,0.000637479,3.9048
1,500,150,400,solar_min,0,0.66145,0,1,1,1,1,0.66145,0,2.64498,23981.8,6.33641,0.357118,8.61863
1,500,150,400,nominal,0,0.65815,0,1,1,1,1,0.65815,0,0.346035,24311.4,6.35658,0.0777098,8.61863
1,500,150,400,solar_max,0,0.66075,0,1,1,1,1,0.66075,0,0.105603,23954,6.32743,0.0303322,8.61863
1,500,150,500,solar_min,0,0.6681,0,1,1,1,1,0.6681,0,2.64498,23305.9,3.33025,0.357118,6.99863
1,500,150,500,nominal,0,0.66015,0,1,1,1,1,0.66015,0,0.346035,23986.1,3.35564,0.0777098,6.99863
1,500,150,500,solar_max,0,0.65755,0,1,1,1,1,0.65755,0,0.105603,24470.8,3.35678,0.0303322,6.99863
1,500,150,619,solar_min,0,0.66735,0,1,1,1,1,0.66735,0,2.64498,23494.1,1.83147,0.357118,5.77491
1,500,150,619,nominal,0,0.66325,0,1,1,1,1,0.66325,0,0.346035,24029.9,1.83441,0.0777098,5.77491
1,500,150,619,solar_max,0,0.6605,0,1,1,1,1,0.6605,0,0.105603,23302.2,1.83192,0.0303322,5.77491
1,500,150,800,solar_min,0,0.655,0,0.99325,1,1,0.99325,0.65915,0,2.64498,23937,0.922513,0.357118,4.64462
1,500,150,800,nominal,0,0.65575,0,0.99395,1,1,0.99395,0.6596,0,0.346035,24090,0.923695,0.0777098,4.64462
1,500,150,800,solar_max,0,0.6548,0,0.9924,1,1,0.9924,0.65995,0,0.105603,23427.1,0.916391,0.0303322,4.64462
1,500,150,1000,solar_min,0,0.6134,0,0.92445,1,1,0.92445,0.6648,0,2.64498,23692.3,0.518866,0.357118,3.9048
1,500,150,1000,nominal,0,0.60675,0,0.92395,1,1,0.92395,0.657,0,0.346035,24044,0.521835,0.0777098,3.9048
1,500,150,1000,solar_max,0,0.61935,0,0.92845,1,1,0.92845,0.667,0,0.105603,23254.1,0.519562,0.0303322,3.9048
1,500,200,400,solar_min,0,0.65935,0,1,1,1,1,0.65935,0,2.64498,24492.5,8.47125,0.143067,8.61863
1,500,200,400,nominal,0,0.66135,0,1,1,1,1,0.66135,0,0.346035,23951.5,8.49931,0.0397985,8.61863
1,500,200,400,solar_max,0,0.6636,0,1,1,1,1,0.6636,0,0.105603,23874.7,8.47277,0.0174661,8.61863
1,500,200,500,solar_min,0,0.66075,0,1,1,1,1,0.66075,0,2.64498,24061.5,4.46206,0.143067,6.99863
1,500,200,500,nominal,0,0.66625,0,1,1,1,1,0.66625,0,0.346035,22954.6,4.45616,0.0397985,6.99863
1,500,200,500,solar_max,0,0.66095,0,1,1,1,1,0.66095,0,0.105603,23937.2,4.45941,0.0174661,6.99863
1,500,200,619,solar_min,0,0.65495,0,0.98685,1,1,0.98685,0.66385,0,2.64498,23549.3,2.46319,0.143067,5.77491
1,500,200,619,nominal,0,0.65045,0,0.9863,1,1,0.9863,0.6595,0,0.346035,23866.4,2.46368,0.0397985,5.77491
1,500,200,619,solar_max,0,0.6518,0,0.987,1,1,0.987,0.66,0,0.105603,24096.1,2.46159,0.0174661,5.77491
1,500,200,800,solar_min,0,0.5908,0,0.89325,1,1,0.89325,0.6606,0,2.64498,23764.2,1.22657,0.143067,4.64462
1,500,200,800,nominal,0,0.58775,0,0.88945,1,1,0.88945,0.66115,0,0.346035,24039.1,1.2288,0.0397985,4.64462
1,500,200,800,solar_max,0,0.594,0,0.8899,1,1,0.8899,0.6663,0,0.105603,23426.6,1.2252,0.0174661,4.64462
1,500,200,1000,solar_min,0,0.4673,0,0.70535,1,1,0.70535,0.65815,0,2.64498,24314.4,0.697624,0.143067,3.9048
1,500,200,1000,nominal,0,0.46495,0,0.70215,1,1,0.70215,0.6608,0,0.346035,23907.6,0.696249,0.0397985,3.9048
1,500,200,1000,solar_max,0,0.46285,0,0.7012,1,1,0.7012,0.65965,0,0.105603,23887.9,0.697816,0.0174661,3.9048
1,500,250,400,solar_min,0,0.6702,0,1,1,1,1,0.6702,0,2.64498,22974.8,10.6538,0.0478224,8.61863
1,500,250,400,nominal,0,0.65645,0,1,1,1,1,0.65645,0,0.346035,24411.7,10.6934,0.0177723,8.61863
1,500,250,400,solar_max,0,0.6648,0,1,1,1,1,0.6648,0,0.105603,24002.4,10.6367,0.00899508,8.61863
1,500,250,500,solar_min,0,0.6487,0,0.98405,1,1,0.98405,0.6596,0,2.64498,24267.6,5.60863,0.0478224,6.99863
1,500,250,500,nominal,0,0.6495,0,0.98345,1,1,0.98345,0.6609,0,0.346035,23968.9,5.63401,0.0177723,6.99863
1,500,250,500,solar_max,0,0.6551,0,0.98375,1,1,0.98375,0.666,0,0.105603,23068.9,5.60045,0.00899508,6.99863
1,500,250,619,solar_min,0,0.60285,0,0.90625,1,1,0.90625,0.66325,0,2.64498,23841.3,3.08738,0.0478224,5.77491
1,500,250,619,nominal,0,0.5976,0,0.9061,1,1,0.9061,0.6616,0,0.346035,23685,3.09891,0.0177723,5.77491
1,500,250,619,solar_max,0,0.5984,0,0.90435,1,1,0.90435,0.6616,0,0.105603,23964.3,3.09055,0.00899508,5.77491
1,500,250,800,solar_min,0,0.4648,0,0.70335,1,1,0.70335,0.6638,0,2.64498,23455.2,1.55052,0.0478224,4.64462
1,500,250,800,nominal,0,0.46475,0,0.7009,1,1,0.7009,0.6613,0,0.346035,23940.8,1.54981,0.0177723,4.64462
1,500,250,800,solar_max,0,0.4643,0,0.70155,1,1,0.70155,0.6589,0,0.105603,23865.2,1.54458,0.00899508,4.64462
1,500,250,1000,solar_min,0,0.3011,0,0.4557,1,1,0.4557,0.66365,0,2.64498,23531.1,0.875707,0.0478224,3.9048
1,500,250,1000,nominal,0,0.30645,0,0.4587,1,1,0.4587,0.6687,0,0.346035,22887.7,0.879081,0.0177723,3.9048
1,500,250,1000,solar_max,0,0.30065,0,0.4572,1,1,0.4572,0.66175,0,0.105603,23832.2,0.878817,0.00899508,3.9048
1,600,150,400,solar_min,0,0.66555,0,1,1,1,1,0.66555,0,17.203,23233,6.1554,3.26861,8.61863
1,600,150,400,nominal,0,0.65875,0,1,1,1,1,0.65875,0,1.5928,23624.8,6.19182,0.429594,8.61863
1,600,150,400,solar_max,0,0.663,0,1,1,1,1,0.663,0,0.384298,23207.5,6.23866,0.129573,8.61863
1,600,150,500,solar_min,0,0.6578,0,1,1,1,1,0.6578,0,17.203,24508.5,3.28056,3.26861,6.99863
1,600,150,500,nominal,0,0.65665,0,1,1,1,1,0.65665,0,1.5928,24514.1,3.27741,0.429594,6.99863
1,600,150,500,solar_max,0,0.65975,0,1,1,1,1,0.65975,0,0.384298,24098.6,3.27186,0.129573,6.99863
1,600,150,619,solar_min,0,0.66455,0,1,1,1,1,0.66455,0,17.203,23504.9,1.79071,3.26861,5.77491
1,600,150,619,nominal,0,0.6636,0,1,1,1,1,0.6636,0,1.5928,23690.5,1.79792,0.429594,5.77491
1,600,150,619,solar_max,0,0.6602,0,1,1,1,1,0.6602,0,0.384298,24037.8,1.79236,0.129573,5.77491
1,600,150,800,solar_min,0,0.66005,0,0.9956,1,1,0.9956,0.66255,0,17.203,24206.7,0.902701,3.26861,4.64462
1,600,150,800,nominal,0,0.65755,0,0.99555,1,1,0.99555,0.66035,0,1.5928,23629.4,0.899178,0.429594,4.64462
1,600,150,800,solar_max,0,0.65885,0,0.99435,1,1,0.99435,0.66255,0,0.384298,23205.5,0.905149,0.129573,4.64462
1,600,150,1000,solar_min,0,0.6176,0,0.9354,1,1,0.9354,0.6617,0,17.203,23684.2,0.511374,3.26861,3.9048
1,600,150,1000,nominal,0,0.62,0,0.93775,1,1,0.93775,0.66135,0,1.5928,23883.6,0.509163,0.429594,3.9048
1,600,150,1000,solar_max,0,0.61505,0,0.9355,1,1,0.9355,0.6574,0,0.384298,23975.6,0.511717,0.129573,3.9048
1,600,200,400,solar_min,0,0.6543,0,1,1,1,1,0.6543,0,17.203,24484.9,8.35509,1.53668,8.61863
1,600,200,400,nominal,0,0.66005,0,1,1,1,1,0.66005,0,1.5928,24111.8,8.31864,0.247538,8.61863
1,600,200,400,solar_max,0,0.66575,0,1,1,1,1,0.66575,0,0.384298,23746.4,8.30243,0.0824852,8.61863
1,600,200,500,solar_min,0,0.66145,0,1,1,1,1,0.66145,0,17.203,24303.9,4.396,1.53668,6.99863
1,600,200,500,nominal,0,0.66995,0,1,1,1,1,0.66995,0,1.5928,22797.8,4.36991,0.247538,6.99863
1,600,200,500,solar_max,0,0.6621,0,1,1,1,1,0.6621,0,0.384298,23745.2,4.38096,0.0824852,6.99863
1,600,200,619,solar_min,0,0.65725,0,0.99015,1,1,0.99015,0.6637,0,17.203,23573.4,2.41608,1.53668,5.77491
1,600,200,619,nominal,0,0.65945,0,0.9903,1,1,0.9903,0.6661,0,1.5928,23045.8,2.40729,0.247538,5.77491
1,600,200,619,solar_max,0,0.65115,0,0.9916,1,1,0.9916,0.6568,0,0.384298,24613.3,2.40963,0.0824852,5.77491
1,600,200,800,solar_min,0,0.5971,0,0.90275,1,1,0.90275,0.66045,0,17.203,23584.5,1.20528,1.53668,4.64462
1,600,200,800,nominal,0,0.59535,0,0.902,1,1,0.902,0.6599,0,1.5928,24013.8,1.20712,0.247538,4.64462
1,600,200,800,solar_max,0,0.6006,0,0.90345,1,1,0.90345,0.66315,0,0.384298,23805.7,1.20568,0.0824852,4.64462
1,600,200,1000,solar_min,0,0.48075,0,0.7248,1,1,0.7248,0.664,0,17.203,24425.1,0.681954,1.53668,3.9048
1,600,200,1000,nominal,0,0.47745,0,0.72175,1,1,0.72175,0.6632,0,1.5928,23514.5,0.681988,0.247538,3.9048
1,600,200,1000,solar_max,0,0.4825,0,0.7239,1,1,0.7239,0.66245,0,0.384298,23609.2,0.680683,0.0824852,3.9048
1,600,250,400,solar_min,0,0.65975,0,1,1,1,1,0.65975,0,17.203,24010.5,10.4179,0.647862,8.61863
1,600,250,400,nominal,0,0.66955,0,1,1,1,1,0.66955,0,1.5928,23257.7,10.4275,0.132455,8.61863
1,600,250,400,solar_max,0,0.66375,0,1,1,1,1,0.66375,0,0.384298,24142.1,10.3985,0.049458,8.61863
1,600,250,500,solar_min,0,0.65215,0,0.9882,1,1,0.9882,0.6595,0,17.203,24062.4,5.50955,0.647862,6.99863
1,600,250,500,nominal,0,0.65435,0,0.98875,1,1,0.98875,0.6609,0,1.5928,23874.8,5.47766,0.132455,6.99863
1,600,250,500,solar_max,0,0.65825,0,0.98785,1,1,0.98785,0.6661,0,0.384298,23720.7,5.49614,0.049458,6.99863
1,600,250,619,solar_min,0,0.6043,0,0.9188,1,1,0.9188,0.6573,0,17.203,24071.6,3.0163,0.647862,5.77491
1,600,250,619,nominal,0,0.6074,0,0.9187,1,1,0.9187,0.6608,0,1.5928,23996.8,3.0175,0.132455,5.77491
1,600,250,619,solar_max,0,0.60745,0,0.9172,1,1,0.9172,0.6625,0,0.384298,23991.7,3.01958,0.049458,5.77491
1,600,250,800,solar_min,0,0.4711,0,0.71585,1,1,0.71585,0.65885,0,17.203,23640.9,1.52613,0.647862,4.64462
1,600,250,800,nominal,0,0.48565,0,0.72465,1,1,0.72465,0.67045,0,1.5928,23174.8,1.50603,0.132455,4.64462
1,600,250,800,solar_max,0,0.47845,0,0.7236,1,1,0.7236,0.66195,0,0.384298,23477.2,1.51402,0.049458,4.64462
1,600,250,1000,solar_min,0,0.3191,0,0.48235,1,1,0.48235,0.6601,0,17.203,24140.8,0.858647,0.647862,3.9048
1,600,250,1000,nominal,0,0.322,0,0.4851,1,1,0.4851,0.6653,0,1.5928,23543.5,0.857848,0.132455,3.9048
1,600,250,1000,solar_max,0,0.32605,0,0.4875,1,1,0.4875,0.66975,0,0.384298,23149.2,0.854106,0.049458,3.9048
1,700,150,400,solar_min,0.6559,0.6559,0,1,1,1,1,0.6559,1,72.1505,24441,6.07018,20.9486,8.61863
1,700,150,400,nominal,0,0.6599,0,1,1,1,1,0.6599,0,6.37355,23862.6,6.06231,1.96365,8.61863
1,700,150,400,solar_max,0,0.6624,0,1,1,1,1,0.6624,0,1.25076,23679.9,6.04308,0.467523,8.61863
1,700,150,500,solar_min,0.66255,0.66255,0,1,1,1,1,0.66255,1,72.1505,23793.4,3.20102,20.9486,6.99863
1,700,150,500,nominal,0,0.6595,0,1,1,1,1,0.6595,0,6.37355,24385.8,3.19831,1.96365,6.99863
1,700,150,500,solar_max,0,0.65735,0,1,1,1,1,0.65735,0,1.25076,24007.9,3.18358,0.467523,6.99863
1,700,150,619,solar_min,0.6551,0.6551,0,1,1,1,1,0.6551,1,72.1505,24380,1.76034,20.9486,5.77491
1,700,150,619,nominal,0,0.66255,0,1,1,1,1,0.66255,0,6.37355,23688,1.74878,1.96365,5.77491
1,700,150,619,solar_max,0,0.6648,0,1,1,1,1,0.6648,0,1.25076,23577,1.75303,0.467523,5.77491
1,700,150,800,solar_min,0.65615,0.65615,0,0.9974,1,1,0.9974,0.6578,1,72.1505,24274.4,0.880969,20.9486,4.64462
1,700,150,800,nominal,0,0.65625,0,0.9966,1,1,0.9966,0.65865,0,6.37355,23944.7,0.882885,1.96365,4.64462
1,700,150,800,solar_max,0,0.66295,0,0.9971,1,1,0.9971,0.6649,0,1.25076,23811.1,0.881071,0.467523,4.64462
1,700,150,1000,solar_min,0.6225,0.6225,0,0.94635,1,1,0.94635,0.65825,1,72.1505,24235.4,0.496159,20.9486,3.9048
1,700,150,1000,nominal,0,0.62105,0,0.9445,1,1,0.9445,0.6586,0,6.37355,23774.4,0.502812,1.96365,3.9048
1,700,150,1000,solar_max,0,0.6269,0,0.9471,1,1,0.9471,0.6611,0,1.25076,24043.1,0.499769,0.467523,3.9048
1,700,200,400,solar_min,0.6633,0.6633,0,1,1,1,1,0.6633,1,72.1505,23561.4,8.10795,11.4895,8.61863
1,700,200,400,nominal,0,0.66715,0,1,1,1,1,0.66715,0,6.37355,23363,8.16959,1.20886,8.61863
1,700,200,400,solar_max,0,0.6619,0,1,1,1,1,0.6619,0,1.25076,23607,8.14008,0.314711,8.61863
1,700,200,500,solar_min,0.66355,0.66355,0,1,1,1,1,0.66355,1,72.1505,23820.2,4.27504,11.4895,6.99863
1,700,200,500,nominal,0,0.66005,0,1,1,1,1,0.66005,0,6.37355,24208.6,4.27733,1.20886,6.99863
1,700,200,500,solar_max,0,0.6636,0,1,1,1,1,0.6636,0,1.25076,23494.3,4.25795,0.314711,6.99863
1,700,200,619,solar_min,0.6591,0.6591,0,0.9928,1,1,0.9928,0.66365,1,72.1505,23416.6,2.35383,11.4895,5.77491
1,700,200,619,nominal,0,0.66085,0,0.99355,1,1,0.99355,0.6649,0,6.37355,23655.1,2.35476,1.20886,5.77491
1,700,200,619,solar_max,0,0.6566,0,0.99395,1,1,0.99395,0.6604,0,1.25076,23792.8,2.363,0.314711,5.77491
1,700,200,800,solar_min,0.60095,0.60095,0,0.9125,1,1,0.9125,0.65915,1,72.1505,24204.2,1.17963,11.4895,4.64462
1,700,200,800,nominal,0,0.60475,0,0.91665,1,1,0.91665,0.66085,0,6.37355,23702.4,1.17723,1.20886,4.64462
1,700,200,800,solar_max,0,0.60675,0,0.91545,1,1,0.91545,0.6614,0,1.25076,24085,1.1818,0.314711,4.64462
1,700,200,1000,solar_min,0.4873,0.4873,0,0.7448,1,1,0.7448,0.6596,1,72.1505,23967.3,0.66507,11.4895,3.9048
1,700,200,1000,nominal,0,0.49665,0,0.7469,1,1,0.7469,0.66555,0,6.37355,22771.3,0.666416,1.20886,3.9048
1,700,200,1000,solar_max,0,0.49655,0,0.7524,1,1,0.7524,0.6617,0,1.25076,23858.8,0.662425,0.314711,3.9048
1,700,250,400,solar_min,0.66125,0.66125,0,1,1,1,1,0.66125,1,72.1505,24006.5,10.2304,5.66075,8.61863
1,700,250,400,nominal,0,0.66085,0,1,1,1,1,0.66085,0,6.37355,23695.7,10.216,0.706163,8.61863
1,700,250,400,solar_max,0,0.66235,0,1,1,1,1,0.66235,0,1.25076,23729.2,10.2253,0.203339,8.61863
1,700,250,500,solar_min,0.65235,0.65235,0,0.99095,1,1,0.99095,0.6586,1,72.1505,24081,5.39976,5.66075,6.99863
1,700,250,500,nominal,0,0.6508,0,0.9899,1,1,0.9899,0.65765,0,6.37355,24034.4,5.38722,0.706163,6.99863
1,700,250,500,solar_max,0,0.65695,0,0.9916,1,1,0.9916,0.66255,0,1.25076,23826.9,5.39346,0.203339,6.99863
1,700,250,619,solar_min,0.6151,0.6151,0,0.9294,1,1,0.9294,0.6613,1,72.1505,24270.8,2.96684,5.66075,5.77491
1,700,250,619,nominal,0,0.61345,0,0.9281,1,1,0.9281,0.6608,0,6.37355,23990,2.94779,0.706163,5.77491
1,700,250,619,solar_max,0,0.61275,0,0.9294,1,1,0.9294,0.65895,0,1.25076,24235.1,2.95811,0.203339,5.77491
1,700,250,800,solar_min,0.49015,0.49015,0,0.7459,1,1,0.7459,0.6578,1,72.1505,23701.3,1.47719,5.66075,4.64462
1,700,250,800,nominal,0,0.49245,0,0.74045,1,1,0.74045,0.6638,0,6.37355,23706.8,1.48087,0.706163,4.64462
1,700,250,800,solar_max,0,0.48935,0,0.7377,1,1,0.7377,0.66245,0,1.25076,23550.1,1.48128,0.203339,4.64462
1,700,250,1000,solar_min,0.3362,0.3362,0,0.5065,1,1,0.5065,0.6659,1,72.1505,23314.9,0.840038,5.66075,3.9048
1,700,250,1000,nominal,0,0.3367,0,0.50845,1,1,0.50845,0.6539,0,6.37355,24682.7,0.839546,0.706163,3.9048
1,700,250,1000,solar_max,0,0.33545,0,0.5072,1,1,0.5072,0.66035,0,1.25076,23491.3,0.840447,0.203339,3.9048
1,800,150,400,solar_min,0,0,0,1,1,0,1,0.66205,0,10000,23717.6,5.91443,85.474,8.61863
1,800,150,400,nominal,0,0.6609,0,1,1,1,1,0.6609,0,22.0001,24270.7,5.965,7.77318,8.61863
1,800,150,400,solar_max,0,0.67,0,1,1,1,1,0.67,0,3.73217,22915,5.93018,1.50937,8.61863
1,800,150,500,solar_min,0,0,0,1,1,0,1,0.65965,0,10000,23780.2,3.13389,85.474,6.99863
1,800,150,500,nominal,0,0.6613,0,1,1,1,1,0.6613,0,22.0001,23692.1,3.14128,7.77318,6.99863
1,800,150,500,solar_max,0,0.66135,0,1,1,1,1,0.66135,0,3.73217,23273.3,3.12958,1.50937,6.99863
1,800,150,619,solar_min,0,0,0,1,1,0,1,0.65435,0,10000,24190.7,1.72862,85.474,5.77491
1,800,150,619,nominal,0,0.66485,0,1,1,1,1,0.66485,0,22.0001,23667.1,1.72126,7.77318,5.77491
1,800,150,619,solar_max,0,0.66095,0,1,1,1,1,0.66095,0,3.73217,23961.5,1.71907,1.50937,5.77491
1,800,150,800,solar_min,0,0,0,0.99865,1,0,0.99865,0.65835,0,10000,23231.1,0.86227,85.474,4.64462
1,800,150,800,nominal,0,0.6656,0,0.99895,1,1,0.99895,0.6663,0,22.0001,23476.5,0.865072,7.77318,4.64462
1,800,150,800,solar_max,0,0.66035,0,0.99875,1,1,0.99875,0.66115,0,3.73217,23551.8,0.85972,1.50937,4.64462
1,800,150,1000,solar_min,0,0,0,0.95635,1,0,0.95635,0.6596,0,10000,24009.4,0.489008,85.474,3.9048
1,800,150,1000,nominal,0,0.62425,0,0.954,1,1,0.954,0.65515,0,22.0001,24374,0.485816,7.77318,3.9048
1,800,150,1000,solar_max,0,0.62815,0,0.9553,1,1,0.9553,0.6562,0,3.73217,23864.9,0.489062,1.50937,3.9048
1,800,200,400,solar_min,0,0,0,1,1,0,1,0.67,0,10000,23446.5,7.90385,56.2523,8.61863
1,800,200,400,nominal,0,0.66015,0,1,1,1,1,0.66015,0,22.0001,23885.9,7.97513,5.04879,8.61863
1,800,200,400,solar_max,0,0.6592,0,1,1,1,1,0.6592,0,3.73217,24267.4,7.96359,1.05483,8.61863
1,800,200,500,solar_min,0,0,0,1,1,0,1,0.667,0,10000,23428.5,4.18269,56.2523,6.99863
1,800,200,500,nominal,0,0.65905,0,1,1,1,1,0.65905,0,22.0001,24355.7,4.17949,5.04879,6.99863
1,800,200,500,solar_max,0,0.66305,0,1,1,1,1,0.66305,0,3.73217,23588.1,4.18507,1.05483,6.99863
1,800,200,619,solar_min,0,0,0,0.99495,1,0,0.99495,0.65935,0,10000,23930.8,2.31585,56.2523,5.77491
1,800,200,619,nominal,0,0.66375,0,0.9963,1,1,0.9963,0.6662,0,22.0001,23631.1,2.30037,5.04879,5.77491
1,800,200,619,solar_max,0,0.6566,0,0.9958,1,1,0.9958,0.65985,0,3.73217,23920.6,2.30954,1.05483,5.77491
1,800,200,800,solar_min,0,0,0,0.92545,1,0,0.92545,0.66445,0,10000,23558.3,1.1485,56.2523,4.64462
1,800,200,800,nominal,0,0.61345,0,0.9263,1,1,0.9263,0.66165,0,22.0001,23428.5,1.14842,5.04879,4.64462
1,800,200,800,solar_max,0,0.61055,0,0.92555,1,1,0.92555,0.6598,0,3.73217,23903,1.15529,1.05483,4.64462
1,800,200,1000,solar_min,0,0,0,0.77135,1,0,0.77135,0.6638,0,10000,23547.5,0.64889,56.2523,3.9048
1,800,200,1000,nominal,0,0.50385,0,0.761,1,1,0.761,0.661,0,22.0001,23656,0.65487,5.04879,3.9048
1,800,200,1000,solar_max,0,0.50515,0,0.7635,1,1,0.7635,0.66135,0,3.73217,23933.4,0.653631,1.05483,3.9048
1,800,250,400,solar_min,0,0,0,1,1,0,1,0.65555,0,10000,24538.7,9.96999,33.5542,8.61863
1,800,250,400,nominal,0,0.65995,0,1,1,1,1,0.65995,0,22.0001,23560.5,9.9633,3.13326,8.61863
1,800,250,400,solar_max,0,0.66065,0,1,1,1,1,0.66065,0,3.73217,23513.5,9.97149,0.713919,8.61863
1,800,250,500,solar_min,0,0,0,0.99495,1,0,0.99495,0.65795,0,10000,24364.8,5.26717,33.5542,6.99863
1,800,250,500,nominal,0,0.6594,0,0.9944,1,1,0.9944,0.66315,0,22.0001,23661.6,5.26347,3.13326,6.99863
1,800,250,500,solar_max,0,0.657,0,0.99405,1,1,0.99405,0.66075,0,3.73217,24037.8,5.261,0.713919,6.99863
1,800,250,619,solar_min,0,0,0,0.9393,1,0,0.9393,0.6603,0,10000,23714.8,2.88708,33.5542,5.77491
1,800,250,619,nominal,0,0.6204,0,0.93805,1,1,0.93805,0.66025,0,22.0001,23791.2,2.90302,3.13326,5.77491
1,800,250,619,solar_max,0,0.61635,0,0.93365,1,1,0.93365,0.6594,0,3.73217,23734.2,2.89934,0.713919,5.77491
1,800,250,800,solar_min,0,0,0,0.7602,1,0,0.7602,0.6608,0,10000,23822.1,1.4492,33.5542,4.64462
1,800,250,800,nominal,0,0.50555,0,0.7674,1,1,0.7674,0.65695,0,22.0001,23778.8,1.44275,3.13326,4.64462
1,800,250,800,solar_max,0,0.5004,0,0.7624,1,1,0.7624,0.658,0,3.73217,24052.9,1.45334,0.713919,4.64462
1,800,250,1000,solar_min,0,0,0,0.53905,1,0,0.53905,0.6679,0,10000,22827.9,0.819052,33.5542,3.9048
1,800,250,1000,nominal,0,0.35175,0,0.53405,1,1,0.53405,0.66475,0,22.0001,23346.9,0.8195,3.13326,3.9048
1,800,250,1000,solar_max,0,0.3515,0,0.53725,1,1,0.53725,0.6576,0,3.73217,24570.9,0.816336,0.713919,3.9048
1,900,150,400,solar_min,0,0,0,1,1,0,1,0.66765,0,10000,23296.5,5.80845,10000,8.61863
1,900,150,400,nominal,0,0,0,1,1,0,1,0.66135,0,63.5258,23557.3,5.81064,26.3901,8.61863
1,900,150,400,solar_max,0,0.6573,0,1,1,1,1,0.6573,0,10.2811,24365.7,5.83114,4.46629,8.61863
1,900,150,500,solar_min,0,0,0,1,1,0,1,0.66075,0,10000,23589.6,3.06499,10000,6.99863
1,900,150,500,nominal,0,0,0,1,1,0,1,0.65905,0,63.5258,23639,3.07217,26.3901,6.99863
1,900,150,500,solar_max,0,0.66595,0,1,1,1,1,0.66595,0,10.2811,23947.2,3.05691,4.46629,6.99863
1,900,150,619,solar_min,0,0,0,1,1,0,1,0.6628,0,10000,23700.2,1.68576,10000,5.77491
1,900,150,619,nominal,0,0,0,1,1,0,1,0.6598,0,63.5258,24075.1,1.68324,26.3901,5.77491
1,900,150,619,solar_max,0,0.659,0,1,1,1,1,0.659,0,10.2811,23950,1.68259,4.46629,5.77491
1,900,150,800,solar_min,0,0,0,0.99945,1,0,0.99945,0.655,0,10000,24184.3,0.843227,10000,4.64462
1,900,150,800,nominal,0,0,0,0.99925,1,0,0.99925,0.65915,0,63.5258,23681.6,0.848074,26.3901,4.64462
1,900,150,800,solar_max,0,0.66385,0,0.9995,1,1,0.9995,0.66395,0,10.2811,23004.1,0.847436,4.46629,4.64462
1,900,150,1000,solar_min,0,0,0,0.96125,1,0,0.96125,0.66245,0,10000,23836.2,0.476614,10000,3.9048
1,900,150,1000,nominal,0,0,0,0.9641,1,0,0.9641,0.66125,0,63.5258,24072,0.474982,26.3901,3.9048
1,900,150,1000,solar_max,0,0.6385,0,0.96255,1,1,0.96255,0.6634,0,10.2811,23451.3,0.476889,4.46629,3.9048
1,900,200,400,solar_min,0,0,0,1,1,0,1,0.66135,0,10000,23712.3,7.79228,175.078,8.61863
1,900,200,400,nominal,0.66045,0.66045,0,1,1,1,1,0.66045,1,63.5258,23967,7.81349,18.1849,8.61863
1,900,200,400,solar_max,0,0.66005,0,1,1,1,1,0.66005,0,10.2811,23717,7.78813,3.21661,8.61863
1,900,200,500,solar_min,0,0,0,1,1,0,1,0.66145,0,10000,24010.6,4.10944,175.078,6.99863
1,900,200,500,nominal,0.665,0.665,0,1,1,1,1,0.665,1,63.5258,23729.8,4.12036,18.1849,6.99863
1,900,200,500,solar_max,0,0.6583,0,1,1,1,1,0.6583,0,10.2811,24368,4.11415,3.21661,6.99863
1,900,200,619,solar_min,0,0,0,0.99745,1,0,0.99745,0.66665,0,10000,23329.3,2.25323,175.078,5.77491
1,900,200,619,nominal,0.66645,0.66645,0,0.9976,1,1,0.9976,0.6679,1,63.5258,23815.6,2.2639,18.1849,5.77491
1,900,200,619,solar_max,0,0.65925,0,0.99715,1,1,0.99715,0.6611,0,10.2811,24014.7,2.26988,3.21661,5.77491
1,900,200,800,solar_min,0,0,0,0.9353,1,0,0.9353,0.6564,0,10000,24325.8,1.12578,175.078,4.64462
1,900,200,800,nominal,0.6157,0.6157,0,0.9307,1,1,0.9307,0.6618,1,63.5258,23917.4,1.13672,18.1849,4.64462
1,900,200,800,solar_max,0,0.62275,0,0.93595,1,1,0.93595,0.6654,0,10.2811,22993.4,1.12639,3.21661,4.64462
1,900,200,1000,solar_min,0,0,0,0.78575,1,0,0.78575,0.65905,0,10000,23219.6,0.640806,175.078,3.9048
1,900,200,1000,nominal,0.5177,0.5177,0,0.779,1,1,0.779,0.665,1,63.5258,23321.6,0.64024,18.1849,3.9048
1,900,200,1000,solar_max,0,0.5165,0,0.7776,1,1,0.7776,0.66385,0,10.2811,23475.1,0.639989,3.21661,3.9048
1,900,250,400,solar_min,0,0,0,1,1,0,1,0.6584,0,10000,24341.2,9.78484,124.356,8.61863
1,900,250,400,nominal,0.6589,0.6589,0,1,1,1,1,0.6589,1,63.5258,23969.2,9.73509,11.9888,8.61863
1,900,250,400,solar_max,0,0.66235,0,1,1,1,1,0.66235,0,10.2811,23968.1,9.80703,2.25369,8.61863
1,900,250,500,solar_min,0,0,0,0.9962,1,0,0.9962,0.6606,0,10000,23537.6,5.1682,124.356,6.99863
1,900,250,500,nominal,0.6544,0.6544,0,0.9962,1,1,0.9962,0.65665,1,63.5258,23794.7,5.139,11.9888,6.99863
1,900,250,500,solar_max,0,0.6573,0,0.99625,1,1,0.99625,0.65945,0,10.2811,23779.1,5.14887,2.25369,6.99863
1,900,250,619,solar_min,0,0,0,0.94725,1,0,0.94725,0.6543,0,10000,24558.2,2.83854,124.356,5.77491
1,900,250,619,nominal,0.6267,0.6267,0,0.9465,1,1,0.9465,0.6617,1,63.5258,23802,2.82436,11.9888,5.77491
1,900,250,619,solar_max,0,0.62935,0,0.947,1,1,0.947,0.66475,0,10.2811,23859.7,2.82469,2.25369,5.77491
1,900,250,800,solar_min,0,0,0,0.78225,1,0,0.78225,0.66045,0,10000,23772.1,1.41964,124.356,4.64462
1,900,250,800,nominal,0.5211,0.5211,0,0.7806,1,1,0.7806,0.66585,1,63.5258,23202.6,1.41547,11.9888,4.64462
1,900,250,800,solar_max,0,0.51525,0,0.77975,1,1,0.77975,0.66075,0,10.2811,24054.6,1.41324,2.25369,4.64462
1,900,250,1000,solar_min,0,0,0,0.5619,1,0,0.5619,0.662,0,10000,24214.8,0.801162,124.356,3.9048
1,900,250,1000,nominal,0.36335,0.36335,0,0.55695,1,1,0.55695,0.65475,1,63.5258,24007.6,0.802857,11.9888,3.9048
1,900,250,1000,solar_max,0,0.3668,0,0.5557,1,1,0.5557,0.6606,0,10.2811,23777.8,0.804832,2.25369,3.9048
1,1000,150,400,solar_min,0,0,0,1,1,0,1,0.66255,0,10000,23528.3,5.72093,10000,8.61863
1,1000,150,400,nominal,0,0,0,1,1,0,1,0.6616,0,151.235,24337.6,5.71135,74.5402,8.61863
1,1000,150,400,solar_max,0.65455,0.65455,0,1,1,1,1,0.65455,1,26.0296,24367.5,5.69464,12.1846,8.61863
1,1000,150,500,solar_min,0,0,0,1,1,0,1,0.6625,0,10000,23865.5,3.01024,10000,6.99863
1,1000,150,500,nominal,0,0,0,1,1,0,1,0.66,0,151.235,24034.8,3.01676,74.5402,6.99863
1,1000,150,500,solar_max,0.66,0.66,0,1,1,1,1,0.66,1,26.0296,23982.9,2.99555,12.1846,6.99863
1,1000,150,619,solar_min,0,0,0,1,1,0,1,0.66445,0,10000,23344.3,1.64864,10000,5.77491
1,1000,150,619,nominal,0,0,0,1,1,0,1,0.6616,0,151.235,23790.9,1.64051,74.5402,5.77491
1,1000,150,619,solar_max,0.658,0.658,0,1,1,1,1,0.658,1,26.0296,23844.9,1.66101,12.1846,5.77491
1,1000,150,800,solar_min,0,0,0,0.99995,1,0,0.99995,0.65855,0,10000,24238.8,0.827932,10000,4.64462
1,1000,150,800,nominal,0,0,0,0.99995,1,0,0.99995,0.65675,0,151.235,24121.1,0.821965,74.5402,4.64462
1,1000,150,800,solar_max,0.6619,0.6619,0,1,1,1,1,0.6619,1,26.0296,24003.4,0.827777,12.1846,4.64462
1,1000,150,1000,solar_min,0,0,0,0.9684,1,0,0.9684,0.6608,0,10000,23699.1,0.467532,10000,3.9048
1,1000,150,1000,nominal,0,0,0,0.967,1,0,0.967,0.66285,0,151.235,23771.1,0.466799,74.5402,3.9048
1,1000,150,1000,solar_max,0.6412,0.6412,0,0.96785,1,1,0.96785,0.66315,1,26.0296,23626.9,0.467879,12.1846,3.9048
1,1000,200,400,solar_min,0,0,0,1,1,0,1,0.6644,0,10000,23642,7.67646,10000,8.61863
1,1000,200,400,nominal,0,0,0,1,1,0,1,0.66,0,151.235,24432.1,7.62117,54.9743,8.61863
1,1000,200,400,solar_max,0.66235,0.66235,0,1,1,1,1,0.66235,1,26.0296,24045.2,7.61008,9.03014,8.61863
1,1000,200,500,solar_min,0,0,0,1,1,0,1,0.6584,0,10000,24044.1,4.03779,10000,6.99863
1,1000,200,500,nominal,0,0,0,1,1,0,1,0.66525,0,151.235,23272.8,4.02484,54.9743,6.99863
1,1000,200,500,solar_max,0.66505,0.66505,0,1,1,1,1,0.66505,1,26.0296,24155.5,4.02842,9.03014,6.99863
1,1000,200,619,solar_min,0,0,0,0.99915,1,0,0.99915,0.66055,0,10000,23518.9,2.20594,10000,5.77491
1,1000,200,619,nominal,0,0,0,0.99865,1,0,0.99865,0.6568,0,151.235,23809.2,2.20916,54.9743,5.77491
1,1000,200,619,solar_max,0.6597,0.6597,0,0.9991,1,1,0.9991,0.6603,1,26.0296,23859.2,2.20442,9.03014,5.77491
1,1000,200,800,solar_min,0,0,0,0.94515,1,0,0.94515,0.6572,0,10000,24167.5,1.10604,10000,4.64462
1,1000,200,800,nominal,0,0,0,0.9464,1,0,0.9464,0.65725,0,151.235,24193.8,1.11041,54.9743,4.64462
1,1000,200,800,solar_max,0.62545,0.62545,0,0.9428,1,1,0.9428,0.6632,1,26.0296,23896.7,1.10757,9.03014,4.64462
1,1000,200,1000,solar_min,0,0,0,0.80015,1,0,0.80015,0.6588,0,10000,23924,0.625671,10000,3.9048
1,1000,200,1000,nominal,0,0,0,0.8022,1,0,0.8022,0.6673,0,151.235,23263,0.622271,54.9743,3.9048
1,1000,200,1000,solar_max,0.5327,0.5327,0,0.8035,1,1,0.8035,0.6622,1,26.0296,23371,0.625885,9.03014,3.9048
1,1000,250,400,solar_min,0,0,0,1,1,0,1,0.66215,0,10000,23589.1,9.57961,10000,8.61863
1,1000,250,400,nominal,0,0,0,1,1,0,1,0.66175,0,151.235,23782.6,9.55747,38.8853,8.61863
1,1000,250,400,solar_max,0.65645,0.65645,0,1,1,1,1,0.65645,1,26.0296,24413,9.53694,6.52556,8.61863
1,1000,250,500,solar_min,0,0,0,0.99825,1,0,0.99825,0.65705,0,10000,24428.3,5.05667,10000,6.99863
1,1000,250,500,nominal,0,0,0,0.9987,1,0,0.9987,0.66195,0,151.235,23662.6,5.05871,38.8853,6.99863
1,1000,250,500,solar_max,0.6566,0.6566,0,0.99835,1,1,0.99835,0.6576,1,26.0296,24073.7,5.0494,6.52556,6.99863
1,1000,250,619,solar_min,0,0,0,0.955,1,0,0.955,0.65715,0,10000,24559.4,2.79062,10000,5.77491
1,1000,250,619,nominal,0,0,0,0.95745,1,0,0.95745,0.66205,0,151.235,23593.8,2.76971,38.8853,5.77491
1,1000,250,619,solar_max,0.631,0.631,0,0.95705,1,1,0.95705,0.65895,1,26.0296,24440.7,2.77749,6.52556,5.77491
1,1000,250,800,solar_min,0,0,0,0.8006,1,0,0.8006,0.6656,0,10000,23702.6,1.38241,10000,4.64462
1,1000,250,800,nominal,0,0,0,0.7933,1,0,0.7933,0.66255,0,151.235,23524.5,1.39952,38.8853,4.64462
1,1000,250,800,solar_max,0.52645,0.52645,0,0.7986,1,1,0.7986,0.66155,1,26.0296,23845,1.39375,6.52556,4.64462
1,1000,250,1000,solar_min,0,0,0,0.58565,1,0,0.58565,0.66465,0,10000,23639.8,0.785264,10000,3.9048
1,1000,250,1000,nominal,0,0,0,0.5816,1,0,0.5816,0.6596,0,151.235,23843.8,0.782966,38.8853,3.9048
1,1000,250,1000,solar_max,0.37895,0.37895,0,0.57355,1,1,0.57355,0.6608,1,26.0296,24087.5,0.792137,6.52556,3.9048
1,1100,150,400,solar_min,0,0,0,1,1,0,1,0.66215,0,10000,24207,5.58786,10000,8.61863
1,1100,150,400,nominal,0,0,0,1,1,0,1,0.6568,0,10000,24161.8,5.56244,173.444,8.61863
1,1100,150,400,solar_max,0,0,0,1,1,0,1,0.65995,0,59.9484,23933.9,5.57773,30.4819,8.61863
1,1100,150,500,solar_min,0,0,0,1,1,0,1,0.65995,0,10000,24255.3,2.93762,10000,6.99863
1,1100,150,500,nominal,0,0,0,1,1,0,1,0.6675,0,10000,23606.5,2.95199,173.444,6.99863
1,1100,150,500,solar_max,0,0,0,1,1,0,1,0.6659,0,59.9484,22900.9,2.94278,30.4819,6.99863
1,1100,150,619,solar_min,0,0,0,1,1,0,1,0.6631,0,10000,23807,1.62378,10000,5.77491
1,1100,150,619,nominal,0,0,0,1,1,0,1,0.667,0,10000,23699.3,1.62822,173.444,5.77491
1,1100,150,619,solar_max,0,0,0,1,1,0,1,0.65955,0,59.9484,23911.3,1.60883,30.4819,5.77491
1,1100,150,800,solar_min,0,0,0,1,1,0,1,0.66385,0,10000,23798.8,0.815054,10000,4.64462
1,1100,150,800,nominal,0,0,0,1,1,0,1,0.66675,0,10000,23121.9,0.806463,173.444,4.64462
1,1100,150,800,solar_max,0,0,0,1,1,0,1,0.66415,0,59.9484,23646.5,0.808048,30.4819,4.64462
1,1100,150,1000,solar_min,0,0,0,0.9742,1,0,0.9742,0.6525,0,10000,24313.7,0.457895,10000,3.9048
1,1100,150,1000,nominal,0,0,0,0.97335,1,0,0.97335,0.6626,0,10000,23643.2,0.457849,173.444,3.9048
1,1100,150,1000,solar_max,0,0,0,0.97435,1,0,0.97435,0.65725,0,59.9484,24383.8,0.458324,30.4819,3.9048
1,1100,200,400,solar_min,0,0,0,1,1,0,1,0.66265,0,10000,23416.6,7.44564,10000,8.61863
1,1100,200,400,nominal,0,0,0,1,1,0,1,0.6626,0,10000,23852.7,7.47725,136.605,8.61863
1,1100,200,400,solar_max,0.66255,0.66255,0,1,1,1,1,0.66255,1,59.9484,23487.8,7.46027,23.2918,8.61863
1,1100,200,500,solar_min,0,0,0,1,1,0,1,0.65885,0,10000,23847.3,3.94233,10000,6.99863
1,1100,200,500,nominal,0,0,0,1,1,0,1,0.66275,0,10000,22997.9,3.93107,136.605,6.99863
1,1100,200,500,solar_max,0.66405,0.66405,0,1,1,1,1,0.66405,1,59.9484,23603.1,3.94346,23.2918,6.99863
1,1100,200,619,solar_min,0,0,0,0.9995,1,0,0.9995,0.66165,0,10000,23955.8,2.16891,10000,5.77491
1,1100,200,619,nominal,0,0,0,0.99975,1,0,0.99975,0.6585,0,10000,24195.1,2.1742,136.605,5.77491
1,1100,200,619,solar_max,0.6623,0.6623,0,0.99975,1,1,0.99975,0.6625,1,59.9484,24015,2.16289,23.2918,5.77491
1,1100,200,800,solar_min,0,0,0,0.9525,1,0,0.9525,0.6612,0,10000,23782.7,1.08605,10000,4.64462
1,1100,200,800,nominal,0,0,0,0.95115,1,0,0.95115,0.65995,0,10000,23946.9,1.086,136.605,4.64462
1,1100,200,800,solar_max,0.62815,0.62815,0,0.9537,1,1,0.9537,0.65765,1,59.9484,23944.3,1.08272,23.2918,4.64462
1,1100,200,1000,solar_min,0,0,0,0.81425,1,0,0.81425,0.6621,0,10000,23766.7,0.611861,10000,3.9048
1,1100,200,1000,nominal,0,0,0,0.821,1,0,0.821,0.65605,0,10000,24120.2,0.614004,136.605,3.9048
1,1100,200,1000,solar_max,0.5361,0.5361,0,0.81905,1,1,0.81905,0.65625,1,59.9484,24267.6,0.613832,23.2918,3.9048
1,1100,250,400,solar_min,0,0,0,1,1,0,1,0.65665,0,10000,23891.1,9.33376,10000,8.61863
1,1100,250,400,nominal,0,0,0,1,1,0,1,0.6637,0,10000,23801.7,9.33881,103.952,8.61863
1,1100,250,400,solar_max,0.6513,0.6513,0,1,1,1,1,0.6513,1,59.9484,24515.7,9.39137,17.3764,8.61863
1,1100,250,500,solar_min,0,0,0,0.99915,1,0,0.99915,0.6573,0,10000,24574.2,4.93471,10000,6.99863
1,1100,250,500,nominal,0,0,0,0.99935,1,0,0.99935,0.6638,0,10000,23687.7,4.92321,103.952,6.99863
1,1100,250,500,solar_max,0.6549,0.6549,0,0.99895,1,1,0.99895,0.65565,1,59.9484,24630.2,4.94174,17.3764,6.99863
1,1100,250,619,solar_min,0,0,0,0.96385,1,0,0.96385,0.6609,0,10000,23690.1,2.72195,10000,5.77491
1,1100,250,619,nominal,0,0,0,0.9615,1,0,0.9615,0.6568,0,10000,23971.5,2.71882,103.952,5.77491
1,1100,250,619,solar_max,0.63925,0.63925,0,0.96225,1,1,0.96225,0.6631,1,59.9484,23592.1,2.72489,17.3764,5.77491
1,1100,250,800,solar_min,0,0,0,0.8163,1,0,0.8163,0.6599,0,10000,24453.2,1.36287,10000,4.64462
1,1100,250,800,nominal,0,0,0,0.8183,1,0,0.8183,0.65465,0,10000,24310.6,1.35771,103.952,4.64462
1,1100,250,800,solar_max,0.54035,0.54035,0,0.82025,1,1,0.82025,0.66035,1,59.9484,24040.9,1.36254,17.3764,4.64462
1,1100,250,1000,solar_min,0,0,0,0.60425,1,0,0.60425,0.6605,0,10000,24423.9,0.772281,10000,3.9048
1,1100,250,1000,nominal,0,0,0,0.60845,1,0,0.60845,0.6618,0,10000,23407.6,0.772321,103.952,3.9048
1,1100,250,1000,solar_max,0.40095,0.40095,0,0.6069,1,1,0.6069,0.66005,1,59.9484,23367.8,0.770389,17.3764,3.9048
1,1200,150,400,solar_min,0,0,0,1,1,0,1,0.65545,0,10000,24319.9,5.48102,10000,8.61863
1,1200,150,400,nominal,0,0,0,1,1,0,1,0.6575,0,10000,24486.4,5.48401,10000,8.61863
1,1200,150,400,solar_max,0,0,0,1,1,0,1,0.6594,0,124.538,24293.8,5.44506,69.2012,8.61863
1,1200,150,500,solar_min,0,0,0,1,1,0,1,0.66125,0,10000,23861,2.87964,10000,6.99863
1,1200,150,500,nominal,0,0,0,1,1,0,1,0.663,0,10000,23816.4,2.87839,10000,6.99863
1,1200,150,500,solar_max,0,0,0,1,1,0,1,0.65325,0,124.538,24838,2.90163,69.2012,6.99863
1,1200,150,619,solar_min,0,0,0,1,1,0,1,0.6638,0,10000,23527.1,1.59117,10000,5.77491
1,1200,150,619,nominal,0,0,0,1,1,0,1,0.6555,0,10000,24179,1.58235,10000,5.77491
1,1200,150,619,solar_max,0,0,0,1,1,0,1,0.6617,0,124.538,23816.4,1.58834,69.2012,5.77491
1,1200,150,800,solar_min,0,0,0,1,1,0,1,0.65845,0,10000,24104.1,0.793848,10000,4.64462
1,1200,150,800,nominal,0,0,0,1,1,0,1,0.65865,0,10000,24570.9,0.796407,10000,4.64462
1,1200,150,800,solar_max,0,0,0,1,1,0,1,0.66255,0,124.538,23461,0.79227,69.2012,4.64462
1,1200,150,1000,solar_min,0,0,0,0.97985,1,0,0.97985,0.6616,0,10000,23332,0.448235,10000,3.9048
1,1200,150,1000,nominal,0,0,0,0.9794,1,0,0.9794,0.6645,0,10000,23815.4,0.447274,10000,3.9048
1,1200,150,1000,solar_max,0,0,0,0.97635,1,0,0.97635,0.659,0,124.538,24785.3,0.448534,69.2012,3.9048
1,1200,200,400,solar_min,0,0,0,1,1,0,1,0.66125,0,10000,23813.1,7.27678,10000,8.61863
1,1200,200,400,nominal,0,0,0,1,1,0,1,0.6638,0,10000,23640,7.30527,10000,8.61863
1,1200,200,400,solar_max,0,0,0,1,1,0,1,0.66435,0,124.538,24036.7,7.31608,54.6767,8.61863
1,1200,200,500,solar_min,0,0,0,1,1,0,1,0.6581,0,10000,23956.6,3.88349,10000,6.99863
1,1200,200,500,nominal,0,0,0,1,1,0,1,0.66765,0,10000,23287.2,3.86867,10000,6.99863
1,1200,200,500,solar_max,0,0,0,1,1,0,1,0.6599,0,124.538,24433.8,3.87641,54.6767,6.99863
1,1200,200,619,solar_min,0,0,0,1,1,0,1,0.6705,0,10000,23247.7,2.12959,10000,5.77491
1,1200,200,619,nominal,0,0,0,1,1,0,1,0.6604,0,10000,24197.5,2.13325,10000,5.77491
1,1200,200,619,solar_max,0,0,0,1,1,0,1,0.66195,0,124.538,23301.3,2.11936,54.6767,5.77491
1,1200,200,800,solar_min,0,0,0,0.96085,1,0,0.96085,0.66285,0,10000,23609,1.0695,10000,4.64462
1,1200,200,800,nominal,0,0,0,0.95975,1,0,0.95975,0.65815,0,10000,24615.5,1.06487,10000,4.64462
1,1200,200,800,solar_max,0,0,0,0.9606,1,0,0.9606,0.65785,0,124.538,24141.9,1.05724,54.6767,4.64462
1,1200,200,1000,solar_min,0,0,0,0.8401,1,0,0.8401,0.66225,0,10000,23847.2,0.600203,10000,3.9048
1,1200,200,1000,nominal,0,0,0,0.8354,1,0,0.8354,0.6633,0,10000,23468.6,0.603729,10000,3.9048
1,1200,200,1000,solar_max,0,0,0,0.83695,1,0,0.83695,0.66195,0,124.538,23374.8,0.601703,54.6767,3.9048
1,1200,250,400,solar_min,0,0,0,1,1,0,1,0.66135,0,10000,23948.5,9.19026,10000,8.61863
1,1200,250,400,nominal,0,0,0,1,1,0,1,0.66575,0,10000,23493,9.15384,10000,8.61863
1,1200,250,400,solar_max,0,0,0,1,1,0,1,0.65965,0,124.538,24221,9.1986,42.235,8.61863
1,1200,250,500,solar_min,0,0,0,0.9998,1,0,0.9998,0.6597,0,10000,24250.3,4.8581,10000,6.99863
1,1200,250,500,nominal,0,0,0,0.9998,1,0,0.9998,0.66345,0,10000,23857.3,4.83004,10000,6.99863
1,1200,250,500,solar_max,0,0,0,0.9998,1,0,0.9998,0.66305,0,124.538,23466.6,4.8374,42.235,6.99863
1,1200,250,619,solar_min,0,0,0,0.96785,1,0,0.96785,0.6573,0,10000,24209,2.66167,10000,5.77491
1,1200,250,619,nominal,0,0,0,0.9692,1,0,0.9692,0.65955,0,10000,23794.7,2.67181,10000,5.77491
1,1200,250,619,solar_max,0,0,0,0.96685,1,0,0.96685,0.6619,0,124.538,23962,2.64885,42.235,5.77491
1,1200,250,800,solar_min,0,0,0,0.83165,1,0,0.83165,0.6613,0,10000,23787.4,1.34252,10000,4.64462
1,1200,250,800,nominal,0,0,0,0.83505,1,0,0.83505,0.6583,0,10000,24019.8,1.33774,10000,4.64462
1,1200,250,800,solar_max,0,0,0,0.83605,1,0,0.83605,0.65545,0,124.538,23875.6,1.32957,42.235,4.64462
1,1200,250,1000,solar_min,0,0,0,0.6236,1,0,0.6236,0.66225,0,10000,24168.8,0.75719,10000,3.9048
1,1200,250,1000,nominal,0,0,0,0.62335,1,0,0.62335,0.66175,0,10000,23826.5,0.754375,10000,3.9048
1,1200,250,1000,solar_max,0,0,0,0.6226,1,0,0.6226,0.6574,0,124.538,24366.6,0.752757,42.235,3.9048
2,400,150,400,solar_min,0,0.66225,0.007,1,1,1,1,0.66225,0,0.581148,23840.7,12.8947,0.0503573,8.61863
2,400,150,400,nominal,0,0.6647,0.00715,1,1,1,1,0.6647,0,0.124897,23632.3,12.9194,0.0197101,8.61863
2,400,150,400,solar_max,0,0.6638,0.00675,1,1,1,1,0.6638,0,0.0490365,24031.8,12.968,0.0103724,8.61863
2,400,150,500,solar_min,0,0.6642,0.009,1,1,1,1,0.6642,0,0.581148,23566.7,6.86866,0.0503573,6.99863
2,400,150,500,nominal,0,0.65965,0.00895,1,1,1,1,0.65965,0,0.124897,24022.7,6.81669,0.0197101,6.99863
2,400,150,500,solar_max,0,0.6662,0.0088,1,1,1,1,0.6662,0,0.0490365,23591.5,6.80377,0.0103724,6.99863
2,400,150,619,solar_min,0,0.66605,0.00985,1,1,1,1,0.66605,0,0.581148,23841.5,3.77014,0.0503573,5.77491
2,400,150,619,nominal,0,0.66325,0.01005,1,1,1,1,0.66325,0,0.124897,23839.1,3.76012,0.0197101,5.77491
2,400,150,619,solar_max,0,0.66565,0.0107,1,1,1,1,0.66565,0,0.0490365,22893.1,3.78256,0.0103724,5.77491
2,400,150,800,solar_min,0,0.6594,0.01105,0.98885,1,1,0.98885,0.66695,0,0.581148,23230.2,1.88628,0.0503573,4.64462
2,400,150,800,nominal,0,0.6547,0.01045,0.98785,1,1,0.98785,0.66295,0,0.124897,23607.5,1.87196,0.0197101,4.64462
2,400,150,800,solar_max,0,0.6498,0.0103,0.9895,1,1,0.9895,0.6571,0,0.0490365,24358.5,1.87835,0.0103724,4.64462
2,400,150,1000,solar_min,0,0.60855,0.011,0.9199,1,1,0.9199,0.66145,0,0.581148,23825.8,1.06589,0.0503573,3.9048
2,400,150,1000,nominal,0,0.60445,0.0096,0.9172,1,1,0.9172,0.6614,0,0.124897,23480.3,1.05792,0.0197101,3.9048
2,400,150,1000,solar_max,0,0.604,0.0095,0.9156,1,1,0.9156,0.65895,0,0.0490365,23570.2,1.06185,0.0103724,3.9048
2,400,200,400,solar_min,0,0.65835,0.007,1,1,1,1,0.65835,0,0.581148,23812.1,17.2905,0.0139862,8.61863
2,400,200,400,nominal,0,0.6569,0.0052,1,1,1,1,0.6569,0,0.124897,24284.1,17.2804,0.00747272,8.61863
2,400,200,400,solar_max,0,0.663,0.00515,1,1,1,1,0.663,0,0.0490365,23496,17.3669,0.00460612,8.61863
2,400,200,500,solar_min,0,0.66455,0.008,1,1,1,1,0.66455,0,0.581148,23573.4,9.13609,0.0139862,6.99863
2,400,200,500,nominal,0,0.66295,0.00805,1,1,1,1,0.66295,0,0.124897,23680.1,9.17192,0.00747272,6.99863
2,400,200,500,solar_max,0,0.6554,0.00795,1,1,1,1,0.6554,0,0.0490365,24354.8,9.17624,0.00460612,6.99863
2,400,200,619,solar_min,0,0.65475,0.00995,0.9808,1,1,0.9808,0.66795,0,0.581148,23584.6,5.02982,0.0139862,5.77491
2,400,200,619,nominal,0,0.65755,0.0099,0.9838,1,1,0.9838,0.6687,0,0.124897,23469.8,5.01592,0.00747272,5.77491
2,400,200,619,solar_max,0,0.64715,0.00915,0.98225,1,1,0.98225,0.65875,0,0.0490365,23518.1,5.04332,0.00460612,5.77491
2,400,200,800,solar_min,0,0.5787,0.0094,0.87585,1,1,0.87585,0.66245,0,0.581148,23771.4,2.52165,0.0139862,4.64462
2,400,200,800,nominal,0,0.5839,0.00875,0.87855,1,1,0.87855,0.66425,0,0.124897,23451.3,2.52423,0.00747272,4.64462
2,400,200,800,solar_max,0,0.58025,0.00845,0.87415,1,1,0.87415,0.66175,0,0.0490365,23682.3,2.52018,0.00460612,4.64462
2,400,200,1000,solar_min,0,0.4518,0.0077,0.6855,1,1,0.6855,0.6597,0,0.581148,24115.2,1.42705,0.0139862,3.9048
2,400,200,1000,nominal,0,0.45955,0.00805,0.6863,1,1,0.6863,0.66715,0,0.124897,23658.3,1.42571,0.00747272,3.9048
2,400,200,1000,solar_max,0,0.45875,0.00775,0.68645,1,1,0.68645,0.66475,0,0.0490365,23957,1.42282,0.00460612,3.9048
2,400,250,400,solar_min,0,0.65965,0.0049,1,1,1,1,0.65965,0,0.581148,24179.2,21.8477,0.00223574,8.61863
2,400,250,400,nominal,0,0.6576,0.00475,1,1,1,1,0.6576,0,0.124897,24418,21.8158,0.00168308,8.61863
2,400,250,400,solar_max,0,0.66375,0.0044,1,1,1,1,0.66375,0,0.0490365,23454.7,21.728,0.00127496,8.61863
2,400,250,500,solar_min,0,0.6492,0.00745,0.981,1,1,0.981,0.66195,0,0.581148,23405.2,11.568,0.00223574,6.99863
2,400,250,500,nominal,0,0.6485,0.00685,0.9779,1,1,0.9779,0.6637,0,0.124897,22852.5,11.537,0.00168308,6.99863
2,400,250,500,solar_max,0,0.64465,0.0063,0.97855,1,1,0.97855,0.659,0,0.0490365,23569.3,11.4593,0.00127496,6.99863
2,400,250,619,solar_min,0,0.58745,0.00935,0.8946,1,1,0.8946,0.6568,0,0.581148,24213.4,6.33454,0.00223574,5.77491
2,400,250,619,nominal,0,0.5856,0.00805,0.89405,1,1,0.89405,0.65515,0,0.124897,23902.7,6.34136,0.00168308,5.77491
2,400,250,619,solar_max,0,0.59255,0.0083,0.89195,1,1,0.89195,0.6627,0,0.0490365,24113,6.32278,0.00127496,5.77491
2,400,250,800,solar_min,0,0.4462,0.0064,0.67835,1,1,0.67835,0.6622,0,0.581148,23778,3.16205,0.00223574,4.64462
2,400,250,800,nominal,0,0.4504,0.0076,0.68,1,1,0.68,0.65905,0,0.124897,24142.4,3.16452,0.00168308,4.64462
2,400,250,800,solar_max,0,0.4497,0.00645,0.6766,1,1,0.6766,0.66335,0,0.0490365,23658.7,3.16879,0.00127496,4.64462
2,400,250,1000,solar_min,0,0.28435,0.0048,0.42845,1,1,0.42845,0.65945,0,0.581148,23663.4,1.79485,0.00223574,3.9048
2,400,250,1000,nominal,0,0.2864,0.00385,0.43155,1,1,0.43155,0.66525,0,0.124897,24091.6,1.7941,0.00168308,3.9048
2,400,250,1000,solar_max,0,0.28165,0.0037,0.42495,1,1,0.42495,0.6605,0,0.0490365,23763.7,1.79976,0.00127496,3.9048
2,500,150,400,solar_min,0,0.66495,0.00795,1,1,1,1,0.66495,0,5.28997,23845.4,12.6531,0.714236,8.61863
2,500,150,400,nominal,0,0.6673,0.00615,1,1,1,1,0.6673,0,0.692069,23219.4,12.6261,0.15542,8.61863
2,500,150,400,solar_max,0,0.6613,0.00655,1,1,1,1,0.6613,0,0.211207,23771.6,12.6393,0.0606645,8.61863
2,500,150,500,solar_min,0,0.66645,0.00825,1,1,1,1,0.66645,0,5.28997,23389,6.64492,0.714236,6.99863
2,500,150,500,nominal,0,0.6575,0.00895,1,1,1,1,0.6575,0,0.692069,24301.4,6.6906,0.15542,6.99863
2,500,150,500,solar_max,0,0.6627,0.0086,1,1,1,1,0.6627,0,0.211207,23881.3,6.68967,0.0606645,6.99863
2,500,150,619,solar_min,0,0.6641,0.01005,1,1,1,1,0.6641,0,5.28997,23683.9,3.68256,0.714236,5.77491
2,500,150,619,nominal,0,0.65775,0.00965,1,1,1,1,0.65775,0,0.692069,24501.9,3.67363,0.15542,5.77491
2,500,150,619,solar_max,0,0.6628,0.0098,1,1,1,1,0.6628,0,0.211207,23559.6,3.68475,0.0606645,5.77491
2,500,150,800,solar_min,0,0.6531,0.0107,0.9926,1,1,0.9926,0.6582,0,5.28997,24082.4,1.83456,0.714236,4.64462
2,500,150,800,nominal,0,0.6531,0.0109,0.9925,1,1,0.9925,0.6581,0,0.692069,23852.9,1.84138,0.15542,4.64462
2,500,150,800,solar_max,0,0.6522,0.00975,0.99295,1,1,0.99295,0.6568,0,0.211207,23889.7,1.84523,0.0606645,4.64462
2,500,150,1000,solar_min,0,0.61125,0.00935,0.92765,1,1,0.92765,0.6597,0,5.28997,24143.7,1.04266,0.714236,3.9048
2,500,150,1000,nominal,0,0.6168,0.0109,0.92935,1,1,0.92935,0.6642,0,0.692069,23562.6,1.04354,0.15542,3.9048
2,500,150,1000,solar_max,0,0.61175,0.01015,0.92715,1,1,0.92715,0.65865,0,0.211207,23971.9,1.03843,0.0606645,3.9048
2,500,200,400,solar_min,0,0.6642,0.006,1,1,1,1,0.6642,0,5.28997,23669.3,16.9328,0.286133,8.61863
2,500,200,400,nominal,0,0.657,0.00625,1,1,1,1,0.657,0,0.692069,23948.5,16.9586,0.0795971,8.61863
2,500,200,400,solar_max,0,0.6604,0.0063,1,1,1,1,0.6604,0,0.211207,24015.4,16.8903,0.0349322,8.61863
2,500,200,500,solar_min,0,0.66375,0.00825,1,1,1,1,0.66375,0,5.28997,23259.7,8.94036,0.286133,6.99863
2,500,200,500,nominal,0,0.6655,0.007,1,1,1,1,0.6655,0,0.692069,23362,8.97648,0.0795971,6.99863
2,500,200,500,solar_max,0,0.66015,0.0083,1,1,1,1,0.66015,0,0.211207,24166.7,8.95498,0.0349322,6.99863
2,500,200,619,solar_min,0,0.65075,0.00965,0.98605,1,1,0.98605,0.66,0,5.28997,24276.2,4.935,0.286133,5.77491
2,500,200,619,nominal,0,0.65605,0.00905,0.98655,1,1,0.98655,0.66495,0,0.692069,23309.2,4.92956,0.0795971,5.77491
2,500,200,619,solar_max,0,0.65365,0.00845,0.98955,1,1,0.98955,0.66135,0,0.211207,23765.3,4.92516,0.0349322,5.77491
2,500,200,800,solar_min,0,0.59145,0.0087,0.88925,1,1,0.88925,0.66545,0,5.28997,23140.4,2.46175,0.286133,4.64462
2,500,200,800,nominal,0,0.59095,0.00945,0.8895,1,1,0.8895,0.663,0,0.692069,23589.5,2.46072,0.0795971,4.64462
2,500,200,800,solar_max,0,0.58695,0.0085,0.88775,1,1,0.88775,0.66355,0,0.211207,23476.6,2.46777,0.0349322,4.64462
2,500,200,1000,solar_min,0,0.471,0.00655,0.70605,1,1,0.70605,0.6675,0,5.28997,23377.1,1.39359,0.286133,3.9048
2,500,200,1000,nominal,0,0.4697,0.00795,0.70625,1,1,0.70625,0.6648,0,0.692069,23452.2,1.39437,0.0795971,3.9048
2,500,200,1000,solar_max,0,0.4618,0.00695,0.6997,1,1,0.6997,0.66015,0,0.211207,24117.9,1.39595,0.0349322,3.9048
2,500,250,400,solar_min,0,0.6594,0.00495,1,1,1,1,0.6594,0,5.28997,24463.1,21.2499,0.0956448,8.61863
2,500,250,400,nominal,0,0.65815,0.0055,1,1,1,1,0.65815,0,0.692069,24121.7,21.4039,0.0355445,8.61863
2,500,250,400,solar_max,0,0.66435,0.00505,1,1,1,1,0.66435,0,0.211207,23685.9,21.3313,0.0179902,8.61863
2,500,250,500,solar_min,0,0.6528,0.00715,0.98295,1,1,0.98295,0.6644,0,5.28997,24076.1,11.2832,0.0956448,6.99863
2,500,250,500,nominal,0,0.6516,0.0076,0.98355,1,1,0.98355,0.66245,0,0.692069,23559.7,11.2647,0.0355445,6.99863
2,500,250,500,solar_max,0,0.6579,0.0067,0.98545,1,1,0.98545,0.6679,0,0.211207,23428.9,11.2472,0.0179902,6.99863
2,500,250,619,solar_min,0,0.60205,0.00835,0.9062,1,1,0.9062,0.6652,0,5.28997,23369.1,6.2203,0.0956448,5.77491
2,500,250,619,nominal,0,0.59955,0.0076,0.9054,1,1,0.9054,0.6631,0,0.692069,23954.3,6.18596,0.0355445,5.77491
2,500,250,619,solar_max,0,0.59685,0.00895,0.90545,1,1,0.90545,0.6614,0,0.211207,23671.3,6.16992,0.0179902,5.77491
2,500,250,800,solar_min,0,0.4536,0.0065,0.6967,1,1,0.6967,0.6534,0,5.28997,24483.7,3.09604,0.0956448,4.64462
2,500,250,800,nominal,0,0.4635,0.0064,0.69745,1,1,0.69745,0.66425,0,0.692069,23552.1,3.10078,0.0355445,4.64462
2,500,250,800,solar_max,0,0.4616,0.00695,0.69915,1,1,0.69915,0.6626,0,0.211207,23641,3.08756,0.0179902,4.64462
2,500,250,1000,solar_min,0,0.3064,0.00525,0.46275,1,1,0.46275,0.6613,0,5.28997,23672.7,1.74999,0.0956448,3.9048
2,500,250,1000,nominal,0,0.3041,0.0048,0.45685,1,1,0.45685,0.6607,0,0.692069,23751.9,1.75298,0.0355445,3.9048
2,500,250,1000,solar_max,0,0.3108,0.0049,0.4663,1,1,0.4663,0.66805,0,0.211207,23207.1,1.7442,0.0179902,3.9048
2,600,150,400,solar_min,0.6615,0.6615,0.00755,1,1,1,1,0.6615,1,34.4058,24707.3,12.4209,6.53722,8.61863
2,600,150,400,nominal,0,0.6589,0.0071,1,1,1,1,0.6589,0,3.18559,24272.2,12.4352,0.859189,8.61863
2,600,150,400,solar_max,0,0.66025,0.00705,1,1,1,1,0.66025,0,0.768597,23582.4,12.4164,0.259145,8.61863
2,600,150,500,solar_min,0.66135,0.66135,0.0097,1,1,1,1,0.66135,1,34.4058,24032.4,6.52753,6.53722,6.99863
2,600,150,500,nominal,0,0.66435,0.009,1,1,1,1,0.66435,0,3.18559,23871.8,6.55321,0.859189,6.99863
2,600,150,500,solar_max,0,0.6586,0.0087,1,1,1,1,0.6586,0,0.768597,24086.7,6.54504,0.259145,6.99863
2,600,150,619,solar_min,0.6619,0.6619,0.0104,1,1,1,1,0.6619,1,34.4058,23785.8,3.56797,6.53722,5.77491
2,600,150,619,nominal,0,0.6636,0.00925,1,1,1,1,0.6636,0,3.18559,23665.8,3.57054,0.859189,5.77491
2,600,150,619,solar_max,0,0.6501,0.00915,1,1,1,1,0.6501,0,0.768597,24939.8,3.59832,0.259145,5.77491
2,600,150,800,solar_min,0.6586,0.6586,0.011,0.99515,1,1,0.99515,0.66215,1,34.4058,23644.6,1.79632,6.53722,4.64462
2,600,150,800,nominal,0,0.6574,0.01115,0.9954,1,1,0.9954,0.66015,0,3.18559,24029.8,1.79853,0.859189,4.64462
2,600,150,800,solar_max,0,0.6623,0.00935,0.99445,1,1,0.99445,0.6654,0,0.768597,23479.8,1.80131,0.259145,4.64462
2,600,150,1000,solar_min,0.62105,0.62105,0.01105,0.93755,1,1,0.93755,0.6624,1,34.4058,23919.2,1.0169,6.53722,3.9048
2,600,150,1000,nominal,0,0.6241,0.00885,0.9372,1,1,0.9372,0.6668,0,3.18559,23539.9,1.01696,0.859189,3.9048
2,600,150,1000,solar_max,0,0.61705,0.00975,0.9368,1,1,0.9368,0.65835,0,0.768597,23986.1,1.0178,0.259145,3.9048
2,600,200,400,solar_min,0.66225,0.66225,0.00615,1,1,1,1,0.66225,1,34.4058,24116.4,16.5848,3.07336,8.61863
2,600,200,400,nominal,0,0.65935,0.00555,1,1,1,1,0.65935,0,3.18559,23750.1,16.5618,0.495076,8.61863
2,600,200,400,solar_max,0,0.656,0.0063,1,1,1,1,0.656,0,0.768597,24592.9,16.5638,0.16497,8.61863
2,600,200,500,solar_min,0.66135,0.66135,0.00865,1,1,1,1,0.66135,1,34.4058,24540.7,8.72975,3.07336,6.99863
2,600,200,500,nominal,0,0.6618,0.00725,1,1,1,1,0.6618,0,3.18559,24032.9,8.74385,0.495076,6.99863
2,600,200,500,solar_max,0,0.6596,0.0088,1,1,1,1,0.6596,0,0.768597,23705.5,8.75213,0.16497,6.99863
2,600,200,619,solar_min,0.65045,0.65045,0.0086,0.9914,1,1,0.9914,0.65575,1,34.4058,24533.1,4.83856,3.07336,5.77491
2,600,200,619,nominal,0,0.6535,0.0092,0.99075,1,1,0.99075,0.65925,0,3.18559,24394.1,4.80867,0.495076,5.77491
2,600,200,619,solar_max,0,0.6475,0.00865,0.99025,1,1,0.99025,0.65415,0,0.768597,24155.9,4.81082,0.16497,5.77491
2,600,200,800,solar_min,0.59205,0.59205,0.00805,0.89995,1,1,0.89995,0.6594,1,34.4058,23788.9,2.40867,3.07336,4.64462
2,600,200,800,nominal,0,0.5991,0.00935,0.90495,1,1,0.90495,0.6613,0,3.18559,23477.6,2.41822,0.495076,4.64462
2,600,200,800,solar_max,0,0.59035,0.00965,0.9012,1,1,0.9012,0.65425,0,0.768597,23964.3,2.41882,0.16497,4.64462
2,600,200,1000,solar_min,0.4746,0.4746,0.0091,0.7202,1,1,0.7202,0.6593,1,34.4058,23834.7,1.36529,3.07336,3.9048
2,600,200,1000,nominal,0,0.481,0.00755,0.72675,1,1,0.72675,0.66505,0,3.18559,23622.3,1.36662,0.495076,3.9048
2,600,200,1000,solar_max,0,0.4797,0.00785,0.7272,1,1,0.7272,0.65885,0,0.768597,23622.4,1.36146,0.16497,3.9048
2,600,250,400,solar_min,0.65925,0.65925,0.0058,1,1,1,1,0.65925,1,34.4058,24408.6,20.8461,1.29572,8.61863
2,600,250,400,nominal,0,0.65985,0.0042,1,1,1,1,0.65985,0,3.18559,24218,20.694,0.264909,8.61863
2,600,250,400,solar_max,0,0.6635,0.0056,1,1,1,1,0.6635,0,0.768597,23442.8,20.7279,0.098916,8.61863
2,600,250,500,solar_min,0.6534,0.6534,0.00785,0.989,1,1,0.989,0.66085,1,34.4058,24241.4,11.0011,1.29572,6.99863
2,600,250,500,nominal,0,0.6516,0.0074,0.99025,1,1,0.99025,0.6581,0,3.18559,24271.7,10.9743,0.264909,6.99863
2,600,250,500,solar_max,0,0.65995,0.00875,0.98865,1,1,0.98865,0.6671,0,0.768597,23408.2,10.9643,0.098916,6.99863
2,600,250,619,solar_min,0.61015,0.61015,0.00795,0.9207,1,1,0.9207,0.6615,1,34.4058,23754.9,6.04373,1.29572,5.77491
2,600,250,619,nominal,0,0.6124,0.00835,0.9192,1,1,0.9192,0.66545,0,3.18559,23697.7,6.05708,0.264909,5.77491
2,600,250,619,solar_max,0,0.60525,0.00945,0.9179,1,1,0.9179,0.65865,0,0.768597,23940.7,6.03597,0.098916,5.77491
2,600,250,800,solar_min,0.48255,0.48255,0.00685,0.7242,1,1,0.7242,0.66325,1,34.4058,23924.9,3.02162,1.29572,4.64462
2,600,250,800,nominal,0,0.477,0.00685,0.71955,1,1,0.71955,0.6596,0,3.18559,23989.5,3.02341,0.264909,4.64462
2,600,250,800,solar_max,0,0.4791,0.00745,0.7213,1,1,0.7213,0.663,0,0.768597,23910.7,3.02617,0.098916,4.64462
2,600,250,1000,solar_min,0.32325,0.32325,0.00535,0.48895,1,1,0.48895,0.6612,1,34.4058,23622.2,1.70894,1.29572,3.9048
2,600,250,1000,nominal,0,0.31715,0.00455,0.4814,1,1,0.4814,0.65925,0,3.18559,23435.9,1.71575,0.264909,3.9048
2,600,250,1000,solar_max,0,0.3212,0.00555,0.4881,1,1,0.4881,0.6594,0,0.768597,24053.1,1.70157,0.098916,3.9048
2,700,150,400,solar_min,0,0,0,1,1,0,1,0.65885,0,144.295,24533.4,12.1724,41.8971,8.61863
2,700,150,400,nominal,0,0.6672,0.0063,1,1,1,1,0.6672,0,12.7471,23318.6,12.113,3.9273,8.61863
2,700,150,400,solar_max,0,0.6585,0.00665,1,1,1,1,0.6585,0,2.50152,23826.1,12.1407,0.935047,8.61863
2,700,150,500,solar_min,0,0,0,1,1,0,1,0.65785,0,144.295,24137.3,6.37657,41.8971,6.99863
2,700,150,500,nominal,0,0.65655,0.00955,1,1,1,1,0.65655,0,12.7471,24319.9,6.40405,3.9273,6.99863
2,700,150,500,solar_max,0,0.65805,0.00995,1,1,1,1,0.65805,0,2.50152,24409.3,6.39827,0.935047,6.99863
2,700,150,619,solar_min,0,0,0,1,1,0,1,0.6645,0,144.295,23719.3,3.51643,41.8971,5.77491
2,700,150,619,nominal,0,0.65845,0.0104,1,1,1,1,0.65845,0,12.7471,23946.4,3.53236,3.9273,5.77491
2,700,150,619,solar_max,0,0.65785,0.00945,1,1,1,1,0.65785,0,2.50152,24182.8,3.52677,0.935047,5.77491
2,700,150,800,solar_min,0,0,0,0.99715,1,0,0.99715,0.66005,0,144.295,23702.7,1.77271,41.8971,4.64462
2,700,150,800,nominal,0,0.6576,0.01,0.9971,1,1,0.9971,0.6598,0,12.7471,24254.6,1.75399,3.9273,4.64462
2,700,150,800,solar_max,0,0.6613,0.0119,0.99665,1,1,0.99665,0.6632,0,2.50152,23607.4,1.76595,0.935047,4.64462
2,700,150,1000,solar_min,0,0,0,0.9464,1,0,0.9464,0.664,0,144.295,23430,1.00102,41.8971,3.9048
2,700,150,1000,nominal,0,0.62645,0.0098,0.9448,1,1,0.9448,0.66335,0,12.7471,23687.2,0.995666,3.9273,3.9048
2,700,150,1000,solar_max,0,0.6299,0.0099,0.94745,1,1,0.94745,0.6634,0,2.50152,23670.5,0.995682,0.935047,3.9048
2,700,200,400,solar_min,0.66305,0.66305,0.0076,1,1,1,1,0.66305,1,144.295,23572.8,16.2502,22.979,8.61863
2,700,200,400,nominal,0,0.6638,0.00615,1,1,1,1,0.6638,0,12.7471,23871.3,16.2333,2.41773,8.61863
2,700,200,400,solar_max,0,0.65975,0.0064,1,1,1,1,0.65975,0,2.50152,24382.2,16.2942,0.629422,8.61863
2,700,200,500,solar_min,0.65965,0.65965,0.0081,1,1,1,1,0.65965,1,144.295,24151.7,8.60332,22.979,6.99863
2,700,200,500,nominal,0,0.65585,0.009,1,1,1,1,0.65585,0,12.7471,24571.7,8.56721,2.41773,6.99863
2,700,200,500,solar_max,0,0.6609,0.0083,1,1,1,1,0.6609,0,2.50152,23791.7,8.55139,0.629422,6.99863
2,700,200,619,solar_min,0.65365,0.65365,0.00945,0.9932,1,1,0.9932,0.65775,1,144.295,24005.6,4.75607,22.979,5.77491
2,700,200,619,nominal,0,0.666,0.00965,0.9928,1,1,0.9928,0.67135,0,12.7471,23014.8,4.71548,2.41773,5.77491
2,700,200,619,solar_max,0,0.65375,0.00955,0.99345,1,1,0.99345,0.6579,0,2.50152,23924.4,4.71636,0.629422,5.77491
2,700,200,800,solar_min,0.60495,0.60495,0.00845,0.91795,1,1,0.91795,0.6598,1,144.295,24559.4,2.36381,22.979,4.64462
2,700,200,800,nominal,0,0.60505,0.0084,0.9148,1,1,0.9148,0.6617,0,12.7471,23695.1,2.35395,2.41773,4.64462
2,700,200,800,solar_max,0,0.6104,0.00955,0.91295,1,1,0.91295,0.66765,0,2.50152,23668.4,2.36676,0.629422,4.64462
2,700,200,1000,solar_min,0.49365,0.49365,0.00765,0.75255,1,1,0.75255,0.65845,1,144.295,23747.5,1.32615,22.979,3.9048
2,700,200,1000,nominal,0,0.4939,0.00755,0.7458,1,1,0.7458,0.66225,0,12.7471,23236.6,1.33461,2.41773,3.9048
2,700,200,1000,solar_max,0,0.49355,0.00825,0.7469,1,1,0.7469,0.66155,0,2.50152,24079.1,1.33042,0.629422,3.9048
2,700,250,400,solar_min,0.66085,0.66085,0.0051,1,1,1,1,0.66085,1,144.295,23606.3,20.4264,11.3215,8.61863
2,700,250,400,nominal,0,0.65855,0.00515,1,1,1,1,0.65855,0,12.7471,23651.3,20.5509,1.41233,8.61863
2,700,250,400,solar_max,0,0.66145,0.00505,1,1,1,1,0.66145,0,2.50152,23801.1,20.3493,0.406678,8.61863
2,700,250,500,solar_min,0.6535,0.6535,0.0073,0.991,1,1,0.991,0.6594,1,144.295,24491,10.7341,11.3215,6.99863
2,700,250,500,nominal,0,0.65495,0.00785,0.99215,1,1,0.99215,0.6604,0,12.7471,24479,10.7776,1.41233,6.99863
2,700,250,500,solar_max,0,0.6558,0.00705,0.99295,1,1,0.99295,0.6605,0,2.50152,23853.7,10.7547,0.406678,6.99863
2,700,250,619,solar_min,0.61185,0.61185,0.0089,0.9272,1,1,0.9272,0.65945,1,144.295,23707.1,5.94387,11.3215,5.77491
2,700,250,619,nominal,0,0.6168,0.01025,0.92855,1,1,0.92855,0.66365,0,12.7471,23132.3,5.90259,1.41233,5.77491
2,700,250,619,solar_max,0,0.61755,0.00785,0.9295,1,1,0.9295,0.66445,0,2.50152,23211.9,5.92061,0.406678,5.77491
2,700,250,800,solar_min,0.49825,0.49825,0.0064,0.7466,1,1,0.7466,0.66385,1,144.295,23919.1,2.95864,11.3215,4.64462
2,700,250,800,nominal,0,0.4915,0.00795,0.74305,1,1,0.74305,0.6616,0,12.7471,23543,2.94458,1.41233,4.64462
2,700,250,800,solar_max,0,0.4889,0.00685,0.74095,1,1,0.74095,0.66035,0,2.50152,24015.2,2.96166,0.406678,4.64462
2,700,250,1000,solar_min,0.3371,0.3371,0.005,0.5107,1,1,0.5107,0.65885,1,144.295,24101.7,1.67946,11.3215,3.9048
2,700,250,1000,nominal,0,0.3389,0.006,0.5128,1,1,0.5128,0.66595,0,12.7471,23578.4,1.67924,1.41233,3.9048
2,700,250,1000,solar_max,0,0.33695,0.00515,0.51175,1,1,0.51175,0.66115,0,2.50152,23928.8,1.6711,0.406678,3.9048
2,800,150,400,solar_min,0,0,0,1,1,0,1,0.6634,0,10000,23642,11.8821,170.943,8.61863
2,800,150,400,nominal,0.66215,0.66215,0.00795,1,1,1,1,0.66215,1,44.0001,23679,11.8639,15.5464,8.61863
2,800,150,400,solar_max,0,0.65555,0.00625,1,1,1,1,0.65555,0,7.46433,24450.8,11.869,3.01874,8.61863
2,800,150,500,solar_min,0,0,0,1,1,0,1,0.66605,0,10000,23302.1,6.23056,170.943,6.99863
2,800,150,500,nominal,0.66405,0.66405,0.01025,1,1,1,1,0.66405,1,44.0001,23270.5,6.25743,15.5464,6.99863
2,800,150,500,solar_max,0,0.65765,0.0077,1,1,1,1,0.65765,0,7.46433,24236.2,6.26314,3.01874,6.99863
2,800,150,619,solar_min,0,0,0,1,1,0,1,0.66465,0,10000,23163.6,3.45288,170.943,5.77491
2,800,150,619,nominal,0.65765,0.65765,0.0109,1,1,1,1,0.65765,1,44.0001,24044.7,3.45382,15.5464,5.77491
2,800,150,619,solar_max,0,0.66055,0.00875,1,1,1,1,0.66055,0,7.46433,23866.4,3.42916,3.01874,5.77491
2,800,150,800,solar_min,0,0,0,0.9992,1,0,0.9992,0.66605,0,10000,23555.5,1.72508,170.943,4.64462
2,800,150,800,nominal,0.66465,0.66465,0.01085,0.9989,1,1,0.9989,0.6653,1,44.0001,23031.1,1.72601,15.5464,4.64462
2,800,150,800,solar_max,0,0.66255,0.01085,0.99885,1,1,0.99885,0.6632,0,7.46433,23211.3,1.72141,3.01874,4.64462
2,800,150,1000,solar_min,0,0,0,0.95255,1,0,0.95255,0.6627,0,10000,23532.5,0.972139,170.943,3.9048
2,800,150,1000,nominal,0.6334,0.6334,0.0099,0.9546,1,1,0.9546,0.6629,1,44.0001,23608.9,0.9758,15.5464,3.9048
2,800,150,1000,solar_max,0,0.63485,0.0099,0.95385,1,1,0.95385,0.66435,0,7.46433,23636.4,0.97853,3.01874,3.9048
2,800,200,400,solar_min,0,0,0,1,1,0,1,0.6639,0,10000,23695.4,15.8917,112.501,8.61863
2,800,200,400,nominal,0.66065,0.66065,0.0074,1,1,1,1,0.66065,1,44.0001,24182.8,15.9065,10.0976,8.61863
2,800,200,400,solar_max,0,0.65955,0.00655,1,1,1,1,0.65955,0,7.46433,24309.7,15.8688,2.10965,8.61863
2,800,200,500,solar_min,0,0,0,1,1,0,1,0.6568,0,10000,24274.7,8.37022,112.501,6.99863
2,800,200,500,nominal,0.66065,0.66065,0.00835,1,1,1,1,0.66065,1,44.0001,23748,8.37912,10.0976,6.99863
2,800,200,500,solar_max,0,0.65935,0.00695,1,1,1,1,0.65935,0,7.46433,24402.8,8.43204,2.10965,6.99863
2,800,200,619,solar_min,0,0,0,0.99705,1,0,0.99705,0.65455,0,10000,24331.6,4.62054,112.501,5.77491
2,800,200,619,nominal,0.65575,0.65575,0.00945,0.99545,1,1,0.99545,0.6588,1,44.0001,23730.3,4.62518,10.0976,5.77491
2,800,200,619,solar_max,0,0.65995,0.01025,0.99595,1,1,0.99595,0.6624,0,7.46433,23552.6,4.62201,2.10965,5.77491
2,800,200,800,solar_min,0,0,0,0.92505,1,0,0.92505,0.6579,0,10000,23870.9,2.30036,112.501,4.64462
2,800,200,800,nominal,0.61055,0.61055,0.00795,0.9251,1,1,0.9251,0.6608,1,44.0001,24023.1,2.31486,10.0976,4.64462
2,800,200,800,solar_max,0,0.61385,0.00935,0.9264,1,1,0.9264,0.66345,0,7.46433,23512.5,2.30128,2.10965,4.64462
2,800,200,1000,solar_min,0,0,0,0.77105,1,0,0.77105,0.6634,0,10000,23672.5,1.30601,112.501,3.9048
2,800,200,1000,nominal,0.5086,0.5086,0.0079,0.7659,1,1,0.7659,0.6621,1,44.0001,23567.5,1.30294,10.0976,3.9048
2,800,200,1000,solar_max,0,0.5071,0.00865,0.76375,1,1,0.76375,0.66125,0,7.46433,23647.4,1.31533,2.10965,3.9048
2,800,250,400,solar_min,0,0,0,1,1,0,1,0.65825,0,10000,23859.8,19.9883,67.1076,8.61863
2,800,250,400,nominal,0.65515,0.65515,0.00465,1,1,1,1,0.65515,1,44.0001,24416.4,19.9515,6.26652,8.61863
2,800,250,400,solar_max,0,0.6681,0.00525,1,1,1,1,0.6681,0,7.46433,23578.4,19.9713,1.42784,8.61863
2,800,250,500,solar_min,0,0,0,0.9947,1,0,0.9947,0.6626,0,10000,23397.2,10.4921,67.1076,6.99863
2,800,250,500,nominal,0.6565,0.6565,0.00715,0.9939,1,1,0.9939,0.66025,1,44.0001,23669.9,10.5572,6.26652,6.99863
2,800,250,500,solar_max,0,0.65535,0.00765,0.9933,1,1,0.9933,0.65975,0,7.46433,24122.1,10.5504,1.42784,6.99863
2,800,250,619,solar_min,0,0,0,0.94,1,0,0.94,0.66225,0,10000,23508.6,5.80118,67.1076,5.77491
2,800,250,619,nominal,0.62015,0.62015,0.0093,0.939,1,1,0.939,0.66195,1,44.0001,23718.6,5.7879,6.26652,5.77491
2,800,250,619,solar_max,0,0.6195,0.0098,0.9386,1,1,0.9386,0.6609,0,7.46433,23138.4,5.7514,1.42784,5.77491
2,800,250,800,solar_min,0,0,0,0.76,1,0,0.76,0.6595,0,10000,23413.3,2.90154,67.1076,4.64462
2,800,250,800,nominal,0.5046,0.5046,0.0076,0.7578,1,1,0.7578,0.6636,1,44.0001,24017.9,2.90011,6.26652,4.64462
2,800,250,800,solar_max,0,0.50055,0.0077,0.7594,1,1,0.7594,0.65945,0,7.46433,24398.7,2.90303,1.42784,4.64462
2,800,250,1000,solar_min,0,0,0,0.5365,1,0,0.5365,0.6575,0,10000,23895.7,1.63706,67.1076,3.9048
2,800,250,1000,nominal,0.3528,0.3528,0.00605,0.5389,1,1,0.5389,0.65505,1,44.0001,24302.5,1.6416,6.26652,3.9048
2,800,250,1000,solar_max,0,0.35845,0.00565,0.54515,1,1,0.54515,0.65895,0,7.46433,23762.9,1.62723,1.42784,3.9048
2,900,150,400,solar_min,0,0,0,1,1,0,1,0.65815,0,10000,24438,11.6555,10000,8.61863
2,900,150,400,nominal,0,0,0,1,1,0,1,0.66215,0,127.049,23844.3,11.6759,52.7801,8.61863
2,900,150,400,solar_max,0,0.65595,0.00685,1,1,1,1,0.65595,0,20.5622,24853,11.6954,8.93257,8.61863
2,900,150,500,solar_min,0,0,0,1,1,0,1,0.661,0,10000,23984.1,6.08657,10000,6.99863
2,900,150,500,nominal,0,0,0,1,1,0,1,0.6616,0,127.049,24183.5,6.10632,52.7801,6.99863
2,900,150,500,solar_max,0,0.6622,0.0093,1,1,1,1,0.6622,0,20.5622,24025,6.16376,8.93257,6.99863
2,900,150,619,solar_min,0,0,0,1,1,0,1,0.6589,0,10000,23691.3,3.36962,10000,5.77491
2,900,150,619,nominal,0,0,0,1,1,0,1,0.66025,0,127.049,24472,3.37616,52.7801,5.77491
2,900,150,619,solar_max,0,0.66615,0.00895,1,1,1,1,0.66615,0,20.5622,23194.9,3.3539,8.93257,5.77491
2,900,150,800,solar_min,0,0,0,0.9993,1,0,0.9993,0.6616,0,10000,23956.3,1.68016,10000,4.64462
2,900,150,800,nominal,0,0,0,0.9997,1,0,0.9997,0.6604,0,127.049,23673.3,1.68783,52.7801,4.64462
2,900,150,800,solar_max,0,0.6591,0.00995,0.99955,1,1,0.99955,0.65945,0,20.5622,23658.9,1.69647,8.93257,4.64462
2,900,150,1000,solar_min,0,0,0,0.9611,1,0,0.9611,0.6592,0,10000,24141.4,0.954028,10000,3.9048
2,900,150,1000,nominal,0,0,0,0.96125,1,0,0.96125,0.66015,0,127.049,23683.3,0.95415,52.7801,3.9048
2,900,150,1000,solar_max,0,0.6307,0.0094,0.95985,1,1,0.95985,0.6563,0,20.5622,24180.6,0.95689,8.93257,3.9048
2,900,200,400,solar_min,0,0,0,1,1,0,1,0.65955,0,10000,23886.7,15.6092,10000,8.61863
2,900,200,400,nominal,0,0,0,1,1,0,1,0.65985,0,127.049,24145,15.5489,36.3697,8.61863
2,900,200,400,solar_max,0,0.6559,0.00535,1,1,1,1,0.6559,0,20.5622,23842.2,15.5806,6.43322,8.61863
2,900,200,500,solar_min,0,0,0,1,1,0,1,0.65955,0,10000,24092.4,8.19728,10000,6.99863
2,900,200,500,nominal,0,0,0,1,1,0,1,0.65815,0,127.049,23622.6,8.25565,36.3697,6.99863
2,900,200,500,solar_max,0,0.66455,0.0092,1,1,1,1,0.66455,0,20.5622,23141.3,8.23076,6.43322,6.99863
2,900,200,619,solar_min,0,0,0,0.99775,1,0,0.99775,0.66045,0,10000,23818.4,4.50466,10000,5.77491
2,900,200,619,nominal,0,0,0,0.99745,1,0,0.99745,0.66075,0,127.049,23695.4,4.51806,36.3697,5.77491
2,900,200,619,solar_max,0,0.6644,0.0093,0.99815,1,1,0.99815,0.6655,0,20.5622,23709.6,4.53578,6.43322,5.77491
2,900,200,800,solar_min,0,0,0,0.9351,1,0,0.9351,0.662,0,10000,23674.1,2.26839,10000,4.64462
2,900,200,800,nominal,0,0,0,0.9359,1,0,0.9359,0.6581,0,127.049,24281.9,2.25961,36.3697,4.64462
2,900,200,800,solar_max,0,0.61905,0.00885,0.94,1,1,0.94,0.65895,0,20.5622,23883.7,2.24656,6.43322,4.64462
2,900,200,1000,solar_min,0,0,0,0.7891,1,0,0.7891,0.6641,0,10000,23511.9,1.27196,10000,3.9048
2,900,200,1000,nominal,0,0,0,0.78365,1,0,0.78365,0.6602,0,127.049,24413.7,1.28191,36.3697,3.9048
2,900,200,1000,solar_max,0,0.525,0.00795,0.79135,1,1,0.79135,0.66365,0,20.5622,23684.7,1.2706,6.43322,3.9048
2,900,250,400,solar_min,0,0,0,1,1,0,1,0.66055,0,10000,24091.1,19.6302,10000,8.61863
2,900,250,400,nominal,0.66345,0.66345,0.005,1,1,1,1,0.66345,1,127.049,23676.2,19.5765,23.9776,8.61863
2,900,250,400,solar_max,0,0.6564,0.005,1,1,1,1,0.6564,0,20.5622,24810.7,19.4863,4.50739,8.61863
2,900,250,500,solar_min,0,0,0,0.9976,1,0,0.9976,0.6607,0,10000,23935.9,10.2936,10000,6.99863
2,900,250,500,nominal,0.65625,0.65625,0.00855,0.99595,1,1,0.99595,0.659,1,127.049,24349.8,10.3199,23.9776,6.99863
2,900,250,500,solar_max,0,0.65745,0.00775,0.9971,1,1,0.9971,0.6593,0,20.5622,24177.5,10.3202,4.50739,6.99863
2,900,250,619,solar_min,0,0,0,0.94585,1,0,0.94585,0.659,0,10000,24457.4,5.67459,10000,5.77491
2,900,250,619,nominal,0.6283,0.6283,0.0094,0.94945,1,1,0.94945,0.6621,1,127.049,23140.3,5.68299,23.9776,5.77491
2,900,250,619,solar_max,0,0.62605,0.00875,0.9488,1,1,0.9488,0.65915,0,20.5622,23879,5.67503,4.50739,5.77491
2,900,250,800,solar_min,0,0,0,0.7802,1,0,0.7802,0.66515,0,10000,23570.6,2.82335,10000,4.64462
2,900,250,800,nominal,0.51585,0.51585,0.00795,0.78155,1,1,0.78155,0.66355,1,127.049,23544.9,2.84286,23.9776,4.64462
2,900,250,800,solar_max,0,0.51845,0.0077,0.78035,1,1,0.78035,0.66425,0,20.5622,23543,2.83166,4.50739,4.64462
2,900,250,1000,solar_min,0,0,0,0.5589,1,0,0.5589,0.66415,0,10000,23935.6,1.60815,10000,3.9048
2,900,250,1000,nominal,0.3723,0.3723,0.00515,0.5564,1,1,0.5564,0.66705,1,127.049,23466.8,1.60898,23.9776,3.9048
2,900,250,1000,solar_max,0,0.3685,0.0066,0.5551,1,1,0.5551,0.6603,0,20.5622,24512.8,1.60465,4.50739,3.9048
2,1000,150,400,solar_min,0,0,0,1,1,0,1,0.6632,0,10000,23359,11.3394,10000,8.61863
2,1000,150,400,nominal,0,0,0,1,1,0,1,0.66015,0,10000,23712,11.4128,149.077,8.61863
2,1000,150,400,solar_max,0.6618,0.6618,0.00735,1,1,1,1,0.6618,1,52.0592,23859.1,11.3795,24.3691,8.61863
2,1000,150,500,solar_min,0,0,0,1,1,0,1,0.65615,0,10000,23885.9,6.00886,10000,6.99863
2,1000,150,500,nominal,0,0,0,1,1,0,1,0.65975,0,10000,23728.5,6.01948,149.077,6.99863
2,1000,150,500,solar_max,0.654,0.654,0.009,1,1,1,1,0.654,1,52.0592,24506.5,6.03433,24.3691,6.99863
2,1000,150,619,solar_min,0,0,0,1,1,0,1,0.6594,0,10000,23962.2,3.30822,10000,5.77491
2,1000,150,619,nominal,0,0,0,1,1,0,1,0.66115,0,10000,24245.1,3.3203,149.077,5.77491
2,1000,150,619,solar_max,0.66115,0.66115,0.00935,1,1,1,1,0.66115,1,52.0592,23817.6,3.30534,24.3691,5.77491
2,1000,150,800,solar_min,0,0,0,0.99995,1,0,0.99995,0.65895,0,10000,23807.4,1.65194,10000,4.64462
2,1000,150,800,nominal,0,0,0,0.99995,1,0,0.99995,0.66385,0,10000,23464.8,1.66162,149.077,4.64462
2,1000,150,800,solar_max,0.6667,0.6667,0.01025,1,1,1,1,0.6667,1,52.0592,23129.3,1.65344,24.3691,4.64462
2,1000,150,1000,solar_min,0,0,0,0.96755,1,0,0.96755,0.6636,0,10000,23462.7,0.941148,10000,3.9048
2,1000,150,1000,nominal,0,0,0,0.96885,1,0,0.96885,0.66015,0,10000,23605.4,0.936338,149.077,3.9048
2,1000,150,1000,solar_max,0.63945,0.63945,0.00965,0.96555,1,1,0.96555,0.66215,1,52.0592,24042,0.942124,24.3691,3.9048
2,1000,200,400,solar_min,0,0,0,1,1,0,1,0.662,0,10000,24063.7,15.3228,10000,8.61863
2,1000,200,400,nominal,0,0,0,1,1,0,1,0.6585,0,10000,24130.1,15.2914,109.947,8.61863
2,1000,200,400,solar_max,0.65935,0.65935,0.00665,1,1,1,1,0.65935,1,52.0592,23594,15.2346,18.0603,8.61863
2,1000,200,500,solar_min,0,0,0,1,1,0,1,0.66445,0,10000,23403.6,8.07794,10000,6.99863
2,1000,200,500,nominal,0,0,0,1,1,0,1,0.65995,0,10000,24434.4,8.0204,109.947,6.99863
2,1000,200,500,solar_max,0.65825,0.65825,0.0083,1,1,1,1,0.65825,1,52.0592,23808.8,8.03548,18.0603,6.99863
2,1000,200,619,solar_min,0,0,0,0.99915,1,0,0.99915,0.66215,0,10000,23968.4,4.41583,10000,5.77491
2,1000,200,619,nominal,0,0,0,0.9988,1,0,0.9988,0.66605,0,10000,23553.2,4.43692,109.947,5.77491
2,1000,200,619,solar_max,0.65835,0.65835,0.0087,0.99915,1,1,0.99915,0.6589,1,52.0592,23930.2,4.40237,18.0603,5.77491
2,1000,200,800,solar_min,0,0,0,0.94435,1,0,0.94435,0.65735,0,10000,24637.5,2.21211,10000,4.64462
2,1000,200,800,nominal,0,0,0,0.9442,1,0,0.9442,0.65915,0,10000,24101.2,2.2177,109.947,4.64462
2,1000,200,800,solar_max,0.62425,0.62425,0.009,0.9392,1,1,0.9392,0.66375,1,52.0592,23647.8,2.22018,18.0603,4.64462
2,1000,200,1000,solar_min,0,0,0,0.80425,1,0,0.80425,0.66355,0,10000,23445.9,1.24744,10000,3.9048
2,1000,200,1000,nominal,0,0,0,0.8087,1,0,0.8087,0.65975,0,10000,23785.9,1.2475,109.947,3.9048
2,1000,200,1000,solar_max,0.5355,0.5355,0.00905,0.8057,1,1,0.8057,0.66575,1,52.0592,23474,1.24973,18.0603,3.9048
2,1000,250,400,solar_min,0,0,0,1,1,0,1,0.6559,0,10000,24552.4,19.1621,10000,8.61863
2,1000,250,400,nominal,0,0,0,1,1,0,1,0.6567,0,10000,24203.2,19.2305,77.7703,8.61863
2,1000,250,400,solar_max,0.662,0.662,0.00535,1,1,1,1,0.662,1,52.0592,24052.8,19.0809,13.0511,8.61863
2,1000,250,500,solar_min,0,0,0,0.99835,1,0,0.99835,0.66515,0,10000,23899.9,10.0988,10000,6.99863
2,1000,250,500,nominal,0,0,0,0.9979,1,0,0.9979,0.66705,0,10000,23277.2,10.0773,77.7703,6.99863
2,1000,250,500,solar_max,0.66635,0.66635,0.00815,0.9983,1,1,0.9983,0.6673,1,52.0592,23259.8,10.0703,13.0511,6.99863
2,1000,250,619,solar_min,0,0,0,0.9537,1,0,0.9537,0.6616,0,10000,23213.2,5.55158,10000,5.77491
2,1000,250,619,nominal,0,0,0,0.95515,1,0,0.95515,0.65635,0,10000,24289.9,5.58218,77.7703,5.77491
2,1000,250,619,solar_max,0.6264,0.6264,0.009,0.95545,1,1,0.95545,0.6561,1,52.0592,24513.1,5.5316,13.0511,5.77491
2,1000,250,800,solar_min,0,0,0,0.79745,1,0,0.79745,0.6599,0,10000,23836.4,2.78979,10000,4.64462
2,1000,250,800,nominal,0,0,0,0.80045,1,0,0.80045,0.6567,0,10000,24165,2.76868,77.7703,4.64462
2,1000,250,800,solar_max,0.5232,0.5232,0.0082,0.80025,1,1,0.80025,0.65485,1,52.0592,24558.8,2.77178,13.0511,4.64462
2,1000,250,1000,solar_min,0,0,0,0.58345,1,0,0.58345,0.6639,0,10000,23354.9,1.56733,10000,3.9048
2,1000,250,1000,nominal,0,0,0,0.58035,1,0,0.58035,0.65765,0,10000,24195.2,1.57765,77.7703,3.9048
2,1000,250,1000,solar_max,0.3792,0.3792,0.00555,0.5798,1,1,0.5798,0.65475,1,52.0592,24517.4,1.56841,13.0511,3.9048
2,1100,150,400,solar_min,0,0,0,1,1,0,1,0.6585,0,10000,24673.5,11.1466,10000,8.61863
2,1100,150,400,nominal,0,0,0,1,1,0,1,0.6596,0,10000,24187.8,11.1956,10000,8.61863
2,1100,150,400,solar_max,0,0,0,1,1,0,1,0.66295,0,119.896,23658.8,11.1874,60.9638,8.61863
2,1100,150,500,solar_min,0,0,0,1,1,0,1,0.6596,0,10000,23769.4,5.89334,10000,6.99863
2,1100,150,500,nominal,0,0,0,1,1,0,1,0.6607,0,10000,24256.9,5.90103,10000,6.99863
2,1100,150,500,solar_max,0,0,0,1,1,0,1,0.65705,0,119.896,23806.3,5.88556,60.9638,6.99863
2,1100,150,619,solar_min,0,0,0,1,1,0,1,0.6582,0,10000,24202.7,3.24305,10000,5.77491
2,1100,150,619,nominal,0,0,0,1,1,0,1,0.6624,0,10000,23736.6,3.22782,10000,5.77491
2,1100,150,619,solar_max,0,0,0,1,1,0,1,0.6599,0,119.896,24136.2,3.22456,60.9638,5.77491
2,1100,150,800,solar_min,0,0,0,1,1,0,1,0.65595,0,10000,24536.3,1.61292,10000,4.64462
2,1100,150,800,nominal,0,0,0,1,1,0,1,0.66315,0,10000,23398.6,1.62365,10000,4.64462
2,1100,150,800,solar_max,0,0,0,1,1,0,1,0.6613,0,119.896,23668.2,1.62624,60.9638,4.64462
2,1100,150,1000,solar_min,0,0,0,0.9744,1,0,0.9744,0.652,0,10000,24570.1,0.912936,10000,3.9048
2,1100,150,1000,nominal,0,0,0,0.9737,1,0,0.9737,0.6608,0,10000,24027.9,0.914151,10000,3.9048
2,1100,150,1000,solar_max,0,0,0,0.9726,1,0,0.9726,0.6576,0,119.896,24492.5,0.916701,60.9638,3.9048
2,1100,200,400,solar_min,0,0,0,1,1,0,1,0.65915,0,10000,24322.6,14.9205,10000,8.61863
2,1100,200,400,nominal,0,0,0,1,1,0,1,0.6596,0,10000,24293.8,15.0172,10000,8.61863
2,1100,200,400,solar_max,0,0,0,1,1,0,1,0.65635,0,119.896,24276.8,15.0165,46.5836,8.61863
2,1100,200,500,solar_min,0,0,0,1,1,0,1,0.65905,0,10000,24664.4,7.88444,10000,6.99863
2,1100,200,500,nominal,0,0,0,1,1,0,1,0.6666,0,10000,23801.4,7.93111,10000,6.99863
2,1100,200,500,solar_max,0,0,0,1,1,0,1,0.6565,0,119.896,24061.5,7.90531,46.5836,6.99863
2,1100,200,619,solar_min,0,0,0,0.9996,1,0,0.9996,0.66305,0,10000,24060.6,4.31524,10000,5.77491
2,1100,200,619,nominal,0,0,0,0.99975,1,0,0.99975,0.65635,0,10000,24790.9,4.33855,10000,5.77491
2,1100,200,619,solar_max,0,0,0,0.9997,1,0,0.9997,0.66105,0,119.896,23635.2,4.33475,46.5836,5.77491
2,1100,200,800,solar_min,0,0,0,0.9514,1,0,0.9514,0.6627,0,10000,23799.2,2.17104,10000,4.64462
2,1100,200,800,nominal,0,0,0,0.95415,1,0,0.95415,0.661,0,10000,23604.6,2.16748,10000,4.64462
2,1100,200,800,solar_max,0,0,0,0.95155,1,0,0.95155,0.66375,0,119.896,24114.8,2.17148,46.5836,4.64462
2,1100,200,1000,solar_min,0,0,0,0.8217,1,0,0.8217,0.6616,0,10000,23771.2,1.2205,10000,3.9048
2,1100,200,1000,nominal,0,0,0,0.8218,1,0,0.8218,0.66565,0,10000,22880.6,1.2276,10000,3.9048
2,1100,200,1000,solar_max,0,0,0,0.81795,1,0,0.81795,0.6645,0,119.896,23407,1.22867,46.5836,3.9048
2,1100,250,400,solar_min,0,0,0,1,1,0,1,0.65835,0,10000,24264.4,18.6943,10000,8.61863
2,1100,250,400,nominal,0,0,0,1,1,0,1,0.65975,0,10000,24347.7,18.8243,10000,8.61863
2,1100,250,400,solar_max,0,0,0,1,1,0,1,0.6576,0,119.896,24508.7,18.6573,34.7529,8.61863
2,1100,250,500,solar_min,0,0,0,0.9994,1,0,0.9994,0.66165,0,10000,23536.6,9.91965,10000,6.99863
2,1100,250,500,nominal,0,0,0,0.99955,1,0,0.99955,0.65285,0,10000,24792.5,9.88843,10000,6.99863
2,1100,250,500,solar_max,0,0,0,0.99925,1,0,0.99925,0.65595,0,119.896,24851.3,9.91847,34.7529,6.99863
2,1100,250,619,solar_min,0,0,0,0.9643,1,0,0.9643,0.66245,0,10000,23431,5.40936,10000,5.77491
2,1100,250,619,nominal,0,0,0,0.9617,1,0,0.9617,0.6605,0,10000,23927.4,5.44394,10000,5.77491
2,1100,250,619,solar_max,0,0,0,0.96335,1,0,0.96335,0.65695,0,119.896,23896.8,5.44207,34.7529,5.77491
2,1100,250,800,solar_min,0,0,0,0.81595,1,0,0.81595,0.6594,0,10000,23935.2,2.71298,10000,4.64462
2,1100,250,800,nominal,0,0,0,0.81835,1,0,0.81835,0.65635,0,10000,24329.6,2.71663,10000,4.64462
2,1100,250,800,solar_max,0,0,0,0.81285,1,0,0.81285,0.66745,0,119.896,23067.1,2.72931,34.7529,4.64462
2,1100,250,1000,solar_min,0,0,0,0.6035,1,0,0.6035,0.663,0,10000,23608,1.53977,10000,3.9048
2,1100,250,1000,nominal,0,0,0,0.60615,1,0,0.60615,0.65545,0,10000,24022.5,1.53331,10000,3.9048
2,1100,250,1000,solar_max,0,0,0,0.6028,1,0,0.6028,0.66465,0,119.896,23448.3,1.54331,34.7529,3.9048
2,1200,150,400,solar_min,0,0,0,1,1,0,1,0.6666,0,10000,23922.2,10.8847,10000,8.61863
2,1200,150,400,nominal,0,0,0,1,1,0,1,0.65465,0,10000,24710.8,10.9537,10000,8.61863
2,1200,150,400,solar_max,0,0,0,1,1,0,1,0.6567,0,10000,24381.4,10.9114,138.401,8.61863
2,1200,150,500,solar_min,0,0,0,1,1,0,1,0.6631,0,10000,23650,5.80393,10000,6.99863
2,1200,150,500,nominal,0,0,0,1,1,0,1,0.6621,0,10000,24023.5,5.7527,10000,6.99863
2,1200,150,500,solar_max,0,0,0,1,1,0,1,0.66275,0,10000,23408.7,5.77836,138.401,6.99863
2,1200,150,619,solar_min,0,0,0,1,1,0,1,0.66175,0,10000,23205.7,3.19268,10000,5.77491
2,1200,150,619,nominal,0,0,0,1,1,0,1,0.65945,0,10000,24047.9,3.16468,10000,5.77491
2,1200,150,619,solar_max,0,0,0,1,1,0,1,0.6578,0,10000,23718,3.17508,138.401,5.77491
2,1200,150,800,solar_min,0,0,0,1,1,0,1,0.65885,0,10000,23910.5,1.58293,10000,4.64462
2,1200,150,800,nominal,0,0,0,1,1,0,1,0.6653,0,10000,23311.6,1.58493,10000,4.64462
2,1200,150,800,solar_max,0,0,0,1,1,0,1,0.6618,0,10000,24122.1,1.59732,138.401,4.64462
2,1200,150,1000,solar_min,0,0,0,0.9776,1,0,0.9776,0.65885,0,10000,24408.2,0.898469,10000,3.9048
2,1200,150,1000,nominal,0,0,0,0.97945,1,0,0.97945,0.66155,0,10000,23629.8,0.900293,10000,3.9048
2,1200,150,1000,solar_max,0,0,0,0.97855,1,0,0.97855,0.66005,0,10000,23860.6,0.900564,138.401,3.9048
2,1200,200,400,solar_min,0,0,0,1,1,0,1,0.6559,0,10000,24275.8,14.5781,10000,8.61863
2,1200,200,400,nominal,0,0,0,1,1,0,1,0.66,0,10000,24131.3,14.6104,10000,8.61863
2,1200,200,400,solar_max,0,0,0,1,1,0,1,0.6603,0,10000,24137.7,14.6408,109.353,8.61863
2,1200,200,500,solar_min,0,0,0,1,1,0,1,0.66455,0,10000,24001.4,7.73943,10000,6.99863
2,1200,200,500,nominal,0,0,0,1,1,0,1,0.6635,0,10000,23245,7.73538,10000,6.99863
2,1200,200,500,solar_max,0,0,0,1,1,0,1,0.66035,0,10000,23789.5,7.70887,109.353,6.99863
2,1200,200,619,solar_min,0,0,0,1,1,0,1,0.6534,0,10000,24965.5,4.25765,10000,5.77491
2,1200,200,619,nominal,0,0,0,1,1,0,1,0.65775,0,10000,23948.3,4.23346,10000,5.77491
2,1200,200,619,solar_max,0,0,0,0.99995,1,0,0.99995,0.6632,0,10000,23214.8,4.24686,109.353,5.77491
2,1200,200,800,solar_min,0,0,0,0.9578,1,0,0.9578,0.65545,0,10000,24649.7,2.12375,10000,4.64462
2,1200,200,800,nominal,0,0,0,0.9599,1,0,0.9599,0.6633,0,10000,23738.5,2.13432,10000,4.64462
2,1200,200,800,solar_max,0,0,0,0.95885,1,0,0.95885,0.6608,0,10000,23978.2,2.13781,109.353,4.64462
2,1200,200,1000,solar_min,0,0,0,0.8399,1,0,0.8399,0.65415,0,10000,24447,1.19982,10000,3.9048
2,1200,200,1000,nominal,0,0,0,0.83585,1,0,0.83585,0.6598,0,10000,24627.8,1.20325,10000,3.9048
2,1200,200,1000,solar_max,0,0,0,0.83515,1,0,0.83515,0.6623,0,10000,24002.2,1.20225,109.353,3.9048
2,1200,250,400,solar_min,0,0,0,1,1,0,1,0.6616,0,10000,23858.8,18.4107,10000,8.61863
2,1200,250,400,nominal,0,0,0,1,1,0,1,0.65615,0,10000,23991.4,18.454,10000,8.61863
2,1200,250,400,solar_max,0,0,0,1,1,0,1,0.6617,0,10000,24043.6,18.3529,84.4698,8.61863
2,1200,250,500,solar_min,0,0,0,0.99975,1,0,0.99975,0.6644,0,10000,24060.1,9.70631,10000,6.99863
2,1200,250,500,nominal,0,0,0,0.99995,1,0,0.99995,0.66545,0,10000,23210.5,9.68477,10000,6.99863
2,1200,250,500,solar_max,0,0,0,0.99985,1,0,0.99985,0.6624,0,10000,24108.3,9.73243,84.4698,6.99863
2,1200,250,619,solar_min,0,0,0,0.9682,1,0,0.9682,0.6588,0,10000,23711.8,5.35472,10000,5.77491
2,1200,250,619,nominal,0,0,0,0.9684,1,0,0.9684,0.6592,0,10000,23858.4,5.31388,10000,5.77491
2,1200,250,619,solar_max,0,0,0,0.96985,1,0,0.96985,0.6598,0,10000,23876.2,5.30643,84.4698,5.77491
2,1200,250,800,solar_min,0,0,0,0.83315,1,0,0.83315,0.66125,0,10000,23668,2.67359,10000,4.64462
2,1200,250,800,nominal,0,0,0,0.8322,1,0,0.8322,0.6621,0,10000,23787,2.66072,10000,4.64462
2,1200,250,800,solar_max,0,0,0,0.8344,1,0,0.8344,0.66125,0,10000,23755,2.6696,84.4698,4.64462
2,1200,250,1000,solar_min,0,0,0,0.62575,1,0,0.62575,0.65475,0,10000,24214.1,1.51204,10000,3.9048
2,1200,250,1000,nominal,0,0,0,0.6303,1,0,0.6303,0.65935,0,10000,24389.5,1.50474,10000,3.9048
2,1200,250,1000,solar_max,0,0,0,0.62435,1,0,0.62435,0.6668,0,10000,23749.7,1.50753,84.4698,3.9048
5,400,150,400,solar_min,0,0.6582,0.43265,1,1,1,1,0.6582,0,1.45287,23923.5,32.5163,0.125893,8.61863
5,400,150,400,nominal,0,0.6599,0.432,1,1,1,1,0.6599,0,0.312242,23959.2,32.3635,0.0492752,8.61863
5,400,150,400,solar_max,0,0.6564,0.428,1,1,1,1,0.6564,0,0.122591,24514.9,32.432,0.025931,8.61863
5,400,150,500,solar_min,0,0.65385,0.43145,1,1,1,1,0.65385,0,1.45287,24418.7,17.4323,0.125893,6.99863
5,400,150,500,nominal,0,0.66275,0.43035,1,1,1,1,0.66275,0,0.312242,24251.1,17.4685,0.0492752,6.99863
5,400,150,500,solar_max,0,0.6547,0.4333,1,1,1,1,0.6547,0,0.122591,24136.9,17.3269,0.025931,6.99863
5,400,150,619,solar_min,0,0.66045,0.43335,1,1,1,1,0.66045,0,1.45287,24260.3,14.0639,0.125893,5.77491
5,400,150,619,nominal,0,0.66,0.43125,1,1,1,1,0.66,0,0.312242,24027.5,14.1034,0.0492752,5.77491
5,400,150,619,solar_max,0,0.6566,0.42755,1,1,1,1,0.6566,0,0.122591,24391.6,14.061,0.025931,5.77491
5,400,150,800,solar_min,0,0.6514,0.42375,0.98925,1,1,0.98925,0.65845,0,1.45287,24220.3,10.8663,0.125893,4.64462
5,400,150,800,nominal,0,0.6547,0.4312,0.9902,1,1,0.9902,0.6616,0,0.312242,23934.9,10.8818,0.0492752,4.64462
5,400,150,800,solar_max,0,0.6535,0.427,0.98865,1,1,0.98865,0.66095,0,0.122591,24087.2,10.9681,0.025931,4.64462
5,400,150,1000,solar_min,0,0.6071,0.39345,0.91565,1,1,0.91565,0.66185,0,1.45287,24234.3,8.73665,0.125893,3.9048
5,400,150,1000,nominal,0,0.60085,0.39375,0.9118,1,1,0.9118,0.65745,0,0.312242,24405.1,8.72194,0.0492752,3.9048
5,400,150,1000,solar_max,0,0.60795,0.4044,0.916,1,1,0.916,0.6625,0,0.122591,23233.9,8.69927,0.025931,3.9048
5,400,200,400,solar_min,0,0.66135,0.42825,1,1,1,1,0.66135,0,1.45287,24329.1,43.4476,0.0349655,8.61863
5,400,200,400,nominal,0,0.6605,0.42495,1,1,1,1,0.6605,0,0.312242,24583.7,43.4499,0.0186818,8.61863
5,400,200,400,solar_max,0,0.6527,0.4264,1,1,1,1,0.6527,0,0.122591,24971.3,43.0769,0.0115153,8.61863
5,400,200,500,solar_min,0,0.66255,0.43605,1,1,1,1,0.66255,0,1.45287,23730.6,23.3639,0.0349655,6.99863
5,400,200,500,nominal,0,0.6568,0.43585,1,1,1,1,0.6568,0,0.312242,23914.8,23.2873,0.0186818,6.99863
5,400,200,500,solar_max,0,0.66595,0.43535,1,1,1,1,0.66595,0,0.122591,23631.4,23.2956,0.0115153,6.99863
5,400,200,619,solar_min,0,0.6451,0.4233,0.98305,1,1,0.98305,0.656,0,1.45287,24220.3,18.8207,0.0349655,5.77491
5,400,200,619,nominal,0,0.64905,0.4294,0.98245,1,1,0.98245,0.66025,0,0.312242,23858.9,18.7059,0.0186818,5.77491
5,400,200,619,solar_max,0,0.64505,0.4204,0.98355,1,1,0.98355,0.65545,0,0.122591,24612.2,18.7781,0.0115153,5.77491
5,400,200,800,solar_min,0,0.5809,0.37985,0.8772,1,1,0.8772,0.6616,0,1.45287,24301.5,14.5376,0.0349655,4.64462
5,400,200,800,nominal,0,0.5827,0.38305,0.87225,1,1,0.87225,0.667,0,0.312242,23255.4,14.5881,0.0186818,4.64462
5,400,200,800,solar_max,0,0.5768,0.3763,0.8739,1,1,0.8739,0.66015,0,0.122591,24460,14.5967,0.0115153,4.64462
5,400,200,1000,solar_min,0,0.4496,0.29415,0.68285,1,1,0.68285,0.65845,0,1.45287,23958.8,11.616,0.0349655,3.9048
5,400,200,1000,nominal,0,0.45555,0.3018,0.6826,1,1,0.6826,0.66665,0,0.312242,23324,11.6561,0.0186818,3.9048
5,400,200,1000,solar_max,0,0.4568,0.30175,0.6825,1,1,0.6825,0.6664,0,0.122591,23250.6,11.6694,0.0115153,3.9048
5,400,250,400,solar_min,0,0.6605,0.42635,1,1,1,1,0.6605,0,1.45287,24411,54.5075,0.00558934,8.61863
5,400,250,400,nominal,0,0.6501,0.4205,1,1,1,1,0.6501,0,0.312242,25257.9,54.4118,0.00420769,8.61863
5,400,250,400,solar_max,0,0.66615,0.4392,1,1,1,1,0.66615,0,0.122591,23249.5,54.393,0.00318739,8.61863
5,400,250,500,solar_min,0,0.641,0.41705,0.9791,1,1,0.9791,0.6546,0,1.45287,24524.1,29.1385,0.00558934,6.99863
5,400,250,500,nominal,0,0.643,0.4202,0.98045,1,1,0.98045,0.65515,0,0.312242,24324.5,29.283,0.00420769,6.99863
5,400,250,500,solar_max,0,0.64305,0.4208,0.97895,1,1,0.97895,0.6567,0,0.122591,24189,29.2633,0.00318739,6.99863
5,400,250,619,solar_min,0,0.59205,0.38525,0.89205,1,1,0.89205,0.6657,0,1.45287,23306.3,23.7364,0.00558934,5.77491
5,400,250,619,nominal,0,0.5986,0.3916,0.89835,1,1,0.89835,0.66535,0,0.312242,23540.2,23.5576,0.00420769,5.77491
5,400,250,619,solar_max,0,0.5876,0.3847,0.89305,1,1,0.89305,0.6582,0,0.122591,24473.1,23.6242,0.00318739,5.77491
5,400,250,800,solar_min,0,0.4538,0.2966,0.68265,1,1,0.68265,0.665,0,1.45287,23637.1,18.2871,0.00558934,4.64462
5,400,250,800,nominal,0,0.44115,0.28595,0.67865,1,1,0.67865,0.65455,0,0.312242,24595.8,18.2887,0.00420769,4.64462
5,400,250,800,solar_max,0,0.4452,0.2888,0.67665,1,1,0.67665,0.65795,0,0.122591,24550,18.3022,0.00318739,4.64462
5,400,250,1000,solar_min,0,0.29285,0.191,0.439,1,1,0.439,0.66625,0,1.45287,23786.6,14.6073,0.00558934,3.9048
5,400,250,1000,nominal,0,0.2803,0.18465,0.42845,1,1,0.42845,0.65985,0,0.312242,23639,14.6746,0.00420769,3.9048
5,400,250,1000,solar_max,0,0.28715,0.19035,0.4319,1,1,0.4319,0.66205,0,0.122591,23770.1,14.6072,0.00318739,3.9048
5,500,150,400,solar_min,0,0.65705,0.42745,1,1,1,1,0.65705,0,13.2249,24577,31.6559,1.78559,8.61863
5,500,150,400,nominal,0,0.6614,0.4252,1,1,1,1,0.6614,0,1.73017,24626.3,31.7375,0.388549,8.61863
5,500,150,400,solar_max,0,0.65895,0.433,1,1,1,1,0.65895,0,0.528017,24311.6,31.7795,0.151661,8.61863
5,500,150,500,solar_min,0,0.66735,0.4365,1,1,1,1,0.66735,0,13.2249,23276.6,17.1312,1.78559,6.99863
5,500,150,500,nominal,0,0.65735,0.42795,1,1,1,1,0.65735,0,1.73017,24520.1,17.0008,0.388549,6.99863
5,500,150,500,solar_max,0,0.6573,0.43155,1,1,1,1,0.6573,0,0.528017,24157.1,17.0516,0.151661,6.99863
5,500,150,619,solar_min,0,0.6596,0.4327,1,1,1,1,0.6596,0,13.2249,24210.4,13.7124,1.78559,5.77491
5,500,150,619,nominal,0,0.6553,0.4283,1,1,1,1,0.6553,0,1.73017,24747.7,13.7283,0.388549,5.77491
5,500,150,619,solar_max,0,0.66155,0.43085,1,1,1,1,0.66155,0,0.528017,24064.1,13.7633,0.151661,5.77491
5,500,150,800,solar_min,0,0.6606,0.4336,0.9931,1,1,0.9931,0.66485,0,13.2249,23521.3,10.6301,1.78559,4.64462
5,500,150,800,nominal,0,0.65195,0.4282,0.99255,1,1,0.99255,0.65645,0,1.73017,24499.6,10.6365,0.388549,4.64462
5,500,150,800,solar_max,0,0.65755,0.4318,0.993,1,1,0.993,0.6622,0,0.528017,23666.4,10.6606,0.151661,4.64462
5,500,150,1000,solar_min,0,0.60895,0.3987,0.9272,1,1,0.9272,0.6564,0,13.2249,24360.5,8.51114,1.78559,3.9048
5,500,150,1000,nominal,0,0.6178,0.40445,0.92605,1,1,0.92605,0.6646,0,1.73017,23526,8.51122,0.388549,3.9048
5,500,150,1000,solar_max,0,0.60805,0.4004,0.9245,1,1,0.9245,0.65815,0,0.528017,23902.1,8.4999,0.151661,3.9048
5,500,200,400,solar_min,0,0.65905,0.4299,1,1,1,1,0.65905,0,13.2249,24296.9,42.2994,0.715334,8.61863
5,500,200,400,nominal,0,0.6565,0.42465,1,1,1,1,0.6565,0,1.73017,24482.5,42.4451,0.198993,8.61863
5,500,200,400,solar_max,0,0.665,0.42935,1,1,1,1,0.665,0,0.528017,24088.4,42.4414,0.0873304,8.61863
5,500,200,500,solar_min,0,0.66715,0.43705,1,1,1,1,0.66715,0,13.2249,23625.6,22.8191,0.715334,6.99863
5,500,200,500,nominal,0,0.66575,0.4398,1,1,1,1,0.66575,0,1.73017,23423.1,22.8799,0.198993,6.99863
5,500,200,500,solar_max,0,0.66535,0.43455,1,1,1,1,0.66535,0,0.528017,23661.8,22.7784,0.0873304,6.99863
5,500,200,619,solar_min,0,0.6478,0.42055,0.987,1,1,0.987,0.65635,0,13.2249,24526.8,18.4315,0.715334,5.77491
5,500,200,619,nominal,0,0.65145,0.42985,0.987,1,1,0.987,0.66025,0,1.73017,23794.9,18.5361,0.198993,5.77491
5,500,200,619,solar_max,0,0.6564,0.42445,0.9876,1,1,0.9876,0.66485,0,0.528017,24233.3,18.4277,0.0873304,5.77491
5,500,200,800,solar_min,0,0.5861,0.3826,0.8882,1,1,0.8882,0.65875,0,13.2249,24370.8,14.2743,0.715334,4.64462
5,500,200,800,nominal,0,0.59255,0.38895,0.88745,1,1,0.88745,0.6684,0,1.73017,23172.4,14.2309,0.198993,4.64462
5,500,200,800,solar_max,0,0.58725,0.38665,0.889,1,1,0.889,0.6622,0,0.528017,23469.7,14.2959,0.0873304,4.64462
5,500,200,1000,solar_min,0,0.4671,0.3067,0.7048,1,1,0.7048,0.6583,0,13.2249,24147.1,11.4025,0.715334,3.9048
5,500,200,1000,nominal,0,0.465,0.3096,0.7027,1,1,0.7027,0.6606,0,1.73017,23341.4,11.4715,0.198993,3.9048
5,500,200,1000,solar_max,0,0.47015,0.31135,0.712,1,1,0.712,0.65935,0,0.528017,23921.1,11.3756,0.0873304,3.9048
5,500,250,400,solar_min,0,0.6624,0.43255,1,1,1,1,0.6624,0,13.2249,24041.6,53.3356,0.239112,8.61863
5,500,250,400,nominal,0,0.65875,0.4283,1,1,1,1,0.65875,0,1.73017,24161,53.1363,0.0888613,8.61863
5,500,250,400,solar_max,0,0.65685,0.42645,1,1,1,1,0.65685,0,0.528017,24332,53.0396,0.0449754,8.61863
5,500,250,500,solar_min,0,0.64985,0.42455,0.9857,1,1,0.9857,0.65925,0,13.2249,24298.2,28.5931,0.239112,6.99863
5,500,250,500,nominal,0,0.6542,0.42275,0.98405,1,1,0.98405,0.6656,0,1.73017,23985.7,28.5736,0.0888613,6.99863
5,500,250,500,solar_max,0,0.6504,0.4283,0.9844,1,1,0.9844,0.6608,0,0.528017,23945.3,28.6512,0.0449754,6.99863
5,500,250,619,solar_min,0,0.6024,0.3921,0.9082,1,1,0.9082,0.66505,0,13.2249,23862.4,23.0568,0.239112,5.77491
5,500,250,619,nominal,0,0.5975,0.3912,0.9067,1,1,0.9067,0.6607,0,1.73017,24065.2,23.2502,0.0888613,5.77491
5,500,250,619,solar_max,0,0.5969,0.38915,0.9067,1,1,0.9067,0.657,0,0.528017,24176.1,23.0938,0.0449754,5.77491
5,500,250,800,solar_min,0,0.464,0.3026,0.699,1,1,0.699,0.66385,0,13.2249,24387.1,17.9221,0.239112,4.64462
5,500,250,800,nominal,0,0.46065,0.30175,0.69935,1,1,0.69935,0.65645,0,1.73017,24509.1,17.934,0.0888613,4.64462
5,500,250,800,solar_max,0,0.4639,0.3023,0.7018,1,1,0.7018,0.659,0,0.528017,24094.8,17.8799,0.0449754,4.64462
5,500,250,1000,solar_min,0,0.30335,0.1989,0.4591,1,1,0.4591,0.66315,0,13.2249,23819.9,14.274,0.239112,3.9048
5,500,250,1000,nominal,0,0.3019,0.1986,0.4605,1,1,0.4605,0.65895,0,1.73017,24104.6,14.3185,0.0888613,3.9048
5,500,250,1000,solar_max,0,0.3072,0.20265,0.46225,1,1,0.46225,0.6615,0,0.528017,23949.2,14.317,0.0449754,3.9048
5,600,150,400,solar_min,0.6628,0.6628,0.4419,1,1,1,1,0.6628,1,86.0066,23098.9,31.0118,16.343,8.61863
5,600,150,400,nominal,0,0.6586,0.4288,1,1,1,1,0.6586,0,7.96398,24410.5,31.0196,2.14797,8.61863
5,600,150,400,solar_max,0,0.6615,0.4309,1,1,1,1,0.6615,0,1.92149,23847,30.9511,0.647863,8.61863
5,600,150,500,solar_min,0.6573,0.6573,0.42795,1,1,1,1,0.6573,1,86.0066,24592.1,16.6383,16.343,6.99863
5,600,150,500,nominal,0,0.66305,0.4337,1,1,1,1,0.66305,0,7.96398,23546.6,16.5878,2.14797,6.99863
5,600,150,500,solar_max,0,0.66315,0.43895,1,1,1,1,0.66315,0,1.92149,23352.2,16.5993,0.647863,6.99863
5,600,150,619,solar_min,0.65885,0.65885,0.4325,1,1,1,1,0.65885,1,86.0066,24128.7,13.4229,16.343,5.77491
5,600,150,619,nominal,0,0.65705,0.4342,1,1,1,1,0.65705,0,7.96398,24139.8,13.4592,2.14797,5.77491
5,600,150,619,solar_max,0,0.66455,0.43515,1,1,1,1,0.66455,0,1.92149,23560.7,13.4897,0.647863,5.77491
5,600,150,800,solar_min,0.65795,0.65795,0.4252,0.99545,1,1,0.99545,0.661,1,86.0066,24460.5,10.4206,16.343,4.64462
5,600,150,800,nominal,0,0.66025,0.4384,0.9944,1,1,0.9944,0.664,0,7.96398,23405,10.4507,2.14797,4.64462
5,600,150,800,solar_max,0,0.6598,0.4334,0.99545,1,1,0.99545,0.6628,0,1.92149,23621.2,10.4031,0.647863,4.64462
5,600,150,1000,solar_min,0.62195,0.62195,0.4085,0.9368,1,1,0.9368,0.6642,1,86.0066,23344.5,8.30234,16.343,3.9048
5,600,150,1000,nominal,0,0.6148,0.40335,0.93425,1,1,0.93425,0.6577,0,7.96398,24337.3,8.31715,2.14797,3.9048
5,600,150,1000,solar_max,0,0.61175,0.39825,0.9322,1,1,0.9322,0.65685,0,1.92149,24535,8.34536,0.647863,3.9048
5,600,200,400,solar_min,0.6618,0.6618,0.433,1,1,1,1,0.6618,1,86.0066,23778.5,41.3972,7.68341,8.61863
5,600,200,400,nominal,0,0.6613,0.43325,1,1,1,1,0.6613,0,7.96398,23701.2,41.5118,1.23769,8.61863
5,600,200,400,solar_max,0,0.6588,0.4273,1,1,1,1,0.6588,0,1.92149,24526.9,41.4665,0.412426,8.61863
5,600,200,500,solar_min,0.6579,0.6579,0.4358,1,1,1,1,0.6579,1,86.0066,23672.2,22.2723,7.68341,6.99863
5,600,200,500,nominal,0,0.66185,0.43195,1,1,1,1,0.66185,0,7.96398,24232.3,22.2544,1.23769,6.99863
5,600,200,500,solar_max,0,0.65945,0.43385,1,1,1,1,0.65945,0,1.92149,23738.5,22.2586,0.412426,6.99863
5,600,200,619,solar_min,0.65595,0.65595,0.427,0.9897,1,1,0.9897,0.66285,1,86.0066,23873.7,17.9481,7.68341,5.77491
5,600,200,619,nominal,0,0.6513,0.42305,0.991,1,1,0.991,0.65745,0,7.96398,24557.4,18.0377,1.23769,5.77491
5,600,200,619,solar_max,0,0.6538,0.43345,0.99025,1,1,0.99025,0.6601,0,1.92149,23636.3,18.0361,0.412426,5.77491
5,600,200,800,solar_min,0.59875,0.59875,0.39425,0.90565,1,1,0.90565,0.6603,1,86.0066,23827.2,13.8979,7.68341,4.64462
5,600,200,800,nominal,0,0.5945,0.3869,0.9003,1,1,0.9003,0.6619,0,7.96398,23889.3,14.0245,1.23769,4.64462
5,600,200,800,solar_max,0,0.5998,0.3922,0.90385,1,1,0.90385,0.6636,0,1.92149,23682.5,13.9442,0.412426,4.64462
5,600,200,1000,solar_min,0.4815,0.4815,0.316,0.72555,1,1,0.72555,0.65985,1,86.0066,24288,11.1307,7.68341,3.9048
5,600,200,1000,nominal,0,0.48025,0.3144,0.7214,1,1,0.7214,0.6656,0,7.96398,23523.5,11.2119,1.23769,3.9048
5,600,200,1000,solar_max,0,0.4822,0.3152,0.7299,1,1,0.7299,0.6609,0,1.92149,23762.1,11.1401,0.412426,3.9048
5,600,250,400,solar_min,0.6588,0.6588,0.42455,1,1,1,1,0.6588,1,86.0066,25023.1,52.0115,3.23931,8.61863
5,600,250,400,nominal,0,0.65645,0.4289,1,1,1,1,0.65645,0,7.96398,24241.9,52.0592,0.662273,8.61863
5,600,250,400,solar_max,0,0.6573,0.4261,1,1,1,1,0.6573,0,1.92149,24439.7,52.2207,0.24729,8.61863
5,600,250,500,solar_min,0.64805,0.64805,0.42315,0.98855,1,1,0.98855,0.65515,1,86.0066,24677.6,28.0285,3.23931,6.99863
5,600,250,500,nominal,0,0.6491,0.42565,0.9888,1,1,0.9888,0.6559,0,7.96398,24238.1,28.0118,0.662273,6.99863
5,600,250,500,solar_max,0,0.65685,0.42805,0.988,1,1,0.988,0.66515,0,1.92149,23958.4,28.0165,0.24729,6.99863
5,600,250,619,solar_min,0.6042,0.6042,0.3962,0.9186,1,1,0.9186,0.6579,1,86.0066,24245.4,22.6296,3.23931,5.77491
5,600,250,619,nominal,0,0.60065,0.3925,0.9145,1,1,0.9145,0.6569,0,7.96398,24533.4,22.6096,0.662273,5.77491
5,600,250,619,solar_max,0,0.60525,0.396,0.91515,1,1,0.91515,0.6608,0,1.92149,24036.1,22.6998,0.24729,5.77491
5,600,250,800,solar_min,0.4744,0.4744,0.3109,0.7181,1,1,0.7181,0.66015,1,86.0066,24068.9,17.5038,3.23931,4.64462
5,600,250,800,nominal,0,0.4783,0.3139,0.72245,1,1,0.72245,0.66245,0,7.96398,23840.2,17.584,0.662273,4.64462
5,600,250,800,solar_max,0,0.48285,0.3169,0.7265,1,1,0.7265,0.66455,0,1.92149,23568.9,17.4644,0.24729,4.64462
5,600,250,1000,solar_min,0.31995,0.31995,0.2101,0.48215,1,1,0.48215,0.66065,1,86.0066,23844.7,14.0419,3.23931,3.9048
5,600,250,1000,nominal,0,0.32565,0.2141,0.4884,1,1,0.4884,0.66145,0,7.96398,23845.3,14.0418,0.662273,3.9048
5,600,250,1000,solar_max,0,0.32405,0.2126,0.48725,1,1,0.48725,0.6623,0,1.92149,23714.4,14.0425,0.24729,3.9048
5,700,150,400,solar_min,0,0,0,1,1,0,1,0.6603,0,10000,24129.2,30.1733,104.736,8.61863
5,700,150,400,nominal,0.6635,0.6635,0.43245,1,1,1,1,0.6635,1,31.8677,23681,30.3745,9.81824,8.61863
5,700,150,400,solar_max,0,0.65885,0.42755,1,1,1,1,0.65885,0,6.25381,24316.2,30.2893,2.33762,8.61863
5,700,150,500,solar_min,0,0,0,1,1,0,1,0.65575,0,10000,24103,16.27,104.736,6.99863
5,700,150,500,nominal,0.6633,0.6633,0.43345,1,1,1,1,0.6633,1,31.8677,24037,16.3222,9.81824,6.99863
5,700,150,500,solar_max,0,0.6614,0.42985,1,1,1,1,0.6614,0,6.25381,24520.1,16.319,2.33762,6.99863
5,700,150,619,solar_min,0,0,0,1,1,0,1,0.65865,0,10000,24095.6,13.1836,104.736,5.77491
5,700,150,619,nominal,0.66085,0.66085,0.44055,1,1,1,1,0.66085,1,31.8677,23417.5,13.1171,9.81824,5.77491
5,700,150,619,solar_max,0,0.65775,0.43375,1,1,1,1,0.65775,0,6.25381,23930.2,13.1861,2.33762,5.77491
5,700,150,800,solar_min,0,0,0,0.997,1,0,0.997,0.66205,0,10000,23976.7,10.2021,104.736,4.64462
5,700,150,800,nominal,0.662,0.662,0.4299,0.9968,1,1,0.9968,0.66415,1,31.8677,24133.2,10.1907,9.81824,4.64462
5,700,150,800,solar_max,0,0.6647,0.4391,0.99725,1,1,0.99725,0.66645,0,6.25381,23276.7,10.154,2.33762,4.64462
5,700,150,1000,solar_min,0,0,0,0.9468,1,0,0.9468,0.66665,0,10000,22946,8.11736,104.736,3.9048
5,700,150,1000,nominal,0.6347,0.6347,0.4176,0.9488,1,1,0.9488,0.66925,1,31.8677,22990.1,8.17417,9.81824,3.9048
5,700,150,1000,solar_max,0,0.6254,0.4113,0.9458,1,1,0.9458,0.6608,0,6.25381,23820.4,8.14867,2.33762,3.9048
5,700,200,400,solar_min,0,0,0,1,1,0,1,0.6542,0,10000,24970.1,40.5725,57.4464,8.61863
5,700,200,400,nominal,0.66,0.66,0.434,1,1,1,1,0.66,1,31.8677,24005.3,40.5089,6.04432,8.61863
5,700,200,400,solar_max,0,0.65775,0.4281,1,1,1,1,0.65775,0,6.25381,24141.3,40.5719,1.57355,8.61863
5,700,200,500,solar_min,0,0,0,1,1,0,1,0.66425,0,10000,23571.4,21.8805,57.4464,6.99863
5,700,200,500,nominal,0.6573,0.6573,0.4316,1,1,1,1,0.6573,1,31.8677,24026.4,21.8455,6.04432,6.99863
5,700,200,500,solar_max,0,0.6582,0.42755,1,1,1,1,0.6582,0,6.25381,24500.3,21.7592,1.57355,6.99863
5,700,200,619,solar_min,0,0,0,0.9935,1,0,0.9935,0.6629,0,10000,24164.6,17.6985,57.4464,5.77491
5,700,200,619,nominal,0.6635,0.6635,0.4337,0.99455,1,1,0.99455,0.66705,1,31.8677,23404.7,17.6568,6.04432,5.77491
5,700,200,619,solar_max,0,0.65845,0.43075,0.99415,1,1,0.99415,0.6623,0,6.25381,24256.1,17.5372,1.57355,5.77491
5,700,200,800,solar_min,0,0,0,0.9143,1,0,0.9143,0.66155,0,10000,23917.5,13.5892,57.4464,4.64462
5,700,200,800,nominal,0.5944,0.5944,0.3932,0.9147,1,1,0.9147,0.65105,1,31.8677,24434,13.74,6.04432,4.64462
5,700,200,800,solar_max,0,0.60355,0.3937,0.91205,1,1,0.91205,0.6606,0,6.25381,23964.6,13.5896,1.57355,4.64462
5,700,200,1000,solar_min,0,0,0,0.7445,1,0,0.7445,0.6629,0,10000,23717,10.9219,57.4464,3.9048
5,700,200,1000,nominal,0.49445,0.49445,0.32805,0.74785,1,1,0.74785,0.66265,1,31.8677,23470.2,10.893,6.04432,3.9048
5,700,200,1000,solar_max,0,0.49915,0.32885,0.7462,1,1,0.7462,0.6679,0,6.25381,22933.2,10.8964,1.57355,3.9048
5,700,250,400,solar_min,0,0,0,1,1,0,1,0.6554,0,10000,24866.7,51.0759,28.3037,8.61863
5,700,250,400,nominal,0.66065,0.66065,0.43155,1,1,1,1,0.66065,1,31.8677,23805.3,51.0775,3.53081,8.61863
5,700,250,400,solar_max,0,0.65815,0.42755,1,1,1,1,0.65815,0,6.25381,24438.6,51.1326,1.0167,8.61863
5,700,250,500,solar_min,0,0,0,0.99075,1,0,0.99075,0.65985,0,10000,23821.2,27.3902,28.3037,6.99863
5,700,250,500,nominal,0.6617,0.6617,0.4343,0.99335,1,1,0.99335,0.66615,1,31.8677,23433.5,27.4189,3.53081,6.99863
5,700,250,500,solar_max,0,0.65325,0.43125,0.99185,1,1,0.99185,0.6586,0,6.25381,23671.3,27.4276,1.0167,6.99863
5,700,250,619,solar_min,0,0,0,0.93195,1,0,0.93195,0.6591,0,10000,24410.8,22.1422,28.3037,5.77491
5,700,250,619,nominal,0.60925,0.60925,0.39665,0.92975,1,1,0.92975,0.6556,1,31.8677,24447.3,22.1336,3.53081,5.77491
5,700,250,619,solar_max,0,0.617,0.40385,0.9297,1,1,0.9297,0.66375,0,6.25381,24021.5,22.1716,1.0167,5.77491
5,700,250,800,solar_min,0,0,0,0.7425,1,0,0.7425,0.6652,0,10000,23607.2,17.1501,28.3037,4.64462
5,700,250,800,nominal,0.4898,0.4898,0.32135,0.74275,1,1,0.74275,0.65955,1,31.8677,24077.5,17.1129,3.53081,4.64462
5,700,250,800,solar_max,0,0.4939,0.3249,0.7487,1,1,0.7487,0.66165,0,6.25381,24004.6,17.1002,1.0167,4.64462
5,700,250,1000,solar_min,0,0,0,0.5074,1,0,0.5074,0.6615,0,10000,24484.1,13.7718,28.3037,3.9048
5,700,250,1000,nominal,0.33315,0.33315,0.21485,0.50575,1,1,0.50575,0.65715,1,31.8677,24477.2,13.7367,3.53081,3.9048
5,700,250,1000,solar_max,0,0.33685,0.222,0.5158,1,1,0.5158,0.65905,0,6.25381,23977,13.7028,1.0167,3.9048
5,800,150,400,solar_min,0,0,0,1,1,0,1,0.66265,0,10000,23856.3,29.7483,10000,8.61863
5,800,150,400,nominal,0,0,0,1,1,0,1,0.6592,0,109.996,24056.1,29.7529,38.8659,8.61863
5,800,150,400,solar_max,0,0.659,0.43035,1,1,1,1,0.659,0,18.6608,24297.1,29.6577,7.54684,8.61863
5,800,150,500,solar_min,0,0,0,1,1,0,1,0.6622,0,10000,24064.7,15.9228,10000,6.99863
5,800,150,500,nominal,0,0,0,1,1,0,1,0.6655,0,109.996,23978.6,15.974,38.8659,6.99863
5,800,150,500,solar_max,0,0.6588,0.42845,1,1,1,1,0.6588,0,18.6608,24248.6,15.894,7.54684,6.99863
5,800,150,619,solar_min,0,0,0,1,1,0,1,0.6639,0,10000,23472.2,12.8568,10000,5.77491
5,800,150,619,nominal,0,0,0,1,1,0,1,0.6596,0,109.996,24486.3,12.8436,38.8659,5.77491
5,800,150,619,solar_max,0,0.65845,0.4351,1,1,1,1,0.65845,0,18.6608,23827.1,12.9153,7.54684,5.77491
5,800,150,800,solar_min,0,0,0,0.9987,1,0,0.9987,0.6558,0,10000,23956.5,9.9366,10000,4.64462
5,800,150,800,nominal,0,0,0,0.9983,1,0,0.9983,0.66495,0,109.996,23921.5,9.9334,38.8659,4.64462
5,800,150,800,solar_max,0,0.66265,0.4341,0.9985,1,1,0.9985,0.66355,0,18.6608,23875,9.96407,7.54684,4.64462
5,800,150,1000,solar_min,0,0,0,0.95415,1,0,0.95415,0.6621,0,10000,23470.4,7.97119,10000,3.9048
5,800,150,1000,nominal,0,0,0,0.95365,1,0,0.95365,0.65755,0,109.996,23979.7,8.00551,38.8659,3.9048
5,800,150,1000,solar_max,0,0.6323,0.4163,0.9544,1,1,0.9544,0.66255,0,18.6608,23498.4,7.94896,7.54684,3.9048
5,800,200,400,solar_min,0,0,0,1,1,0,1,0.66125,0,10000,23887.8,39.5697,10000,8.61863
5,800,200,400,nominal,0,0,0,1,1,0,1,0.65205,0,109.996,24848.1,39.7818,25.244,8.61863
5,800,200,400,solar_max,0,0.6658,0.43425,1,1,1,1,0.6658,0,18.6608,23428.1,39.8499,5.27413,8.61863
5,800,200,500,solar_min,0,0,0,1,1,0,1,0.6634,0,10000,23540.8,21.3537,10000,6.99863
5,800,200,500,nominal,0,0,0,1,1,0,1,0.661,0,109.996,24107.8,21.31,25.244,6.99863
5,800,200,500,solar_max,0,0.6611,0.43365,1,1,1,1,0.6611,0,18.6608,23800.4,21.4127,5.27413,6.99863
5,800,200,619,solar_min,0,0,0,0.9967,1,0,0.9967,0.6629,0,10000,24086.2,17.273,10000,5.77491
5,800,200,619,nominal,0,0,0,0.9955,1,0,0.9955,0.6608,0,109.996,24226.6,17.2454,25.244,5.77491
5,800,200,619,solar_max,0,0.6565,0.4321,0.9961,1,1,0.9961,0.6592,0,18.6608,24279.1,17.2665,5.27413,5.77491
5,800,200,800,solar_min,0,0,0,0.9245,1,0,0.9245,0.66805,0,10000,23060.9,13.3334,10000,4.64462
5,800,200,800,nominal,0,0,0,0.9242,1,0,0.9242,0.66435,0,109.996,23803.6,13.3868,25.244,4.64462
5,800,200,800,solar_max,0,0.6083,0.40305,0.9245,1,1,0.9245,0.65925,0,18.6608,23813.1,13.3718,5.27413,4.64462
5,800,200,1000,solar_min,0,0,0,0.763,1,0,0.763,0.65395,0,10000,24148.3,10.6936,10000,3.9048
5,800,200,1000,nominal,0,0,0,0.765,1,0,0.765,0.6638,0,109.996,23767.5,10.6982,25.244,3.9048
5,800,200,1000,solar_max,0,0.5073,0.3368,0.7638,1,1,0.7638,0.6642,0,18.6608,23184.8,10.6553,5.27413,3.9048
5,800,250,400,solar_min,0,0,0,1,1,0,1,0.6607,0,10000,23869,50.1134,167.761,8.61863
5,800,250,400,nominal,0.6531,0.6531,0.4243,1,1,1,1,0.6531,1,109.996,24849.6,50.0175,15.6663,8.61863
5,800,250,400,solar_max,0,0.66395,0.4303,1,1,1,1,0.66395,0,18.6608,23722.6,49.8399,3.5696,8.61863
5,800,250,500,solar_min,0,0,0,0.99475,1,0,0.99475,0.65495,0,10000,24222.5,26.6516,167.761,6.99863
5,800,250,500,nominal,0.6612,0.6612,0.427,0.99505,1,1,0.99505,0.66435,1,109.996,24219.1,26.888,15.6663,6.99863
5,800,250,500,solar_max,0,0.66025,0.43265,0.99455,1,1,0.99455,0.66375,0,18.6608,23783,26.8957,3.5696,6.99863
5,800,250,619,solar_min,0,0,0,0.9375,1,0,0.9375,0.6594,0,10000,23934.7,21.7977,167.761,5.77491
5,800,250,619,nominal,0.6177,0.6177,0.401,0.938,1,1,0.938,0.65765,1,109.996,24470.6,21.4791,15.6663,5.77491
5,800,250,619,solar_max,0,0.6203,0.407,0.9378,1,1,0.9378,0.661,0,18.6608,23747.5,21.5753,3.5696,5.77491
5,800,250,800,solar_min,0,0,0,0.7637,1,0,0.7637,0.6609,0,10000,24508.3,16.834,167.761,4.64462
5,800,250,800,nominal,0.5048,0.5048,0.3316,0.7651,1,1,0.7651,0.6581,1,109.996,24143.1,16.7045,15.6663,4.64462
5,800,250,800,solar_max,0,0.5067,0.33215,0.76365,1,1,0.76365,0.6629,0,18.6608,23772.6,16.757,3.5696,4.64462
5,800,250,1000,solar_min,0,0,0,0.5377,1,0,0.5377,0.6605,0,10000,23535.4,13.3835,167.761,3.9048
5,800,250,1000,nominal,0.35625,0.35625,0.23155,0.5387,1,1,0.5387,0.66155,1,109.996,23977.5,13.3603,15.6663,3.9048
5,800,250,1000,solar_max,0,0.35795,0.2375,0.53715,1,1,0.53715,0.66635,0,18.6608,23361.7,13.4122,3.5696,3.9048
5,900,150,400,solar_min,0,0,0,1,1,0,1,0.6594,0,10000,24381.2,29.0711,10000,8.61863
5,900,150,400,nominal,0,0,0,1,1,0,1,0.6651,0,10000,23770.1,29.0676,131.945,8.61863
5,900,150,400,solar_max,0.65945,0.65945,0.43155,1,1,1,1,0.65945,1,51.4056,24303.9,29.1459,22.3314,8.61863
5,900,150,500,solar_min,0,0,0,1,1,0,1,0.66105,0,10000,23678.9,15.5813,10000,6.99863
5,900,150,500,nominal,0,0,0,1,1,0,1,0.6557,0,10000,24727.1,15.5562,131.945,6.99863
5,900,150,500,solar_max,0.6603,0.6603,0.4323,1,1,1,1,0.6603,1,51.4056,24003,15.6362,22.3314,6.99863
5,900,150,619,solar_min,0,0,0,1,1,0,1,0.66015,0,10000,23655,12.6825,10000,5.77491
5,900,150,619,nominal,0,0,0,1,1,0,1,0.6565,0,10000,24060.5,12.5983,131.945,5.77491
5,900,150,619,solar_max,0.66065,0.66065,0.4339,1,1,1,1,0.66065,1,51.4056,23736,12.6129,22.3314,5.77491
5,900,150,800,solar_min,0,0,0,0.9996,1,0,0.9996,0.6663,0,10000,23459.6,9.77623,10000,4.64462
5,900,150,800,nominal,0,0,0,0.9996,1,0,0.9996,0.6547,0,10000,24197.9,9.79502,131.945,4.64462
5,900,150,800,solar_max,0.6633,0.6633,0.4358,0.9998,1,1,0.9998,0.66345,1,51.4056,23399.8,9.71728,22.3314,4.64462
5,900,150,1000,solar_min,0,0,0,0.96345,1,0,0.96345,0.65995,0,10000,23737,7.82797,10000,3.9048
5,900,150,1000,nominal,0,0,0,0.96025,1,0,0.96025,0.65985,0,10000,23670.9,7.82724,131.945,3.9048
5,900,150,1000,solar_max,0.63685,0.63685,0.42095,0.96155,1,1,0.96155,0.6616,1,51.4056,23565,7.84319,22.3314,3.9048
5,900,200,400,solar_min,0,0,0,1,1,0,1,0.65535,0,10000,24605.8,38.7634,10000,8.61863
5,900,200,400,nominal,0,0,0,1,1,0,1,0.657,0,10000,24615.6,39.0439,90.9226,8.61863
5,900,200,400,solar_max,0.66285,0.66285,0.42775,1,1,1,1,0.66285,1,51.4056,23852.5,38.9847,16.083,8.61863
5,900,200,500,solar_min,0,0,0,1,1,0,1,0.6617,0,10000,23754.9,20.8698,10000,6.99863
5,900,200,500,nominal,0,0,0,1,1,0,1,0.6577,0,10000,24498,21.0169,90.9226,6.99863
5,900,200,500,solar_max,0.65795,0.65795,0.42875,1,1,1,1,0.65795,1,51.4056,24427.4,20.9078,16.083,6.99863
5,900,200,619,solar_min,0,0,0,0.9983,1,0,0.9983,0.65845,0,10000,24042.4,16.9686,10000,5.77491
5,900,200,619,nominal,0,0,0,0.9976,1,0,0.9976,0.6573,0,10000,24473,16.9398,90.9226,5.77491
5,900,200,619,solar_max,0.6543,0.6543,0.42815,0.99825,1,1,0.99825,0.6555,1,51.4056,24264,16.9536,16.083,5.77491
5,900,200,800,solar_min,0,0,0,0.9379,1,0,0.9379,0.66315,0,10000,24249.1,13.037,10000,4.64462
5,900,200,800,nominal,0,0,0,0.9347,1,0,0.9347,0.66145,0,10000,24028.4,13.1593,90.9226,4.64462
5,900,200,800,solar_max,0.6138,0.6138,0.40445,0.9338,1,1,0.9338,0.65915,1,51.4056,23997.1,13.0709,16.083,4.64462
5,900,200,1000,solar_min,0,0,0,0.7812,1,0,0.7812,0.65715,0,10000,24276.7,10.5017,10000,3.9048
5,900,200,1000,nominal,0,0,0,0.7836,1,0,0.7836,0.6508,0,10000,24843.6,10.4776,90.9226,3.9048
5,900,200,1000,solar_max,0.51415,0.51415,0.33325,0.7857,1,1,0.7857,0.65635,1,51.4056,24312.7,10.4327,16.083,3.9048
5,900,250,400,solar_min,0,0,0,1,1,0,1,0.6519,0,10000,25110.1,49.1224,10000,8.61863
5,900,250,400,nominal,0,0,0,1,1,0,1,0.65415,0,10000,25189.9,48.8415,59.9439,8.61863
5,900,250,400,solar_max,0.6542,0.6542,0.4314,1,1,1,1,0.6542,1,51.4056,24116.7,48.6448,11.2685,8.61863
5,900,250,500,solar_min,0,0,0,0.99685,1,0,0.99685,0.6628,0,10000,24165.5,26.3316,10000,6.99863
5,900,250,500,nominal,0,0,0,0.99645,1,0,0.99645,0.6646,0,10000,23461.4,26.3842,59.9439,6.99863
5,900,250,500,solar_max,0.6622,0.6622,0.43775,0.99645,1,1,0.99645,0.66515,1,51.4056,23213.6,26.3337,11.2685,6.99863
5,900,250,619,solar_min,0,0,0,0.94925,1,0,0.94925,0.65205,0,10000,24716.1,21.3175,10000,5.77491
5,900,250,619,nominal,0,0,0,0.9442,1,0,0.9442,0.66605,0,10000,23493.3,21.306,59.9439,5.77491
5,900,250,619,solar_max,0.63,0.63,0.4104,0.94915,1,1,0.94915,0.66335,1,51.4056,23792.6,21.1814,11.2685,5.77491
5,900,250,800,solar_min,0,0,0,0.7846,1,0,0.7846,0.65465,0,10000,24920.7,16.3529,10000,4.64462
5,900,250,800,nominal,0,0,0,0.7821,1,0,0.7821,0.6565,0,10000,24562.8,16.4279,59.9439,4.64462
5,900,250,800,solar_max,0.5137,0.5137,0.33475,0.7847,1,1,0.7847,0.65635,1,51.4056,24575.1,16.3673,11.2685,4.64462
5,900,250,1000,solar_min,0,0,0,0.55905,1,0,0.55905,0.65765,0,10000,24334.5,13.1546,10000,3.9048
5,900,250,1000,nominal,0,0,0,0.5496,1,0,0.5496,0.65335,0,10000,24033.9,13.1707,59.9439,3.9048
5,900,250,1000,solar_max,0.36935,0.36935,0.24365,0.55745,1,1,0.55745,0.66305,1,51.4056,23726.5,13.1002,11.2685,3.9048
5,1000,150,400,solar_min,0,0,0,1,1,0,1,0.65965,0,10000,24118.8,28.6223,10000,8.61863
5,1000,150,400,nominal,0,0,0,1,1,0,1,0.66155,0,10000,24226.9,28.5526,10000,8.61863
5,1000,150,400,solar_max,0,0,0,1,1,0,1,0.6651,0,130.145,24013.9,28.456,60.9228,8.61863
5,1000,150,500,solar_min,0,0,0,1,1,0,1,0.65675,0,10000,24922.4,15.2855,10000,6.99863
5,1000,150,500,nominal,0,0,0,1,1,0,1,0.65665,0,10000,24613.3,15.2828,10000,6.99863
5,1000,150,500,solar_max,0,0,0,1,1,0,1,0.6545,0,130.145,24799.9,15.229,60.9228,6.99863
5,1000,150,619,solar_min,0,0,0,1,1,0,1,0.6638,0,10000,24036.6,12.3705,10000,5.77491
5,1000,150,619,nominal,0,0,0,1,1,0,1,0.65505,0,10000,24342.9,12.3836,10000,5.77491
5,1000,150,619,solar_max,0,0,0,1,1,0,1,0.6617,0,130.145,23709,12.355,60.9228,5.77491
5,1000,150,800,solar_min,0,0,0,0.99995,1,0,0.99995,0.6562,0,10000,24510.2,9.62515,10000,4.64462
5,1000,150,800,nominal,0,0,0,1,1,0,1,0.66405,0,10000,23300.7,9.55693,10000,4.64462
5,1000,150,800,solar_max,0,0,0,0.99995,1,0,0.99995,0.65995,0,130.145,23929.6,9.58403,60.9228,4.64462
5,1000,150,1000,solar_min,0,0,0,0.9689,1,0,0.9689,0.6602,0,10000,24398.8,7.65223,10000,3.9048
5,1000,150,1000,nominal,0,0,0,0.96735,1,0,0.96735,0.66715,0,10000,23438.9,7.62599,10000,3.9048
5,1000,150,1000,solar_max,0,0,0,0.96785,1,0,0.96785,0.65465,0,130.145,24621.6,7.6238,60.9228,3.9048
5,1000,200,400,solar_min,0,0,0,1,1,0,1,0.6618,0,10000,24705.2,38.1577,10000,8.61863
5,1000,200,400,nominal,0,0,0,1,1,0,1,0.65905,0,10000,24551.3,38.2474,10000,8.61863
5,1000,200,400,solar_max,0,0,0,1,1,0,1,0.6595,0,130.145,23970,38.024,45.1507,8.61863
5,1000,200,500,solar_min,0,0,0,1,1,0,1,0.65955,0,10000,24113.9,20.4418,10000,6.99863
5,1000,200,500,nominal,0,0,0,1,1,0,1,0.6622,0,10000,24356.3,20.417,10000,6.99863
5,1000,200,500,solar_max,0,0,0,1,1,0,1,0.65715,0,130.145,24104.2,20.54,45.1507,6.99863
5,1000,200,619,solar_min,0,0,0,0.99935,1,0,0.99935,0.6608,0,10000,24470.1,16.6191,10000,5.77491
5,1000,200,619,nominal,0,0,0,0.99905,1,0,0.99905,0.66375,0,10000,23883.3,16.5056,10000,5.77491
5,1000,200,619,solar_max,0,0,0,0.9991,1,0,0.9991,0.662,0,130.145,23698.9,16.6589,45.1507,5.77491
5,1000,200,800,solar_min,0,0,0,0.9449,1,0,0.9449,0.66165,0,10000,23937.2,12.8448,10000,4.64462
5,1000,200,800,nominal,0,0,0,0.942,1,0,0.942,0.6556,0,10000,24099.5,12.8116,10000,4.64462
5,1000,200,800,solar_max,0,0,0,0.94495,1,0,0.94495,0.66405,0,130.145,23656.3,12.744,45.1507,4.64462
5,1000,200,1000,solar_min,0,0,0,0.8006,1,0,0.8006,0.66615,0,10000,23525.2,10.2365,10000,3.9048
5,1000,200,1000,nominal,0,0,0,0.80345,1,0,0.80345,0.65725,0,10000,24787.6,10.2488,10000,3.9048
5,1000,200,1000,solar_max,0,0,0,0.8042,1,0,0.8042,0.6591,0,130.145,23729.3,10.239,45.1507,3.9048
5,1000,250,400,solar_min,0,0,0,1,1,0,1,0.65925,0,10000,24646.2,47.8523,10000,8.61863
5,1000,250,400,nominal,0,0,0,1,1,0,1,0.65825,0,10000,24964.2,47.8387,194.42,8.61863
5,1000,250,400,solar_max,0,0,0,1,1,0,1,0.66075,0,130.145,24131.4,47.8762,32.6278,8.61863
5,1000,250,500,solar_min,0,0,0,0.99845,1,0,0.99845,0.6595,0,10000,24077.8,25.7904,10000,6.99863
5,1000,250,500,nominal,0,0,0,0.99835,1,0,0.99835,0.6602,0,10000,24144.6,25.6599,194.42,6.99863
5,1000,250,500,solar_max,0,0,0,0.99825,1,0,0.99825,0.6638,0,130.145,23661,25.6533,32.6278,6.99863
5,1000,250,619,solar_min,0,0,0,0.95385,1,0,0.95385,0.6561,0,10000,24363.2,20.7429,10000,5.77491
5,1000,250,619,nominal,0,0,0,0.9553,1,0,0.9553,0.65845,0,10000,24193.5,20.8486,194.42,5.77491
5,1000,250,619,solar_max,0,0,0,0.95525,1,0,0.95525,0.66235,0,130.145,23830.7,20.773,32.6278,5.77491
5,1000,250,800,solar_min,0,0,0,0.8028,1,0,0.8028,0.6606,0,10000,24151.1,16.0497,10000,4.64462
5,1000,250,800,nominal,0,0,0,0.797,1,0,0.797,0.6612,0,10000,23705.4,16.1182,194.42,4.64462
5,1000,250,800,solar_max,0,0,0,0.7982,1,0,0.7982,0.6599,0,130.145,23900.8,16.1651,32.6278,4.64462
5,1000,250,1000,solar_min,0,0,0,0.58495,1,0,0.58495,0.66495,0,10000,23983,12.893,10000,3.9048
5,1000,250,1000,nominal,0,0,0,0.5862,1,0,0.5862,0.6625,0,10000,23569,12.8569,194.42,3.9048
5,1000,250,1000,solar_max,0,0,0,0.5823,1,0,0.5823,0.663,0,130.145,23677,12.839,32.6278,3.9048
5,1100,150,400,solar_min,0,0,0,1,1,0,1,0.6559,0,10000,25129.4,27.9217,10000,8.61863
5,1100,150,400,nominal,0,0,0,1,1,0,1,0.66075,0,10000,23990.6,28.0575,10000,8.61863
5,1100,150,400,solar_max,0,0,0,1,1,0,1,0.666,0,10000,23626.4,27.9493,152.406,8.61863
5,1100,150,500,solar_min,0,0,0,1,1,0,1,0.65705,0,10000,24249,15.0152,10000,6.99863
5,1100,150,500,nominal,0,0,0,1,1,0,1,0.65905,0,10000,24357.1,14.9983,10000,6.99863
5,1100,150,500,solar_max,0,0,0,1,1,0,1,0.66295,0,10000,23961.2,14.9754,152.406,6.99863
5,1100,150,619,solar_min,0,0,0,1,1,0,1,0.6567,0,10000,24536.3,12.1097,10000,5.77491
5,1100,150,619,nominal,0,0,0,1,1,0,1,0.6541,0,10000,24505.3,12.0636,10000,5.77491
5,1100,150,619,solar_max,0,0,0,1,1,0,1,0.657,0,10000,24130.2,12.0397,152.406,5.77491
5,1100,150,800,solar_min,0,0,0,1,1,0,1,0.66015,0,10000,24114.3,9.34794,10000,4.64462
5,1100,150,800,nominal,0,0,0,1,1,0,1,0.65475,0,10000,24461.8,9.3675,10000,4.64462
5,1100,150,800,solar_max,0,0,0,1,1,0,1,0.6583,0,10000,24355.9,9.39854,152.406,4.64462
5,1100,150,1000,solar_min,0,0,0,0.974,1,0,0.974,0.65675,0,10000,24357.6,7.50281,10000,3.9048
5,1100,150,1000,nominal,0,0,0,0.97315,1,0,0.97315,0.6603,0,10000,23813.8,7.49818,10000,3.9048
5,1100,150,1000,solar_max,0,0,0,0.97335,1,0,0.97335,0.65915,0,10000,23870.8,7.50488,152.406,3.9048
5,1100,200,400,solar_min,0,0,0,1,1,0,1,0.6567,0,10000,24765.6,37.3167,10000,8.61863
5,1100,200,400,nominal,0,0,0,1,1,0,1,0.66235,0,10000,24285.9,37.4872,10000,8.61863
5,1100,200,400,solar_max,0,0,0,1,1,0,1,0.6562,0,10000,24272.6,37.2569,116.458,8.61863
5,1100,200,500,solar_min,0,0,0,1,1,0,1,0.6576,0,10000,24407.7,20.1249,10000,6.99863
5,1100,200,500,nominal,0,0,0,1,1,0,1,0.6601,0,10000,23945.5,20.118,10000,6.99863
5,1100,200,500,solar_max,0,0,0,1,1,0,1,0.66685,0,10000,23502,19.9804,116.458,6.99863
5,1100,200,619,solar_min,0,0,0,0.9997,1,0,0.9997,0.66085,0,10000,23913.6,16.2868,10000,5.77491
5,1100,200,619,nominal,0,0,0,0.9998,1,0,0.9998,0.66,0,10000,23871.8,16.2301,10000,5.77491
5,1100,200,619,solar_max,0,0,0,0.9996,1,0,0.9996,0.6638,0,10000,23624.3,16.1694,116.458,5.77491
5,1100,200,800,solar_min,0,0,0,0.9528,1,0,0.9528,0.65965,0,10000,24527.3,12.5425,10000,4.64462
5,1100,200,800,nominal,0,0,0,0.953,1,0,0.953,0.65845,0,10000,24268.5,12.5328,10000,4.64462
5,1100,200,800,solar_max,0,0,0,0.9518,1,0,0.9518,0.6674,0,10000,23329.7,12.5665,116.458,4.64462
5,1100,200,1000,solar_min,0,0,0,0.82035,1,0,0.82035,0.6644,0,10000,23631.2,10.0137,10000,3.9048
5,1100,200,1000,nominal,0,0,0,0.82375,1,0,0.82375,0.66,0,10000,24067.7,10.013,10000,3.9048
5,1100,200,1000,solar_max,0,0,0,0.81845,1,0,0.81845,0.66245,0,10000,23227.3,10.0481,116.458,3.9048
5,1100,250,400,solar_min,0,0,0,1,1,0,1,0.649,0,10000,25810,46.9113,10000,8.61863
5,1100,250,400,nominal,0,0,0,1,1,0,1,0.6603,0,10000,24414.4,47.0195,10000,8.61863
5,1100,250,400,solar_max,0,0,0,1,1,0,1,0.65985,0,10000,24398.3,46.9798,86.8818,8.61863
5,1100,250,500,solar_min,0,0,0,0.999,1,0,0.999,0.657,0,10000,24573,25.26,10000,6.99863
5,1100,250,500,nominal,0,0,0,0.99945,1,0,0.99945,0.66795,0,10000,23085.3,25.1925,10000,6.99863
5,1100,250,500,solar_max,0,0,0,0.9991,1,0,0.9991,0.66285,0,10000,23698.2,25.1007,86.8818,6.99863
5,1100,250,619,solar_min,0,0,0,0.963,1,0,0.963,0.6541,0,10000,24686.9,20.3861,10000,5.77491
5,1100,250,619,nominal,0,0,0,0.96505,1,0,0.96505,0.6575,0,10000,24355.6,20.2532,10000,5.77491
5,1100,250,619,solar_max,0,0,0,0.95995,1,0,0.95995,0.66535,0,10000,24138,20.4181,86.8818,5.77491
5,1100,250,800,solar_min,0,0,0,0.8151,1,0,0.8151,0.65525,0,10000,24832.4,15.7581,10000,4.64462
5,1100,250,800,nominal,0,0,0,0.8154,1,0,0.8154,0.65905,0,10000,24214.3,15.7971,10000,4.64462
5,1100,250,800,solar_max,0,0,0,0.82245,1,0,0.82245,0.66185,0,10000,23501.6,15.738,86.8818,4.64462
5,1100,250,1000,solar_min,0,0,0,0.6043,1,0,0.6043,0.6613,0,10000,23945.7,12.5684,10000,3.9048
5,1100,250,1000,nominal,0,0,0,0.60985,1,0,0.60985,0.65905,0,10000,24593.2,12.5292,10000,3.9048
5,1100,250,1000,solar_max,0,0,0,0.60995,1,0,0.60995,0.6643,0,10000,23305.8,12.5742,86.8818,3.9048
5,1200,150,400,solar_min,0,0,0,1,1,0,1,0.65805,0,10000,24680.8,27.2801,10000,8.61863
5,1200,150,400,nominal,0,0,0,1,1,0,1,0.66215,0,10000,24278.9,27.3381,10000,8.61863
5,1200,150,400,solar_max,0,0,0,1,1,0,1,0.65405,0,10000,24925.8,27.4794,10000,8.61863
5,1200,150,500,solar_min,0,0,0,1,1,0,1,0.65865,0,10000,24064.5,14.6924,10000,6.99863
5,1200,150,500,nominal,0,0,0,1,1,0,1,0.66255,0,10000,23931.6,14.7339,10000,6.99863
5,1200,150,500,solar_max,0,0,0,1,1,0,1,0.6606,0,10000,23857.9,14.7173,10000,6.99863
5,1200,150,619,solar_min,0,0,0,1,1,0,1,0.66265,0,10000,23606.3,11.8085,10000,5.77491
5,1200,150,619,nominal,0,0,0,1,1,0,1,0.6608,0,10000,24268.8,11.8897,10000,5.77491
5,1200,150,619,solar_max,0,0,0,1,1,0,1,0.66655,0,10000,23410.2,11.8904,10000,5.77491
5,1200,150,800,solar_min,0,0,0,1,1,0,1,0.65855,0,10000,23761,9.17757,10000,4.64462
5,1200,150,800,nominal,0,0,0,1,1,0,1,0.65835,0,10000,23794.4,9.15964,10000,4.64462
5,1200,150,800,solar_max,0,0,0,1,1,0,1,0.6623,0,10000,23800.7,9.21627,10000,4.64462
5,1200,150,1000,solar_min,0,0,0,0.9787,1,0,0.9787,0.6599,0,10000,23915.8,7.33376,10000,3.9048
5,1200,150,1000,nominal,0,0,0,0.9794,1,0,0.9794,0.6678,0,10000,23255.9,7.37646,10000,3.9048
5,1200,150,1000,solar_max,0,0,0,0.97985,1,0,0.97985,0.66075,0,10000,24156.9,7.34534,10000,3.9048
5,1200,200,400,solar_min,0,0,0,1,1,0,1,0.6601,0,10000,24673.8,36.6088,10000,8.61863
5,1200,200,400,nominal,0,0,0,1,1,0,1,0.65445,0,10000,24865.6,36.694,10000,8.61863
5,1200,200,400,solar_max,0,0,0,1,1,0,1,0.65615,0,10000,24558.7,36.5339,10000,8.61863
5,1200,200,500,solar_min,0,0,0,1,1,0,1,0.66075,0,10000,24516,19.7242,10000,6.99863
5,1200,200,500,nominal,0,0,0,1,1,0,1,0.65935,0,10000,24156.1,19.6634,10000,6.99863
5,1200,200,500,solar_max,0,0,0,1,1,0,1,0.6633,0,10000,24015.2,19.6084,10000,6.99863
5,1200,200,619,solar_min,0,0,0,1,1,0,1,0.66195,0,10000,24010.7,15.8702,10000,5.77491
5,1200,200,619,nominal,0,0,0,1,1,0,1,0.66115,0,10000,23876.3,15.9348,10000,5.77491
5,1200,200,619,solar_max,0,0,0,0.99995,1,0,0.99995,0.66425,0,10000,24095.6,15.8026,10000,5.77491
5,1200,200,800,solar_min,0,0,0,0.9602,1,0,0.9602,0.6555,0,10000,23978.6,12.3098,10000,4.64462
5,1200,200,800,nominal,0,0,0,0.96075,1,0,0.96075,0.6606,0,10000,24058.3,12.3131,10000,4.64462
5,1200,200,800,solar_max,0,0,0,0.9577,1,0,0.9577,0.6584,0,10000,24112.3,12.2858,10000,4.64462
5,1200,200,1000,solar_min,0,0,0,0.8306,1,0,0.8306,0.65485,0,10000,24934.6,9.85256,10000,3.9048
5,1200,200,1000,nominal,0,0,0,0.8309,1,0,0.8309,0.66385,0,10000,23683.9,9.86159,10000,3.9048
5,1200,200,1000,solar_max,0,0,0,0.82925,1,0,0.82925,0.66255,0,10000,23786.8,9.857,10000,3.9048
5,1200,250,400,solar_min,0,0,0,1,1,0,1,0.65425,0,10000,25055.1,46.0474,10000,8.61863
5,1200,250,400,nominal,0,0,0,1,1,0,1,0.65105,0,10000,25941,45.8661,10000,8.61863
5,1200,250,400,solar_max,0,0,0,1,1,0,1,0.66055,0,10000,24698.5,45.8717,10000,8.61863
5,1200,250,500,solar_min,0,0,0,0.99985,1,0,0.99985,0.6517,0,10000,24901.7,24.6793,10000,6.99863
5,1200,250,500,nominal,0,0,0,0.9998,1,0,0.9998,0.65185,0,10000,25312.9,24.5122,10000,6.99863
5,1200,250,500,solar_max,0,0,0,0.9999,1,0,0.9999,0.6573,0,10000,24704,24.7312,10000,6.99863
5,1200,250,619,solar_min,0,0,0,0.96755,1,0,0.96755,0.6536,0,10000,24893.6,19.9527,10000,5.77491
5,1200,250,619,nominal,0,0,0,0.96695,1,0,0.96695,0.65935,0,10000,24078.6,20.0208,10000,5.77491
5,1200,250,619,solar_max,0,0,0,0.9682,1,0,0.9682,0.65895,0,10000,24488.8,20.0095,10000,5.77491
5,1200,250,800,solar_min,0,0,0,0.82985,1,0,0.82985,0.65885,0,10000,24493.4,15.4659,10000,4.64462
5,1200,250,800,nominal,0,0,0,0.83675,1,0,0.83675,0.65755,0,10000,24274.9,15.4003,10000,4.64462
5,1200,250,800,solar_max,0,0,0,0.8314,1,0,0.8314,0.6593,0,10000,24494.7,15.4156,10000,4.64462
5,1200,250,1000,solar_min,0,0,0,0.62875,1,0,0.62875,0.6594,0,10000,24215.8,12.34,10000,3.9048
5,1200,250,1000,nominal,0,0,0,0.6248,1,0,0.6248,0.65775,0,10000,23931,12.3904,10000,3.9048
5,1200,250,1000,solar_max,0,0,0,0.6244,1,0,0.6244,0.65705,0,10000,24199.1,12.3447,10000,3.9048
10,400,150,400,solar_min,0,0.65085,0.86355,1,1,1,1,0.65085,0,2.90574,26038.2,174.624,0.251787,8.61863
10,400,150,400,nominal,0,0.65855,0.87065,1,1,1,1,0.65855,0,0.624484,25638.9,174.219,0.0985503,8.61863
10,400,150,400,solar_max,0,0.65135,0.86595,1,1,1,1,0.65135,0,0.245183,26372.5,174.447,0.0518621,8.61863
10,400,150,500,solar_min,0,0.6552,0.86875,1,1,1,1,0.6552,0,2.90574,24819.6,139.716,0.251787,6.99863
10,400,150,500,nominal,0,0.65955,0.86215,1,1,1,1,0.65955,0,0.624484,25254.1,139.538,0.0985503,6.99863
10,400,150,500,solar_max,0,0.6543,0.8682,1,1,1,1,0.6543,0,0.245183,26182.5,138.668,0.0518621,6.99863
10,400,150,619,solar_min,0,0.65265,0.86555,1,1,1,1,0.65265,0,2.90574,25383.1,112.821,0.251787,5.77491
10,400,150,619,nominal,0,0.6599,0.86805,1,1,1,1,0.6599,0,0.624484,24796.9,112.451,0.0985503,5.77491
10,400,150,619,solar_max,0,0.6551,0.86645,1,1,1,1,0.6551,0,0.245183,24806.7,112.308,0.0518621,5.77491
10,400,150,800,solar_min,0,0.6521,0.85705,0.9899,1,1,0.9899,0.65815,0,2.90574,24880.2,87.4217,0.251787,4.64462
10,400,150,800,nominal,0,0.646,0.8556,0.98895,1,1,0.98895,0.6528,0,0.624484,25466.1,87.3138,0.0985503,4.64462
10,400,150,800,solar_max,0,0.65315,0.86265,0.9907,1,1,0.9907,0.6599,0,0.245183,24893.5,87.0876,0.0518621,4.64462
10,400,150,1000,solar_min,0,0.596,0.7907,0.9128,1,1,0.9128,0.65245,0,2.90574,25051.8,69.7039,0.251787,3.9048
10,400,150,1000,nominal,0,0.6003,0.794,0.91945,1,1,0.91945,0.6521,0,0.624484,25322.5,69.7432,0.0985503,3.9048
10,400,150,1000,solar_max,0,0.60895,0.7953,0.917,1,1,0.917,0.66495,0,0.245183,23964.5,69.5159,0.0518621,3.9048
10,400,200,400,solar_min,0,0.6493,0.86435,1,1,1,1,0.6493,0,2.90574,26773.2,233.716,0.069931,8.61863
10,400,200,400,nominal,0,0.651,0.8643,1,1,1,1,0.651,0,0.624484,26601,232.166,0.0373636,8.61863
10,400,200,400,solar_max,0,0.6486,0.8627,1,1,1,1,0.6486,0,0.245183,26655.1,232.917,0.0230306,8.61863
10,400,200,500,solar_min,0,0.6551,0.8657,1,1,1,1,0.6551,0,2.90574,25554.3,186.148,0.069931,6.99863
10,400,200,500,nominal,0,0.6484,0.8655,1,1,1,1,0.6484,0,0.624484,26883.8,187.234,0.0373636,6.99863
10,400,200,500,solar_max,0,0.65285,0.868,1,1,1,1,0.65285,0,0.245183,25810.4,186.242,0.0230306,6.99863
10,400,200,619,solar_min,0,0.63845,0.85145,0.98325,1,1,0.98325,0.64885,0,2.90574,25820.2,150.195,0.069931,5.77491
10,400,200,619,nominal,0,0.64235,0.84745,0.98465,1,1,0.98465,0.65245,0,0.624484,25370.7,150.131,0.0373636,5.77491
10,400,200,619,solar_max,0,0.6364,0.84515,0.982,1,1,0.982,0.64795,0,0.245183,26806.4,151.039,0.0230306,5.77491
10,400,200,800,solar_min,0,0.5734,0.76055,0.87905,1,1,0.87905,0.6529,0,2.90574,25517.7,116.134,0.069931,4.64462
10,400,200,800,nominal,0,0.5721,0.75645,0.8766,1,1,0.8766,0.65365,0,0.624484,25746.5,116.743,0.0373636,4.64462
10,400,200,800,solar_max,0,0.57315,0.7575,0.8721,1,1,0.8721,0.65515,0,0.245183,25171.4,116.978,0.0230306,4.64462
10,400,200,1000,solar_min,0,0.4502,0.59335,0.687,1,1,0.687,0.65325,0,2.90574,25198.8,93.2702,0.069931,3.9048
10,400,200,1000,nominal,0,0.4459,0.58775,0.6784,1,1,0.6784,0.65735,0,0.624484,24752.1,93.1115,0.0373636,3.9048
10,400,200,1000,solar_max,0,0.4568,0.6042,0.6927,1,1,0.6927,0.66135,0,0.245183,24573.1,92.6362,0.0230306,3.9048
10,400,250,400,solar_min,0,0.6389,0.85995,1,1,1,1,0.6389,0,2.90574,28026.1,293.335,0.0111787,8.61863
10,400,250,400,nominal,0,0.6491,0.8674,1,1,1,1,0.6491,0,0.624484,26724.5,294.664,0.00841538,8.61863
10,400,250,400,solar_max,0,0.6378,0.862,1,1,1,1,0.6378,0,0.245183,27748.8,293.544,0.00637479,8.61863
10,400,250,500,solar_min,0,0.63755,0.8458,0.9796,1,1,0.9796,0.65115,0,2.90574,26272.3,234.485,0.0111787,6.99863
10,400,250,500,nominal,0,0.6344,0.84555,0.9785,1,1,0.9785,0.64875,0,0.624484,26757.6,235.307,0.00841538,6.99863
10,400,250,500,solar_max,0,0.63775,0.84875,0.9803,1,1,0.9803,0.6507,0,0.245183,26052.1,234.87,0.00637479,6.99863
10,400,250,619,solar_min,0,0.58125,0.7716,0.89265,1,1,0.89265,0.6527,0,2.90574,25599.2,189.248,0.0111787,5.77491
10,400,250,619,nominal,0,0.5874,0.78025,0.89785,1,1,0.89785,0.6538,0,0.624484,25575.4,188.752,0.00841538,5.77491
10,400,250,619,solar_max,0,0.5816,0.77735,0.89515,1,1,0.89515,0.648,0,0.245183,26663.8,189.576,0.00637479,5.77491
10,400,250,800,solar_min,0,0.44735,0.5904,0.682,1,1,0.682,0.65515,0,2.90574,25552.5,147.022,0.0111787,4.64462
10,400,250,800,nominal,0,0.4381,0.58225,0.6763,1,1,0.6763,0.6487,0,0.624484,26444.5,146.791,0.00841538,4.64462
10,400,250,800,solar_max,0,0.44215,0.5874,0.6793,1,1,0.6793,0.6501,0,0.245183,26035.9,146.573,0.00637479,4.64462
10,400,250,1000,solar_min,0,0.28085,0.37065,0.42875,1,1,0.42875,0.65895,0,2.90574,24776.6,117.916,0.0111787,3.9048
10,400,250,1000,nominal,0,0.2827,0.372,0.42985,1,1,0.42985,0.65685,0,0.624484,25199.4,117.377,0.00841538,3.9048
10,400,250,1000,solar_max,0,0.2832,0.37755,0.43215,1,1,0.43215,0.65415,0,0.245183,25420.5,117.793,0.00637479,3.9048
10,500,150,400,solar_min,0.6524,0.6524,0.86565,1,1,1,1,0.6524,1,26.4498,25448.1,170.047,3.57118,8.61863
10,500,150,400,nominal,0,0.65645,0.86955,1,1,1,1,0.65645,0,3.46035,24961,170.023,0.777098,8.61863
10,500,150,400,solar_max,0,0.65885,0.8625,1,1,1,1,0.65885,0,1.05603,25042.2,171.484,0.303322,8.61863
10,500,150,500,solar_min,0.65475,0.65475,0.86665,1,1,1,1,0.65475,1,26.4498,24901.1,135.569,3.57118,6.99863
10,500,150,500,nominal,0,0.65185,0.86525,1,1,1,1,0.65185,0,3.46035,25339.4,135.925,0.777098,6.99863
10,500,150,500,solar_max,0,0.65355,0.86525,1,1,1,1,0.65355,0,1.05603,25203.7,136.478,0.303322,6.99863
10,500,150,619,solar_min,0.651,0.651,0.8626,1,1,1,1,0.651,1,26.4498,25272.3,109.39,3.57118,5.77491
10,500,150,619,nominal,0,0.65605,0.86695,1,1,1,1,0.65605,0,3.46035,24935.8,110.179,0.777098,5.77491
10,500,150,619,solar_max,0,0.6566,0.8638,1,1,1,1,0.6566,0,1.05603,25228.9,110.125,0.303322,5.77491
10,500,150,800,solar_min,0.6535,0.6535,0.86055,0.9926,1,1,0.9926,0.6585,1,26.4498,24713.5,84.9082,3.57118,4.64462
10,500,150,800,nominal,0,0.65915,0.8653,0.99235,1,1,0.99235,0.66405,0,3.46035,24541,85.1955,0.777098,4.64462
10,500,150,800,solar_max,0,0.65275,0.8591,0.99135,1,1,0.99135,0.6584,0,1.05603,24631.2,85.4508,0.303322,4.64462
10,500,150,1000,solar_min,0.61145,0.61145,0.80405,0.92585,1,1,0.92585,0.65925,1,26.4498,24042.2,68.0767,3.57118,3.9048
10,500,150,1000,nominal,0,0.61245,0.80285,0.92515,1,1,0.92515,0.6612,0,3.46035,24349.9,67.876,0.777098,3.9048
10,500,150,1000,solar_max,0,0.6123,0.80535,0.9288,1,1,0.9288,0.65895,0,1.05603,24280.2,67.9258,0.303322,3.9048
10,500,200,400,solar_min,0.64955,0.64955,0.8647,1,1,1,1,0.64955,1,26.4498,26035.5,229.052,1.43067,8.61863
10,500,200,400,nominal,0,0.65455,0.8671,1,1,1,1,0.65455,0,3.46035,25926.5,228.947,0.397985,8.61863
10,500,200,400,solar_max,0,0.64865,0.8668,1,1,1,1,0.64865,0,1.05603,26783.7,227.773,0.174661,8.61863
10,500,200,500,solar_min,0.65185,0.65185,0.86415,1,1,1,1,0.65185,1,26.4498,25375.1,182.674,1.43067,6.99863
10,500,200,500,nominal,0,0.65975,0.8699,1,1,1,1,0.65975,0,3.46035,24956.2,182.337,0.397985,6.99863
10,500,200,500,solar_max,0,0.64095,0.8606,1,1,1,1,0.64095,0,1.05603,26849.7,182.603,0.174661,6.99863
10,500,200,619,solar_min,0.6471,0.6471,0.85195,0.9862,1,1,0.9862,0.6562,1,26.4498,25174.3,147.55,1.43067,5.77491
10,500,200,619,nominal,0,0.648,0.85555,0.9883,1,1,0.9883,0.65555,0,3.46035,25573.4,148.177,0.397985,5.77491
10,500,200,619,solar_max,0,0.64215,0.8581,0.9873,1,1,0.9873,0.65065,0,1.05603,25952.9,148.074,0.174661,5.77491
10,500,200,800,solar_min,0.5853,0.5853,0.77095,0.8873,1,1,0.8873,0.6598,1,26.4498,25076.2,114.388,1.43067,4.64462
10,500,200,800,nominal,0,0.58485,0.7724,0.88985,1,1,0.88985,0.65595,0,3.46035,24973.6,114.079,0.397985,4.64462
10,500,200,800,solar_max,0,0.5855,0.77275,0.89075,1,1,0.89075,0.65555,0,1.05603,24878.7,113.776,0.174661,4.64462
10,500,200,1000,solar_min,0.46075,0.46075,0.6119,0.7089,1,1,0.7089,0.65295,1,26.4498,24607.5,91.1131,1.43067,3.9048
10,500,200,1000,nominal,0,0.4592,0.60585,0.70315,1,1,0.70315,0.65385,0,3.46035,25364.5,91.5231,0.397985,3.9048
10,500,200,1000,solar_max,0,0.46425,0.6105,0.70455,1,1,0.70455,0.65835,0,1.05603,24560,91.1921,0.174661,3.9048
10,500,250,400,solar_min,0.64775,0.64775,0.86395,1,1,1,1,0.64775,1,26.4498,26860.5,286.065,0.478224,8.61863
10,500,250,400,nominal,0,0.64415,0.86505,1,1,1,1,0.64415,0,3.46035,27494.4,286.434,0.177723,8.61863
10,500,250,400,solar_max,0,0.6461,0.86545,1,1,1,1,0.6461,0,1.05603,27371.2,287.048,0.0899508,8.61863
10,500,250,500,solar_min,0.63965,0.63965,0.85095,0.9835,1,1,0.9835,0.65025,1,26.4498,25924.8,228.818,0.478224,6.99863
10,500,250,500,nominal,0,0.6344,0.85015,0.98605,1,1,0.98605,0.6433,0,3.46035,27125.9,228.661,0.177723,6.99863
10,500,250,500,solar_max,0,0.63795,0.8489,0.9841,1,1,0.9841,0.6484,0,1.05603,26751.4,227.95,0.0899508,6.99863
10,500,250,619,solar_min,0.5932,0.5932,0.7876,0.90645,1,1,0.90645,0.6529,1,26.4498,26058.1,185.279,0.478224,5.77491
10,500,250,619,nominal,0,0.5855,0.78225,0.90345,1,1,0.90345,0.64685,0,3.46035,26238.3,184.403,0.177723,5.77491
10,500,250,619,solar_max,0,0.587,0.78945,0.90935,1,1,0.90935,0.6453,0,1.05603,26367.8,184.426,0.0899508,5.77491
10,500,250,800,solar_min,0.4546,0.4546,0.60185,0.6959,1,1,0.6959,0.6541,1,26.4498,25659.7,143.374,0.478224,4.64462
10,500,250,800,nominal,0,0.46465,0.61205,0.7083,1,1,0.7083,0.6561,0,3.46035,25063.5,141.879,0.177723,4.64462
10,500,250,800,solar_max,0,0.4569,0.6084,0.7036,1,1,0.7036,0.64865,0,1.05603,26615.4,142.801,0.0899508,4.64462
10,500,250,1000,solar_min,0.3014,0.3014,0.3981,0.4619,1,1,0.4619,0.65215,1,26.4498,25200.3,114.191,0.478224,3.9048
10,500,250,1000,nominal,0,0.30215,0.39415,0.4562,1,1,0.4562,0.66455,0,3.46035,24464.2,114.282,0.177723,3.9048
10,500,250,1000,solar_max,0,0.30085,0.39655,0.4581,1,1,0.4581,0.65425,0,1.05603,25353.7,115.08,0.0899508,3.9048
10,600,150,400,solar_min,0,0,0,1,1,0,1,0.6578,0,172.003,25506.8,166.642,32.6861,8.61863
10,600,150,400,nominal,0,0.6515,0.8646,1,1,1,1,0.6515,0,15.928,25521.4,166.705,4.29594,8.61863
10,600,150,400,solar_max,0,0.6534,0.86725,1,1,1,1,0.6534,0,3.84298,26232.1,166.633,1.29573,8.61863
10,600,150,500,solar_min,0,0,0,1,1,0,1,0.65805,0,172.003,25098.1,133.029,32.6861,6.99863
10,600,150,500,nominal,0,0.6532,0.86355,1,1,1,1,0.6532,0,15.928,25682.4,133.762,4.29594,6.99863
10,600,150,500,solar_max,0,0.6563,0.866,1,1,1,1,0.6563,0,3.84298,25003.9,132.719,1.29573,6.99863
10,600,150,619,solar_min,0,0,0,1,1,0,1,0.65745,0,172.003,25292.6,107.803,32.6861,5.77491
10,600,150,619,nominal,0,0.65965,0.8645,1,1,1,1,0.65965,0,15.928,24354.4,107.518,4.29594,5.77491
10,600,150,619,solar_max,0,0.6574,0.86685,1,1,1,1,0.6574,0,3.84298,24841.4,108.528,1.29573,5.77491
10,600,150,800,solar_min,0,0,0,0.9957,1,0,0.9957,0.65675,0,172.003,24644.5,83.1395,32.6861,4.64462
10,600,150,800,nominal,0,0.6563,0.86385,0.9956,1,1,0.9956,0.65905,0,15.928,24387.8,83.1552,4.29594,4.64462
10,600,150,800,solar_max,0,0.6547,0.8637,0.99575,1,1,0.99575,0.65775,0,3.84298,24518.2,83.142,1.29573,4.64462
10,600,150,1000,solar_min,0,0,0,0.9388,1,0,0.9388,0.6585,0,172.003,24509.5,66.833,32.6861,3.9048
10,600,150,1000,nominal,0,0.6207,0.81595,0.93665,1,1,0.93665,0.66155,0,15.928,24550,66.7757,4.29594,3.9048
10,600,150,1000,solar_max,0,0.6125,0.8124,0.9388,1,1,0.9388,0.6524,0,3.84298,24878.2,66.5531,1.29573,3.9048
10,600,200,400,solar_min,0.6553,0.6553,0.86705,1,1,1,1,0.6553,1,172.003,25578,222.448,15.3668,8.61863
10,600,200,400,nominal,0,0.65335,0.8651,1,1,1,1,0.65335,0,15.928,26095.7,223.472,2.47538,8.61863
10,600,200,400,solar_max,0,0.65495,0.8664,1,1,1,1,0.65495,0,3.84298,26058.8,224.487,0.824852,8.61863
10,600,200,500,solar_min,0.6492,0.6492,0.86315,1,1,1,1,0.6492,1,172.003,26162.8,178.425,15.3668,6.99863
10,600,200,500,nominal,0,0.6524,0.8668,1,1,1,1,0.6524,0,15.928,25756.8,178.799,2.47538,6.99863
10,600,200,500,solar_max,0,0.652,0.8695,1,1,1,1,0.652,0,3.84298,25839,178.673,0.824852,6.99863
10,600,200,619,solar_min,0.6491,0.6491,0.8578,0.9916,1,1,0.9916,0.65445,1,172.003,24829.4,143.985,15.3668,5.77491
10,600,200,619,nominal,0,0.6493,0.85695,0.99085,1,1,0.99085,0.6549,0,15.928,25626.1,143.965,2.47538,5.77491
10,600,200,619,solar_max,0,0.6503,0.85515,0.99075,1,1,0.99075,0.65655,0,3.84298,25751.5,144.385,0.824852,5.77491
10,600,200,800,solar_min,0.59245,0.59245,0.78545,0.9007,1,1,0.9007,0.6586,1,172.003,24915,111.553,15.3668,4.64462
10,600,200,800,nominal,0,0.5904,0.7815,0.89995,1,1,0.89995,0.6563,0,15.928,25558.6,111.89,2.47538,4.64462
10,600,200,800,solar_max,0,0.5929,0.78395,0.90415,1,1,0.90415,0.65415,0,3.84298,25379.9,111.395,0.824852,4.64462
10,600,200,1000,solar_min,0.47675,0.47675,0.63065,0.72665,1,1,0.72665,0.65585,1,172.003,25319.8,88.6439,15.3668,3.9048
10,600,200,1000,nominal,0,0.47145,0.62115,0.71745,1,1,0.71745,0.6558,0,15.928,24354.5,90.1941,2.47538,3.9048
10,600,200,1000,solar_max,0,0.47535,0.62365,0.72095,1,1,0.72095,0.65995,0,3.84298,25252.4,89.7299,0.824852,3.9048
10,600,250,400,solar_min,0.64685,0.64685,0.86465,1,1,1,1,0.64685,1,172.003,27186.9,281.849,6.47862,8.61863
10,600,250,400,nominal,0,0.6395,0.86045,1,1,1,1,0.6395,0,15.928,27344.5,280.394,1.32455,8.61863
10,600,250,400,solar_max,0,0.64285,0.86385,1,1,1,1,0.64285,0,3.84298,26681,279.917,0.49458,8.61863
10,600,250,500,solar_min,0.6345,0.6345,0.8502,0.9873,1,1,0.9873,0.64265,1,172.003,26804.5,225.298,6.47862,6.99863
10,600,250,500,nominal,0,0.64075,0.8536,0.9879,1,1,0.9879,0.6488,0,15.928,26662,223.744,1.32455,6.99863
10,600,250,500,solar_max,0,0.64125,0.85295,0.9875,1,1,0.9875,0.64985,0,3.84298,26557.4,225.536,0.49458,6.99863
10,600,250,619,solar_min,0.598,0.598,0.7924,0.9145,1,1,0.9145,0.6542,1,172.003,25463.7,181.369,6.47862,5.77491
10,600,250,619,nominal,0,0.59935,0.7935,0.91655,1,1,0.91655,0.6546,0,15.928,25875.7,181.624,1.32455,5.77491
10,600,250,619,solar_max,0,0.5929,0.79355,0.9185,1,1,0.9185,0.6449,0,3.84298,26681.7,180.986,0.49458,5.77491
10,600,250,800,solar_min,0.4771,0.4771,0.6224,0.7195,1,1,0.7195,0.65665,1,172.003,25099.5,139.995,6.47862,4.64462
10,600,250,800,nominal,0,0.47115,0.6187,0.7202,1,1,0.7202,0.6507,0,15.928,25103.5,140.14,1.32455,4.64462
10,600,250,800,solar_max,0,0.47495,0.632,0.7274,1,1,0.7274,0.6537,0,3.84298,26030.7,140.054,0.49458,4.64462
10,600,250,1000,solar_min,0.3213,0.3213,0.4237,0.48705,1,1,0.48705,0.6565,1,172.003,24611.1,111.942,6.47862,3.9048
10,600,250,1000,nominal,0,0.3155,0.41705,0.48125,1,1,0.48125,0.6592,0,15.928,24961.4,112.056,1.32455,3.9048
10,600,250,1000,solar_max,0,0.3126,0.4151,0.47865,1,1,0.47865,0.65045,0,3.84298,25359.3,112.157,0.49458,3.9048
10,700,150,400,solar_min,0,0,0,1,1,0,1,0.65175,0,10000,25888.1,163.289,10000,8.61863
10,700,150,400,nominal,0.65945,0.65945,0.87245,1,1,1,1,0.65945,1,63.734,24978.3,162.63,19.6365,8.61863
10,700,150,400,solar_max,0,0.64865,0.8663,1,1,1,1,0.64865,0,12.5076,26022,163.629,4.67523,8.61863
10,700,150,500,solar_min,0,0,0,1,1,0,1,0.65955,0,10000,25255.4,130.838,10000,6.99863
10,700,150,500,nominal,0.6565,0.6565,0.86615,1,1,1,1,0.6565,1,63.734,25501.1,130.093,19.6365,6.99863
10,700,150,500,solar_max,0,0.65835,0.86755,1,1,1,1,0.65835,0,12.5076,25006.3,130.645,4.67523,6.99863
10,700,150,619,solar_min,0,0,0,1,1,0,1,0.6549,0,10000,25204.9,105.877,10000,5.77491
10,700,150,619,nominal,0.65915,0.65915,0.86285,1,1,1,1,0.65915,1,63.734,24449.5,104.786,19.6365,5.77491
10,700,150,619,solar_max,0,0.6514,0.86645,1,1,1,1,0.6514,0,12.5076,24919.8,105.119,4.67523,5.77491
10,700,150,800,solar_min,0,0,0,0.997,1,0,0.997,0.653,0,10000,25182.9,81.7586,10000,4.64462
10,700,150,800,nominal,0.6521,0.6521,0.8614,0.9973,1,1,0.9973,0.65355,1,63.734,25383.9,81.0056,19.6365,4.64462
10,700,150,800,solar_max,0,0.65825,0.86365,0.99685,1,1,0.99685,0.6604,0,12.5076,24652.4,81.7629,4.67523,4.64462
10,700,150,1000,solar_min,0,0,0,0.94445,1,0,0.94445,0.66155,0,10000,24673,65.1216,10000,3.9048
10,700,150,1000,nominal,0.6264,0.6264,0.82165,0.9482,1,1,0.9482,0.66045,1,63.734,24530.8,65.2954,19.6365,3.9048
10,700,150,1000,solar_max,0,0.62025,0.82385,0.9467,1,1,0.9467,0.65515,0,12.5076,24783.2,65.1234,4.67523,3.9048
10,700,200,400,solar_min,0,0,0,1,1,0,1,0.65075,0,10000,25978.1,217.764,114.887,8.61863
10,700,200,400,nominal,0.65435,0.65435,0.86825,1,1,1,1,0.65435,1,63.734,25603.7,218.301,12.0886,8.61863
10,700,200,400,solar_max,0,0.65515,0.86705,1,1,1,1,0.65515,0,12.5076,26106.2,218.608,3.14711,8.61863
10,700,200,500,solar_min,0,0,0,1,1,0,1,0.6522,0,10000,26342.8,173.7,114.887,6.99863
10,700,200,500,nominal,0.6491,0.6491,0.8609,1,1,1,1,0.6491,1,63.734,26586.3,175.043,12.0886,6.99863
10,700,200,500,solar_max,0,0.6493,0.86315,1,1,1,1,0.6493,0,12.5076,25455.6,174.527,3.14711,6.99863
10,700,200,619,solar_min,0,0,0,0.9939,1,0,0.9939,0.65445,0,10000,25340,141.274,114.887,5.77491
10,700,200,619,nominal,0.65005,0.65005,0.85615,0.99405,1,1,0.99405,0.6537,1,63.734,25433.5,141.283,12.0886,5.77491
10,700,200,619,solar_max,0,0.6508,0.86025,0.9928,1,1,0.9928,0.65535,0,12.5076,25693.7,141.87,3.14711,5.77491
10,700,200,800,solar_min,0,0,0,0.91265,1,0,0.91265,0.6536,0,10000,25101.4,108.71,114.887,4.64462
10,700,200,800,nominal,0.6009,0.6009,0.7932,0.91515,1,1,0.91515,0.65665,1,63.734,25130.2,108.797,12.0886,4.64462
10,700,200,800,solar_max,0,0.5982,0.79285,0.9152,1,1,0.9152,0.6544,0,12.5076,24995.5,108.725,3.14711,4.64462
10,700,200,1000,solar_min,0,0,0,0.7466,1,0,0.7466,0.65935,0,10000,24760.5,87.1582,114.887,3.9048
10,700,200,1000,nominal,0.491,0.491,0.64605,0.74155,1,1,0.74155,0.6562,1,63.734,24963.6,88.1034,12.0886,3.9048
10,700,200,1000,solar_max,0,0.49895,0.64865,0.74995,1,1,0.74995,0.66445,0,12.5076,23728.5,87.1121,3.14711,3.9048
10,700,250,400,solar_min,0,0,0,1,1,0,1,0.64455,0,10000,26916.8,274.661,56.6069,8.61863
10,700,250,400,nominal,0.6528,0.6528,0.8652,1,1,1,1,0.6528,1,63.734,26807.3,274.594,7.06163,8.61863
10,700,250,400,solar_max,0,0.6503,0.86365,1,1,1,1,0.6503,0,12.5076,26352.1,273.752,2.03339,8.61863
10,700,250,500,solar_min,0,0,0,0.99165,1,0,0.99165,0.65215,0,10000,26748.3,219.017,56.6069,6.99863
10,700,250,500,nominal,0.6429,0.6429,0.85855,0.9912,1,1,0.9912,0.6486,1,63.734,26673,218.945,7.06163,6.99863
10,700,250,500,solar_max,0,0.64275,0.85725,0.9925,1,1,0.9925,0.64785,0,12.5076,26021.5,219.698,2.03339,6.99863
10,700,250,619,solar_min,0,0,0,0.92795,1,0,0.92795,0.6588,0,10000,25263.7,177.426,56.6069,5.77491
10,700,250,619,nominal,0.60435,0.60435,0.8034,0.9301,1,1,0.9301,0.64935,1,63.734,26453.6,176.889,7.06163,5.77491
10,700,250,619,solar_max,0,0.60715,0.80305,0.92775,1,1,0.92775,0.65505,0,12.5076,25715.7,176.59,2.03339,5.77491
10,700,250,800,solar_min,0,0,0,0.7378,1,0,0.7378,0.65515,0,10000,25468.9,137.347,56.6069,4.64462
10,700,250,800,nominal,0.4862,0.4862,0.6439,0.7444,1,1,0.7444,0.6515,1,63.734,25630.5,137.209,7.06163,4.64462
10,700,250,800,solar_max,0,0.4905,0.64195,0.7404,1,1,0.7404,0.6623,0,12.5076,24605.3,136.928,2.03339,4.64462
10,700,250,1000,solar_min,0,0,0,0.51665,1,0,0.51665,0.6511,0,10000,25315.7,109.108,56.6069,3.9048
10,700,250,1000,nominal,0.3415,0.3415,0.4481,0.51465,1,1,0.51465,0.6622,1,63.734,24604.9,109.387,7.06163,3.9048
10,700,250,1000,solar_max,0,0.3393,0.44865,0.5175,1,1,0.5175,0.6529,0,12.5076,26054.7,109.615,2.03339,3.9048
10,800,150,400,solar_min,0,0,0,1,1,0,1,0.6615,0,10000,24563.1,159.937,10000,8.61863
10,800,150,400,nominal,0,0,0,1,1,0,1,0.6507,0,10000,25996.9,159.94,77.73,8.61863
10,800,150,400,solar_max,0.653,0.653,0.86555,1,1,1,1,0.653,1,37.3217,25105.7,159.233,15.0937,8.61863
10,800,150,500,solar_min,0,0,0,1,1,0,1,0.6486,0,10000,26093.3,127.819,10000,6.99863
10,800,150,500,nominal,0,0,0,1,1,0,1,0.65175,0,10000,26053.5,128.284,77.73,6.99863
10,800,150,500,solar_max,0.64965,0.64965,0.86455,1,1,1,1,0.64965,1,37.3217,25267.6,127.436,15.0937,6.99863
10,800,150,619,solar_min,0,0,0,1,1,0,1,0.6589,0,10000,24911.6,102.869,10000,5.77491
10,800,150,619,nominal,0,0,0,1,1,0,1,0.65595,0,10000,24856.2,103.048,77.73,5.77491
10,800,150,619,solar_max,0.6581,0.6581,0.86615,1,1,1,1,0.6581,1,37.3217,24652.7,102.865,15.0937,5.77491
10,800,150,800,solar_min,0,0,0,0.9988,1,0,0.9988,0.6616,0,10000,24433,79.5291,10000,4.64462
10,800,150,800,nominal,0,0,0,0.9983,1,0,0.9983,0.658,0,10000,24605.1,79.7544,77.73,4.64462
10,800,150,800,solar_max,0.65965,0.65965,0.8673,0.9987,1,1,0.9987,0.66065,1,37.3217,24606.1,79.3047,15.0937,4.64462
10,800,150,1000,solar_min,0,0,0,0.9524,1,0,0.9524,0.6551,0,10000,24938.1,64.0985,10000,3.9048
10,800,150,1000,nominal,0,0,0,0.956,1,0,0.956,0.6538,0,10000,24889,64.0114,77.73,3.9048
10,800,150,1000,solar_max,0.63115,0.63115,0.8266,0.95415,1,1,0.95415,0.6628,1,37.3217,24231,64.1302,15.0937,3.9048
10,800,200,400,solar_min,0,0,0,1,1,0,1,0.65345,0,10000,26256.5,213.036,10000,8.61863
10,800,200,400,nominal,0,0,0,1,1,0,1,0.64955,0,10000,26353,213.309,50.4878,8.61863
10,800,200,400,solar_max,0.65145,0.65145,0.8675,1,1,1,1,0.65145,1,37.3217,26030.1,212.806,10.5483,8.61863
10,800,200,500,solar_min,0,0,0,1,1,0,1,0.65005,0,10000,25771.6,171.351,10000,6.99863
10,800,200,500,nominal,0,0,0,1,1,0,1,0.6511,0,10000,25647.8,171.027,50.4878,6.99863
10,800,200,500,solar_max,0.6548,0.6548,0.8671,1,1,1,1,0.6548,1,37.3217,25841.4,171.317,10.5483,6.99863
10,800,200,619,solar_min,0,0,0,0.9958,1,0,0.9958,0.6588,0,10000,25221.7,137.966,10000,5.77491
10,800,200,619,nominal,0,0,0,0.9955,1,0,0.9955,0.6593,0,10000,25530.1,137.848,50.4878,5.77491
10,800,200,619,solar_max,0.64945,0.64945,0.858,0.99535,1,1,0.99535,0.6528,1,37.3217,25391.3,137.78,10.5483,5.77491
10,800,200,800,solar_min,0,0,0,0.92625,1,0,0.92625,0.6573,0,10000,25339.8,106.609,10000,4.64462
10,800,200,800,nominal,0,0,0,0.9248,1,0,0.9248,0.66195,0,10000,24468.4,106.999,50.4878,4.64462
10,800,200,800,solar_max,0.60485,0.60485,0.80235,0.92755,1,1,0.92755,0.65185,1,37.3217,25575.5,106.603,10.5483,4.64462
10,800,200,1000,solar_min,0,0,0,0.76515,1,0,0.76515,0.6608,0,10000,24745.9,85.968,10000,3.9048
10,800,200,1000,nominal,0,0,0,0.76285,1,0,0.76285,0.66,0,10000,24257.1,85.5517,50.4878,3.9048
10,800,200,1000,solar_max,0.50285,0.50285,0.66455,0.76765,1,1,0.76765,0.65365,1,37.3217,25187.3,85.6522,10.5483,3.9048
10,800,250,400,solar_min,0,0,0,1,1,0,1,0.64855,0,10000,26652,267.996,10000,8.61863
10,800,250,400,nominal,0,0,0,1,1,0,1,0.65195,0,10000,26120.3,269.42,31.3326,8.61863
10,800,250,400,solar_max,0.6527,0.6527,0.86555,1,1,1,1,0.6527,1,37.3217,26751.1,267.564,7.13919,8.61863
10,800,250,500,solar_min,0,0,0,0.9949,1,0,0.9949,0.65135,0,10000,26345.5,214.805,10000,6.99863
10,800,250,500,nominal,0,0,0,0.99435,1,0,0.99435,0.6482,0,10000,26408.6,214.284,31.3326,6.99863
10,800,250,500,solar_max,0.64795,0.64795,0.86015,0.99435,1,1,0.99435,0.6517,1,37.3217,26461.5,216.306,7.13919,6.99863
10,800,250,619,solar_min,0,0,0,0.9407,1,0,0.9407,0.6549,0,10000,25562,173.145,10000,5.77491
10,800,250,619,nominal,0,0,0,0.9378,1,0,0.9378,0.6568,0,10000,25771.6,172.745,31.3326,5.77491
10,800,250,619,solar_max,0.6126,0.6126,0.81315,0.9366,1,1,0.9366,0.653,1,37.3217,25676,173.746,7.13919,5.77491
10,800,250,800,solar_min,0,0,0,0.76025,1,0,0.76025,0.6531,0,10000,25542.1,134.105,10000,4.64462
10,800,250,800,nominal,0,0,0,0.75915,1,0,0.75915,0.6515,0,10000,25780.9,134.528,31.3326,4.64462
10,800,250,800,solar_max,0.5047,0.5047,0.66245,0.762,1,1,0.762,0.65855,1,37.3217,24759.3,133.897,7.13919,4.64462
10,800,250,1000,solar_min,0,0,0,0.5316,1,0,0.5316,0.65555,0,10000,25429.8,107.889,10000,3.9048
10,800,250,1000,nominal,0,0,0,0.53585,1,0,0.53585,0.6606,0,10000,24553,107.693,31.3326,3.9048
10,800,250,1000,solar_max,0.35685,0.35685,0.47235,0.5438,1,1,0.5438,0.6516,1,37.3217,25502.4,106.967,7.13919,3.9048
10,900,150,400,solar_min,0,0,0,1,1,0,1,0.6437,0,10000,27729.7,155.826,10000,8.61863
10,900,150,400,nominal,0,0,0,1,1,0,1,0.6496,0,10000,26174.3,155.253,10000,8.61863
10,900,150,400,solar_max,0,0,0,1,1,0,1,0.65535,0,102.809,25639.5,155.682,44.6629,8.61863
10,900,150,500,solar_min,0,0,0,1,1,0,1,0.64315,0,10000,27304.1,124.521,10000,6.99863
10,900,150,500,nominal,0,0,0,1,1,0,1,0.6526,0,10000,25419.8,125.232,10000,6.99863
10,900,150,500,solar_max,0,0,0,1,1,0,1,0.64925,0,102.809,26053.2,125.311,44.6629,6.99863
10,900,150,619,solar_min,0,0,0,1,1,0,1,0.65165,0,10000,26380.1,101.001,10000,5.77491
10,900,150,619,nominal,0,0,0,1,1,0,1,0.6574,0,10000,24489.7,100.7,10000,5.77491
10,900,150,619,solar_max,0,0,0,1,1,0,1,0.66185,0,102.809,24678.8,100.965,44.6629,5.77491
10,900,150,800,solar_min,0,0,0,0.9994,1,0,0.9994,0.654,0,10000,25624.9,77.8128,10000,4.64462
10,900,150,800,nominal,0,0,0,0.9995,1,0,0.9995,0.65545,0,10000,25302,78.0746,10000,4.64462
10,900,150,800,solar_max,0,0,0,0.9996,1,0,0.9996,0.65735,0,102.809,24112.2,78.2276,44.6629,4.64462
10,900,150,1000,solar_min,0,0,0,0.9627,1,0,0.9627,0.6483,0,10000,25605.6,62.4671,10000,3.9048
10,900,150,1000,nominal,0,0,0,0.96075,1,0,0.96075,0.65215,0,10000,24915,62.4934,10000,3.9048
10,900,150,1000,solar_max,0,0,0,0.96035,1,0,0.96035,0.6612,0,102.809,24268.8,62.466,44.6629,3.9048
10,900,200,400,solar_min,0,0,0,1,1,0,1,0.64095,0,10000,28227.1,207.577,10000,8.61863
10,900,200,400,nominal,0,0,0,1,1,0,1,0.6561,0,10000,25498.1,209.91,181.84,8.61863
10,900,200,400,solar_max,0,0,0,1,1,0,1,0.65255,0,102.809,26180.9,210.224,32.1661,8.61863
10,900,200,500,solar_min,0,0,0,1,1,0,1,0.64305,0,10000,27570.9,166.795,10000,6.99863
10,900,200,500,nominal,0,0,0,1,1,0,1,0.65155,0,10000,25947.7,166.916,181.84,6.99863
10,900,200,500,solar_max,0,0,0,1,1,0,1,0.6514,0,102.809,25754.3,167.165,32.1661,6.99863
10,900,200,619,solar_min,0,0,0,0.99725,1,0,0.99725,0.64855,0,10000,26646.7,134.699,10000,5.77491
10,900,200,619,nominal,0,0,0,0.99755,1,0,0.99755,0.64645,0,10000,26093.5,134.939,181.84,5.77491
10,900,200,619,solar_max,0,0,0,0.9979,1,0,0.9979,0.65655,0,102.809,25138.7,135.198,32.1661,5.77491
10,900,200,800,solar_min,0,0,0,0.93645,1,0,0.93645,0.64635,0,10000,26295.2,104.616,10000,4.64462
10,900,200,800,nominal,0,0,0,0.93495,1,0,0.93495,0.65575,0,10000,24744.8,104.377,181.84,4.64462
10,900,200,800,solar_max,0,0,0,0.9396,1,0,0.9396,0.65665,0,102.809,25194.9,103.795,32.1661,4.64462
10,900,200,1000,solar_min,0,0,0,0.7843,1,0,0.7843,0.6475,0,10000,26092.6,83.481,10000,3.9048
10,900,200,1000,nominal,0,0,0,0.78385,1,0,0.78385,0.65655,0,10000,24868.5,84.1557,181.84,3.9048
10,900,200,1000,solar_max,0,0,0,0.78555,1,0,0.78555,0.65405,0,102.809,24987.3,83.5165,32.1661,3.9048
10,900,250,400,solar_min,0,0,0,1,1,0,1,0.6343,0,10000,30103.8,263.261,10000,8.61863
10,900,250,400,nominal,0,0,0,1,1,0,1,0.6488,0,10000,26424.5,263.53,119.885,8.61863
10,900,250,400,solar_max,0.64615,0.64615,0.8577,1,1,1,1,0.64615,1,102.809,26921.5,261.571,22.5369,8.61863
10,900,250,500,solar_min,0,0,0,0.9969,1,0,0.9969,0.639,0,10000,29549.1,210.376,10000,6.99863
10,900,250,500,nominal,0,0,0,0.99635,1,0,0.99635,0.6551,0,10000,25768.6,210.355,119.885,6.99863
10,900,250,500,solar_max,0.6457,0.6457,0.861,0.9961,1,1,0.9961,0.64805,1,102.809,26678.1,209.804,22.5369,6.99863
10,900,250,619,solar_min,0,0,0,0.9485,1,0,0.9485,0.64295,0,10000,27685.5,170.119,10000,5.77491
10,900,250,619,nominal,0,0,0,0.94885,1,0,0.94885,0.65795,0,10000,25430,169.389,119.885,5.77491
10,900,250,619,solar_max,0.6216,0.6216,0.8242,0.94815,1,1,0.94815,0.65405,1,102.809,26150.3,169.156,22.5369,5.77491
10,900,250,800,solar_min,0,0,0,0.77975,1,0,0.77975,0.6474,0,10000,26994.5,131.256,10000,4.64462
10,900,250,800,nominal,0,0,0,0.77725,1,0,0.77725,0.6502,0,10000,25447.3,132.121,119.885,4.64462
10,900,250,800,solar_max,0.5118,0.5118,0.67925,0.7838,1,1,0.7838,0.6542,1,102.809,25064.5,130.832,22.5369,4.64462
10,900,250,1000,solar_min,0,0,0,0.56275,1,0,0.56275,0.6523,0,10000,26248.9,105.184,10000,3.9048
10,900,250,1000,nominal,0,0,0,0.55625,1,0,0.55625,0.65635,0,10000,24874.8,105.064,119.885,3.9048
10,900,250,1000,solar_max,0.36685,0.36685,0.4785,0.55615,1,1,0.55615,0.6545,1,102.809,25189.4,105.056,22.5369,3.9048
10,1000,150,400,solar_min,0,0,0,1,1,0,1,0.6427,0,10000,27529.3,153.229,10000,8.61863
10,1000,150,400,nominal,0,0,0,1,1,0,1,0.64185,0,10000,27753.2,152.943,10000,8.61863
10,1000,150,400,solar_max,0,0,0,1,1,0,1,0.64975,0,10000,25398.3,152.876,121.843,8.61863
10,1000,150,500,solar_min,0,0,0,1,1,0,1,0.6513,0,10000,26368.5,122.39,10000,6.99863
10,1000,150,500,nominal,0,0,0,1,1,0,1,0.649,0,10000,27066.3,122.807,10000,6.99863
10,1000,150,500,solar_max,0,0,0,1,1,0,1,0.66185,0,10000,24371.4,122.608,121.843,6.99863
10,1000,150,619,solar_min,0,0,0,1,1,0,1,0.6478,0,10000,26268.3,99.0309,10000,5.77491
10,1000,150,619,nominal,0,0,0,1,1,0,1,0.64975,0,10000,26392.1,98.995,10000,5.77491
10,1000,150,619,solar_max,0,0,0,1,1,0,1,0.6568,0,10000,24686.4,99.1611,121.843,5.77491
10,1000,150,800,solar_min,0,0,0,0.9999,1,0,0.9999,0.6515,0,10000,25509.7,76.4956,10000,4.64462
10,1000,150,800,nominal,0,0,0,0.99995,1,0,0.99995,0.6546,0,10000,25562.8,76.7128,10000,4.64462
10,1000,150,800,solar_max,0,0,0,1,1,0,1,0.6592,0,10000,24291,76.4086,121.843,4.64462
10,1000,150,1000,solar_min,0,0,0,0.9684,1,0,0.9684,0.65455,0,10000,24890.1,61.0926,10000,3.9048
10,1000,150,1000,nominal,0,0,0,0.967,1,0,0.967,0.66205,0,10000,24434.5,61.4419,10000,3.9048
10,1000,150,1000,solar_max,0,0,0,0.96665,1,0,0.96665,0.6626,0,10000,24213.3,61.3777,121.843,3.9048
10,1000,200,400,solar_min,0,0,0,1,1,0,1,0.64165,0,10000,28406.1,205.316,10000,8.61863
10,1000,200,400,nominal,0,0,0,1,1,0,1,0.6375,0,10000,28514.7,204.988,10000,8.61863
10,1000,200,400,solar_max,0,0,0,1,1,0,1,0.65375,0,10000,26271.7,204.419,90.3006,8.61863
10,1000,200,500,solar_min,0,0,0,1,1,0,1,0.64715,0,10000,27557.2,163.899,10000,6.99863
10,1000,200,500,nominal,0,0,0,1,1,0,1,0.6433,0,10000,27712.8,163.499,10000,6.99863
10,1000,200,500,solar_max,0,0,0,1,1,0,1,0.6586,0,10000,24971.6,164.239,90.3006,6.99863
10,1000,200,619,solar_min,0,0,0,0.99925,1,0,0.99925,0.64745,0,10000,26954,132.562,10000,5.77491
10,1000,200,619,nominal,0,0,0,0.99905,1,0,0.99905,0.64495,0,10000,27104.8,132.055,10000,5.77491
10,1000,200,619,solar_max,0,0,0,0.99895,1,0,0.99895,0.6546,0,10000,25061.4,132.176,90.3006,5.77491
10,1000,200,800,solar_min,0,0,0,0.94525,1,0,0.94525,0.65175,0,10000,26300.2,102.34,10000,4.64462
10,1000,200,800,nominal,0,0,0,0.9428,1,0,0.9428,0.6497,0,10000,26451.5,102.503,10000,4.64462
10,1000,200,800,solar_max,0,0,0,0.9437,1,0,0.9437,0.6583,0,10000,24968.9,102.986,90.3006,4.64462
10,1000,200,1000,solar_min,0,0,0,0.8012,1,0,0.8012,0.65205,0,10000,26195.8,81.6762,10000,3.9048
10,1000,200,1000,nominal,0,0,0,0.80175,1,0,0.80175,0.65305,0,10000,25677.5,81.6704,10000,3.9048
10,1000,200,1000,solar_max,0,0,0,0.80415,1,0,0.80415,0.6564,0,10000,25234.7,81.7854,90.3006,3.9048
10,1000,250,400,solar_min,0,0,0,1,1,0,1,0.63635,0,10000,29478.8,256.346,10000,8.61863
10,1000,250,400,nominal,0,0,0,1,1,0,1,0.63565,0,10000,29451.8,257.086,10000,8.61863
10,1000,250,400,solar_max,0,0,0,1,1,0,1,0.6507,0,10000,26933.9,257.569,65.2556,8.61863
10,1000,250,500,solar_min,0,0,0,0.9983,1,0,0.9983,0.64025,0,10000,28807.1,206.13,10000,6.99863
10,1000,250,500,nominal,0,0,0,0.99855,1,0,0.99855,0.6386,0,10000,28678.7,205.402,10000,6.99863
10,1000,250,500,solar_max,0,0,0,0.998,1,0,0.998,0.64675,0,10000,26616.3,204.454,65.2556,6.99863
10,1000,250,619,solar_min,0,0,0,0.9549,1,0,0.9549,0.6385,0,10000,28052.2,166.883,10000,5.77491
10,1000,250,619,nominal,0,0,0,0.9539,1,0,0.9539,0.64585,0,10000,27802.3,167.432,10000,5.77491
10,1000,250,619,solar_max,0,0,0,0.95475,1,0,0.95475,0.65625,0,10000,25750.9,166.69,65.2556,5.77491
10,1000,250,800,solar_min,0,0,0,0.8005,1,0,0.8005,0.65035,0,10000,26486.7,129.249,10000,4.64462
10,1000,250,800,nominal,0,0,0,0.7992,1,0,0.7992,0.6463,0,10000,26916.1,128.56,10000,4.64462
10,1000,250,800,solar_max,0,0,0,0.8053,1,0,0.8053,0.6543,0,10000,25362.7,127.692,65.2556,4.64462
10,1000,250,1000,solar_min,0,0,0,0.57995,1,0,0.57995,0.64935,0,10000,26153.6,103.258,10000,3.9048
10,1000,250,1000,nominal,0,0,0,0.5808,1,0,0.5808,0.6502,0,10000,26552,103.065,10000,3.9048
10,1000,250,1000,solar_max,0,0,0,0.5799,1,0,0.5799,0.6602,0,10000,24513.8,102.707,65.2556,3.9048
10,1100,150,400,solar_min,0,0,0,1,1,0,1,0.6409,0,10000,29364.3,149.532,10000,8.61863
10,1100,150,400,nominal,0,0,0,1,1,0,1,0.63835,0,10000,27995,150.01,10000,8.61863
10,1100,150,400,solar_max,0,0,0,1,1,0,1,0.64855,0,10000,26864.1,149.716,10000,8.61863
10,1100,150,500,solar_min,0,0,0,1,1,0,1,0.6448,0,10000,27834.4,119.961,10000,6.99863
10,1100,150,500,nominal,0,0,0,1,1,0,1,0.6535,0,10000,26309.2,119.66,10000,6.99863
10,1100,150,500,solar_max,0,0,0,1,1,0,1,0.6467,0,10000,26746.9,119.356,10000,6.99863
10,1100,150,619,solar_min,0,0,0,1,1,0,1,0.64465,0,10000,26986.9,96.9985,10000,5.77491
10,1100,150,619,nominal,0,0,0,1,1,0,1,0.65155,0,10000,26027.5,96.7656,10000,5.77491
10,1100,150,619,solar_max,0,0,0,1,1,0,1,0.64505,0,10000,27187,96.8968,10000,5.77491
10,1100,150,800,solar_min,0,0,0,1,1,0,1,0.64305,0,10000,27230.2,74.6981,10000,4.64462
10,1100,150,800,nominal,0,0,0,1,1,0,1,0.65295,0,10000,25830.2,75.2917,10000,4.64462
10,1100,150,800,solar_max,0,0,0,1,1,0,1,0.6518,0,10000,25622.1,74.8855,10000,4.64462
10,1100,150,1000,solar_min,0,0,0,0.97435,1,0,0.97435,0.6556,0,10000,25614.1,59.8624,10000,3.9048
10,1100,150,1000,nominal,0,0,0,0.97355,1,0,0.97355,0.655,0,10000,25286.1,59.6993,10000,3.9048
10,1100,150,1000,solar_max,0,0,0,0.97405,1,0,0.97405,0.65565,0,10000,25272.2,59.9803,10000,3.9048
10,1100,200,400,solar_min,0,0,0,1,1,0,1,0.63055,0,10000,30898.8,199.918,10000,8.61863
10,1100,200,400,nominal,0,0,0,1,1,0,1,0.63815,0,10000,28238.2,200.342,10000,8.61863
10,1100,200,400,solar_max,0,0,0,1,1,0,1,0.644,0,10000,28171,200.893,10000,8.61863
10,1100,200,500,solar_min,0,0,0,1,1,0,1,0.63835,0,10000,29203.5,161.387,10000,6.99863
10,1100,200,500,nominal,0,0,0,1,1,0,1,0.64445,0,10000,27327.1,161.355,10000,6.99863
10,1100,200,500,solar_max,0,0,0,1,1,0,1,0.642,0,10000,27739.6,160.617,10000,6.99863
10,1100,200,619,solar_min,0,0,0,0.99965,1,0,0.99965,0.64135,0,10000,28449.9,129.816,10000,5.77491
10,1100,200,619,nominal,0,0,0,0.99975,1,0,0.99975,0.65055,0,10000,26735.6,129.791,10000,5.77491
10,1100,200,619,solar_max,0,0,0,0.99965,1,0,0.99965,0.65105,0,10000,26223,129.165,10000,5.77491
10,1100,200,800,solar_min,0,0,0,0.95325,1,0,0.95325,0.63755,0,10000,27920.4,100.496,10000,4.64462
10,1100,200,800,nominal,0,0,0,0.94905,1,0,0.94905,0.6481,0,10000,26044.1,100.317,10000,4.64462
10,1100,200,800,solar_max,0,0,0,0.95135,1,0,0.95135,0.6484,0,10000,26218.2,100.281,10000,4.64462
10,1100,200,1000,solar_min,0,0,0,0.8228,1,0,0.8228,0.64405,0,10000,27251.9,80.1506,10000,3.9048
10,1100,200,1000,nominal,0,0,0,0.8235,1,0,0.8235,0.6548,0,10000,25949.1,80.3419,10000,3.9048
10,1100,200,1000,solar_max,0,0,0,0.821,1,0,0.821,0.6495,0,10000,25591.8,80.1356,10000,3.9048
10,1100,250,400,solar_min,0,0,0,1,1,0,1,0.6158,0,10000,33280.2,252.258,10000,8.61863
10,1100,250,400,nominal,0,0,0,1,1,0,1,0.6329,0,10000,30012,252.457,10000,8.61863
10,1100,250,400,solar_max,0,0,0,1,1,0,1,0.6291,0,10000,30379,252.709,173.761,8.61863
10,1100,250,500,solar_min,0,0,0,0.9992,1,0,0.9992,0.621,0,10000,31835.9,202.503,10000,6.99863
10,1100,250,500,nominal,0,0,0,0.9996,1,0,0.9996,0.6364,0,10000,28693.4,202.183,10000,6.99863
10,1100,250,500,solar_max,0,0,0,0.99925,1,0,0.99925,0.64065,0,10000,28282.6,201.86,173.761,6.99863
10,1100,250,619,solar_min,0,0,0,0.96135,1,0,0.96135,0.6326,0,10000,29508.3,163.358,10000,5.77491
10,1100,250,619,nominal,0,0,0,0.9621,1,0,0.9621,0.6421,0,10000,27710.4,163.764,10000,5.77491
10,1100,250,619,solar_max,0,0,0,0.963,1,0,0.963,0.65465,0,10000,26530,162.823,173.761,5.77491
10,1100,250,800,solar_min,0,0,0,0.8205,1,0,0.8205,0.64585,0,10000,27860.5,125.752,10000,4.64462
10,1100,250,800,nominal,0,0,0,0.82295,1,0,0.82295,0.6467,0,10000,27499,125.504,10000,4.64462
10,1100,250,800,solar_max,0,0,0,0.8166,1,0,0.8166,0.65285,0,10000,26604.9,126.284,173.761,4.64462
10,1100,250,1000,solar_min,0,0,0,0.60735,1,0,0.60735,0.6427,0,10000,27468.7,100.716,10000,3.9048
10,1100,250,1000,nominal,0,0,0,0.60345,1,0,0.60345,0.6503,0,10000,26406.3,100.859,10000,3.9048
10,1100,250,1000,solar_max,0,0,0,0.59775,1,0,0.59775,0.6512,0,10000,26329.4,101.064,173.761,3.9048
10,1200,150,400,solar_min,0,0,0,1,1,0,1,0.64115,0,10000,29093.9,146.57,10000,8.61863
10,1200,150,400,nominal,0,0,0,1,1,0,1,0.63775,0,10000,28714.7,147.033,10000,8.61863
10,1200,150,400,solar_max,0,0,0,1,1,0,1,0.64425,0,10000,27421.8,146.464,10000,8.61863
10,1200,150,500,solar_min,0,0,0,1,1,0,1,0.6412,0,10000,28407.1,117.871,10000,6.99863
10,1200,150,500,nominal,0,0,0,1,1,0,1,0.645,0,10000,27492.4,118.218,10000,6.99863
10,1200,150,500,solar_max,0,0,0,1,1,0,1,0.64675,0,10000,26794.9,117.119,10000,6.99863
10,1200,150,619,solar_min,0,0,0,1,1,0,1,0.647,0,10000,27384.3,94.774,10000,5.77491
10,1200,150,619,nominal,0,0,0,1,1,0,1,0.64745,0,10000,27486.8,94.4662,10000,5.77491
10,1200,150,619,solar_max,0,0,0,1,1,0,1,0.6512,0,10000,26191.5,95.2206,10000,5.77491
10,1200,150,800,solar_min,0,0,0,1,1,0,1,0.65205,0,10000,26183.7,73.2159,10000,4.64462
10,1200,150,800,nominal,0,0,0,1,1,0,1,0.64705,0,10000,26505.5,73.4506,10000,4.64462
10,1200,150,800,solar_max,0,0,0,1,1,0,1,0.65545,0,10000,24906.8,73.5474,10000,4.64462
10,1200,150,1000,solar_min,0,0,0,0.9801,1,0,0.9801,0.64775,0,10000,26289.2,59.0149,10000,3.9048
10,1200,150,1000,nominal,0,0,0,0.9782,1,0,0.9782,0.6569,0,10000,25824.1,58.7241,10000,3.9048
10,1200,150,1000,solar_max,0,0,0,0.9789,1,0,0.9789,0.6584,0,10000,25348,58.8891,10000,3.9048
10,1200,200,400,solar_min,0,0,0,1,1,0,1,0.6259,0,10000,30849.2,196.752,10000,8.61863
10,1200,200,400,nominal,0,0,0,1,1,0,1,0.62875,0,10000,30358.1,197.355,10000,8.61863
10,1200,200,400,solar_max,0,0,0,1,1,0,1,0.6365,0,10000,28974.1,196.161,10000,8.61863
10,1200,200,500,solar_min,0,0,0,1,1,0,1,0.63545,0,10000,29305.6,157.762,10000,6.99863
10,1200,200,500,nominal,0,0,0,1,1,0,1,0.63705,0,10000,29658.3,158.024,10000,6.99863
10,1200,200,500,solar_max,0,0,0,1,1,0,1,0.64005,0,10000,27896.7,158.257,10000,6.99863
10,1200,200,619,solar_min,0,0,0,1,1,0,1,0.6398,0,10000,28489,126.618,10000,5.77491
10,1200,200,619,nominal,0,0,0,1,1,0,1,0.64695,0,10000,27632.3,126.63,10000,5.77491
10,1200,200,619,solar_max,0,0,0,1,1,0,1,0.64665,0,10000,26770.9,127.344,10000,5.77491
10,1200,200,800,solar_min,0,0,0,0.95955,1,0,0.95955,0.6484,0,10000,26918.5,98.1115,10000,4.64462
10,1200,200,800,nominal,0,0,0,0.96,1,0,0.96,0.6508,0,10000,26830.2,98.3042,10000,4.64462
10,1200,200,800,solar_max,0,0,0,0.96005,1,0,0.96005,0.65775,0,10000,25350.7,98.5932,10000,4.64462
10,1200,200,1000,solar_min,0,0,0,0.8329,1,0,0.8329,0.6553,0,10000,26004.4,79.0845,10000,3.9048
10,1200,200,1000,nominal,0,0,0,0.84165,1,0,0.84165,0.64935,0,10000,26452.3,78.3989,10000,3.9048
10,1200,200,1000,solar_max,0,0,0,0.83275,1,0,0.83275,0.6581,0,10000,24841.8,79.2857,10000,3.9048
10,1200,250,400,solar_min,0,0,0,1,1,0,1,0.61825,0,10000,32557.5,248.606,10000,8.61863
10,1200,250,400,nominal,0,0,0,1,1,0,1,0.61965,0,10000,32557.9,247.483,10000,8.61863
10,1200,250,400,solar_max,0,0,0,1,1,0,1,0.6303,0,10000,30026.5,246.949,10000,8.61863
10,1200,250,500,solar_min,0,0,0,0.99985,1,0,0.99985,0.6291,0,10000,30647.8,198.099,10000,6.99863
10,1200,250,500,nominal,0,0,0,0.99985,1,0,0.99985,0.62935,0,10000,31031.7,197.855,10000,6.99863
10,1200,250,500,solar_max,0,0,0,0.99975,1,0,0.99975,0.63855,0,10000,28985.5,197.45,10000,6.99863
10,1200,250,619,solar_min,0,0,0,0.96855,1,0,0.96855,0.6313,0,10000,29756.4,159.63,10000,5.77491
10,1200,250,619,nominal,0,0,0,0.96915,1,0,0.96915,0.63785,0,10000,29472.3,159.571,10000,5.77491
10,1200,250,619,solar_max,0,0,0,0.96825,1,0,0.96825,0.64295,0,10000,27701.2,159.301,10000,5.77491
10,1200,250,800,solar_min,0,0,0,0.8349,1,0,0.8349,0.642,0,10000,28294.1,123.247,10000,4.64462
10,1200,250,800,nominal,0,0,0,0.83195,1,0,0.83195,0.64055,0,10000,28281.5,123.791,10000,4.64462
10,1200,250,800,solar_max,0,0,0,0.8323,1,0,0.8323,0.64925,0,10000,26365.8,123.506,10000,4.64462
10,1200,250,1000,solar_min,0,0,0,0.625,1,0,0.625,0.64065,0,10000,27783.1,98.7702,10000,3.9048
10,1200,250,1000,nominal,0,0,0,0.6251,1,0,0.6251,0.6461,0,10000,27131.9,98.8199,10000,3.9048
10,1200,250,1000,solar_max,0,0,0,0.621,1,0,0.621,0.65015,0,10000,26213.3,99.1296,10000,3.9048
